stock_code,publish_date,headline,category,url,is_premium,tag_slug
AWX,2026-03-20,Tan of DBS raises her target price for AEM to $4.30; recent rally has more room to go ,Broker's Calls,https://www.theedgesingapore.com/capital/brokers-calls/tan-dbs-raises-her-target-price-aem-430-recent-rally-has-more-room-go,true,aem
AWX,2024-06-25,AEM Holdings proposes to dispose shares in ATECO for $6.8 mil,Company in the news,https://www.theedgesingapore.com/news/company-news/aem-holdings-proposes-dispose-shares-ateco-68-mil,true,aem
AWX,2023-08-08,"CGS-CIMB downgrades AEM from 'add' to 'reduce', citing slower than expected recovery",Broker's Calls,https://www.theedgesingapore.com/capital/brokers-calls/cgs-cimb-downgrades-aem-add-reduce-citing-slower-expected-recovery,true,aem
AWX,2022-09-05,"UOB Kay Hian adds Nanofilm to its alpha picks portfolio, removes AEM, Venture and CDG",Broker's Calls,https://www.theedgesingapore.com/capital/brokers-calls/uob-kay-hian-adds-nanofilm-its-alpha-picks-portfolio-removes-aem-venture-and,true,aem
AWX,2026-06-08,"AEM, Top Glove, UIBREIT and PC Partner included in iEdge Singapore Next 50 following latest quarterly review",Markets,https://www.theedgesingapore.com/news/markets/aem-top-glove-uibreit-and-pc-partner-included-iedge-singapore-next-50-following-latest,true,aem-holdings
AWX,2026-06-02,Nvidia muscles into PC market with 'superchip' RTX Spark but Tan of DBS maintains 'buy' on AEM for now,Broker's Calls,https://www.theedgesingapore.com/capital/brokers-calls/nvidia-muscles-pc-market-superchip-rtx-spark-tan-dbs-maintains-buy-aem-now,true,aem-holdings
AWX,2026-05-15,AEM crosses $10 mark following wave of higher target prices post 1QFY2026 update,Broker's Calls,https://www.theedgesingapore.com/capital/brokers-calls/aem-crosses-10-mark-following-wave-higher-target-prices-post-1qfy2026-update,true,aem-holdings
AWX,2026-05-14,AEM jumps again following 1QFY2026 results; DBS raises target price to $11.80,Broker's Calls,https://www.theedgesingapore.com/capital/brokers-calls/aem-jumps-again-following-1qfy2026-results-dbs-raises-target-price-1180,true,aem-holdings
AWX,2026-05-13,AEM's 1QFY2026 earnings surge 329.4% y-o-y,Results,https://www.theedgesingapore.com/capital/results/aems-1qfy2026-earnings-surge-3294-y-o-y,true,aem-holdings
AWX,2026-05-03,JP Morgan takes some profit in AEM Holdings following substantial stake build up,Insider moves,https://www.theedgesingapore.com/capital/insider-moves/jp-morgan-takes-some-profit-aem-holdings-following-substantial-stake-build,true,aem-holdings
AWX,2026-04-30,Dire Straits hasn’t stopped the flow of Money for Nothing,Global Markets,https://www.theedgesingapore.com/views/global-markets/dire-straits-hasnt-stopped-flow-money-nothing,true,aem-holdings
AWX,2026-04-27,"Citing start of multi-year earnings growth cycle, CGS International's Tng doubles AEM's target price to $10.15",Broker's Calls,https://www.theedgesingapore.com/capital/brokers-calls/citing-start-multi-year-earnings-growth-cycle-cgs-internationals-tng-doubles,true,aem-holdings
AWX,2026-04-02,Beyond Intel: AEM’s next chapter is taking shape,Semiconductor,https://www.theedgesingapore.com/views/semiconductor/beyond-intel-aems-next-chapter-taking-shape,true,aem-holdings
AWX,2026-03-23,Taiwan's ASE to invest $12 mil in AEM via placement at $3.591 each,Semiconductor,https://www.theedgesingapore.com/news/semiconductor/taiwans-ase-invest-12-mil-aem-placement-3591-each,true,aem-holdings
A34,2026-05-15,Amara modernises for tomorrow’s traveller,Hospitality,https://www.theedgesingapore.com/cityandcountry/hospitality/amara-modernises-tomorrows-traveller,true,amara-holdings
A34,2025-07-18,Entity backed by Teo family and Wing Tai completes compulsory acquisition of Amara Holdings,Offer,https://www.theedgesingapore.com/news/offer/entity-backed-teo-family-and-wing-tai-completes-compulsory-acquisition-amara-holdings,true,amara-holdings
A34,2025-07-08,Amara Holdings receives approval from SGX to delist,Offer,https://www.theedgesingapore.com/news/offer/amara-holdings-receives-approval-sgx-delist,true,amara-holdings
A34,2025-05-27,W Capital declares offer for Amara Holdings fair and reasonable,Offer,https://www.theedgesingapore.com/news/offer/w-capital-declares-offer-amara-holdings-fair-and-reasonable,true,amara-holdings
A34,2025-05-16,Amara loses free float; offer declared unconditional,Offer,https://www.theedgesingapore.com/news/offer/amara-loses-free-float-offer-declared-unconditional,true,amara-holdings
A34,2025-05-07,Amara Holdings appoints W Capital Markets as independent financial adviser for privatisation offer,Delistings,https://www.theedgesingapore.com/news/delistings/amara-holdings-appoints-w-capital-markets-independent-financial-adviser,true,amara-holdings
A34,2025-04-28,"Amara Holdings receives 89.5 cents per share general offer from chairman Teo, Wing Tai, Hwa Hong and Newfields",Offer,https://www.theedgesingapore.com/news/offer/amara-holdings-receives-895-cents-share-general-offer-chairman-teo-wing-tai-hwa-hong-and,true,amara-holdings
A34,2025-04-07,Amara's second 'Local Legends' collaboration with chef Damian D'Silva,Dine in,https://www.theedgesingapore.com/options/dine/amaras-second-local-legends-collaboration-chef-damian-dsilva,true,amara-holdings
A34,2024-06-03,Amara Holdings appoints Dawn Teo as its COO,New appointments,https://www.theedgesingapore.com/news/new-appointments/amara-holdings-appoints-dawn-teo-its-coo,true,amara-holdings
A34,2024-01-02,Amara Holdings extends offer closing date to Jan 16,Offer,https://www.theedgesingapore.com/news/offer/amara-holdings-extends-offer-closing-date-jan-16,true,amara-holdings
XZL,2024-08-07,"ARA US Hospitality Trust posts DPS of 0.747 US cents DPS for 1HFY2024, down 50.2% y-o-y on higher financing costs",Results,https://www.theedgesingapore.com/capital/results/ara-us-hospitality-trust-posts-dps-0747-us-cents-dps-1hfy2024-down-502-y-o-y-higher,true,ara-us-hospitality-trust
XZL,2024-05-27,Gordon and Celine Tang to acquire manager of ARA US Hospitality Trust,REITs,https://www.theedgesingapore.com/news/reits/gordon-and-celine-tang-acquire-manager-ara-us-hospitality-trust,true,ara-us-hospitality-trust
XZL,2022-02-23,"ARA US Hospitality Trust announces DPU, plans selective divestment ",Results,https://www.theedgesingapore.com/capital/results/ara-us-hospitality-trust-announces-dpu-plans-selective-divestment,true,ara-us-hospitality-trust
XZL,2021-08-26,"Broker's Digest: Golden Energy and Resources, Genting Singapore, First Resources, Megachem, ARA US Hospitality Trust",Broker's Calls,https://www.theedgesingapore.com/capital/brokers-calls/brokers-digest-golden-energy-and-resources-genting-singapore-first-resources,true,ara-us-hospitality-trust
XZL,2021-06-04,"Recovery unlikely for Eagle Hospitality Trust's investors, as ARA H-Trust navigates Covid successfully",REITs,https://www.theedgesingapore.com/capital/reits/recovery-unlikely-eagle-hospitality-trusts-investors-ara-h-trust-navigates-covid,true,ara-us-hospitality-trust
XZL,2021-01-07,'Ready to fly' once travel resumes: DBS on ARA US Hospitality Trust,Broker's Calls,https://www.theedgesingapore.com/capital/brokers-calls/ready-fly-once-travel-resumes-dbs-ara-us-hospitality-trust,true,ara-us-hospitality-trust
XZL,2020-05-08,NAV may be better benchmark as REITs cut DPU ,REITs,https://www.theedgesingapore.com/capital/reits/nav-may-be-better-benchmark-reits-cut-dpu,true,ara-us-hospitality-trust
XZL,2020-04-17,Time to check out of hospitality trusts ,REITs,https://www.theedgesingapore.com/capital/reits/time-check-out-hospitality-trusts,true,ara-us-hospitality-trust
XZL,2020-02-28,"Covid-19 fallout hits hospitality trusts, retail ",REITs,https://www.theedgesingapore.com/capital/reits/covid-19-fallout-hits-hospitality-trusts-retail,true,ara-us-hospitality-trust
XZL,2020-02-21,US hospitality trusts face headwinds as fundamentals deteriorate,REITs,https://www.theedgesingapore.com/news/reits/us-hospitality-trusts-face-headwinds-fundamentals-deteriorate,true,ara-us-hospitality-trust
8AZ,2026-07-31,"Broker's Digest: Aztech Global, Raffles Medical, YZJ Shipbuilding, HPH Trust, iFAST, SGX, Singtel",Broker's Calls,https://www.theedgesingapore.com/capital/brokers-calls/brokers-digest-aztech-global-raffles-medical-yzj-shipbuilding-hph-trust-ifast,true,aztech-global
8AZ,2026-07-29,Cheong of UOBKH downgrades Aztech to 'hold' with softer second half,Broker's Calls,https://www.theedgesingapore.com/capital/brokers-calls/cheong-uobkh-downgrades-aztech-hold-softer-second-half,true,aztech-global
8AZ,2026-07-28,"Aztech reports 1HFY2026 earnings of $9.4 mil, down 41.7%; warns of 'softer' second half",Results,https://www.theedgesingapore.com/capital/results/aztech-reports-1hfy2026-earnings-94-mil-down-417-warns-softer-second-half,false,aztech-global
8AZ,2026-05-08,Aztech Global gains favour with wider customer base,Investing ideas,https://www.theedgesingapore.com/capital/investing-ideas/aztech-global-gains-favour-wider-customer-base,true,aztech-global
8AZ,2026-04-28,Aztech Global’s 1QFY2026 earnings up 166.7% y-o-y to $4 mil; secures six new project orders,Results,https://www.theedgesingapore.com/capital/results/aztech-globals-1qfy2026-earnings-1667-y-o-y-4-mil-secures-six-new-project-orders,true,aztech-global
8AZ,2025-10-24,"Broker's digest: StarHub, Aztech Global, OCBC, Centurion Corp, CSE Global",Broker's Calls,https://www.theedgesingapore.com/capital/brokers-calls/brokers-digest-starhub-aztech-global-ocbc-centurion-corp-cse-global,true,aztech-global
8AZ,2025-10-16,DBS and CGS International maintain ‘hold’ on Aztech Global,Broker's Calls,https://www.theedgesingapore.com/capital/brokers-calls/dbs-and-cgs-international-maintain-hold-aztech-global,true,aztech-global
8AZ,2025-10-15,Aztech Global's 3QFY2025 earnings down 21.2% y-o-y; secures more orders from broader customer base,Results,https://www.theedgesingapore.com/capital/results/aztech-globals-3qfy2025-earnings-down-212-y-o-y-secures-more-orders-broader-customer,true,aztech-global
8AZ,2025-08-14,Aztech Global leads AI-driven IoT charge,SGX Research Series: 10 in 10,https://www.theedgesingapore.com/news/sgx-research-series-10-10/aztech-global-leads-ai-driven-iot-charge,false,aztech-global
8AZ,2025-08-06,"UOBKH stays ‘overweight’ on S’pore tech, singles out Frencken, UMS and Valuetronics as top picks",Broker's Calls,https://www.theedgesingapore.com/capital/brokers-calls/uobkh-stays-overweight-spore-tech-singles-out-frencken-ums-and-valuetronics,true,aztech-global
CGN,2024-04-03,Best World makes $2.50 selective capital reduction offer to privatise company,Company in the news,https://www.theedgesingapore.com/news/company-news/best-world-makes-250-selective-capital-reduction-offer-privatise-company,true,best-world-international
CGN,2024-04-02,"EGM requisition withdrawn, says Best World",Company in the news,https://www.theedgesingapore.com/news/company-news/egm-requisition-withdrawn-says-best-world,true,best-world-international
CGN,2024-03-23,Best World's founders want EGM to delist company; other shareholders want EGM over cash and dividend,Delistings,https://www.theedgesingapore.com/news/delistings/best-worlds-founders-want-egm-delist-company-other-shareholders-want-egm-over-cash,true,best-world-international
CGN,2024-02-28,Best World’s 4QFY2023 earnings down 15.2% y-o-y to $40.4 million,Results,https://www.theedgesingapore.com/capital/results/best-worlds-4qfy2023-earnings-down-152-y-o-y-404-million,true,best-world-international
CGN,2023-10-06,Best World says it has given $140 mil back to shareholders during trading suspension period,Company in the news,https://www.theedgesingapore.com/news/company-news/best-world-says-it-has-given-140-mil-back-shareholders-during-trading-suspension,true,best-world-international
CGN,2022-11-30,Japan Foods embarks on share buybacks; Best World resumes trading and buybacks,Insider moves,https://www.theedgesingapore.com/capital/insider-moves/japan-foods-embarks-share-buybacks-best-world-resumes-trading-and-buybacks,true,best-world-international
CGN,2022-11-01,"Best World shares to resume trading on Nov 14, nearly four years after trading was suspended",Company in the news,https://www.theedgesingapore.com/news/company-news/best-world-shares-resume-trading-nov-14-nearly-four-years-after-trading-was,true,best-world-international
CGN,2022-10-05,"SGX RegCo has ""no objection"" to trading resumption of Best World shares",Company in the news,https://www.theedgesingapore.com/news/company-news/sgx-regco-has-no-objection-trading-resumption-best-world-shares,true,best-world-international
CGN,2022-10-02,Best World International submits trading resumption proposal,Company in the news,https://www.theedgesingapore.com/news/company-news/best-world-international-submits-trading-resumption-proposal,true,best-world-international
CGN,2021-09-17,Best World posts 83.8% growth in 1HFY2021 earnings to $77.3 mil,Results,https://www.theedgesingapore.com/capital/results/best-world-posts-838-growth-1hfy2021-earnings-773-mil,true,best-world-international
F9D,2025-06-26,OCBC's Lim raises fair value for Boustead Singapore to $1.63 on multiple favourable growth trends,Broker's Calls,https://www.theedgesingapore.com/capital/brokers-calls/ocbcs-lim-raises-fair-value-boustead-singapore-163-multiple-favourable-growth,true,boustead
F9D,2023-12-05,CGS-CIMB reiterates Boustead Singapore at 'add' and $1.40,Broker's Calls,https://www.theedgesingapore.com/capital/brokers-calls/cgs-cimb-reiterates-boustead-singapore-add-and-140,true,boustead
F9D,2021-10-22,"Metro acquires two properties in Singapore and Australia, appoints Ascott to manage Indonesia serviced residences",M&A,https://www.theedgesingapore.com/news/ma/metro-acquires-two-properties-singapore-and-australia-appoints-ascott-manage-indonesia,true,boustead
F9D,2017-02-10,Boustead Singapore posts 26% growth in 3Q earnings to $9.5 mil,Results,https://www.theedgesingapore.com/capital/results/boustead-singapore-posts-26-growth-3q-earnings-95-mil,true,boustead
B69,2025-12-05,Broadway Industrial Group to delist by way of selective capital reduction; exit offer price 26.2 cents per share,Offer,https://www.theedgesingapore.com/news/offer/broadway-industrial-group-delist-way-selective-capital-reduction-exit-offer-price-262,true,broadway-industrial-group
B69,2024-11-14,Broadway Industrial Group offer turns unconditional; offer will now close on Dec 23,Offer,https://www.theedgesingapore.com/news/offer/broadway-industrial-group-offer-turns-unconditional-offer-will-now-close-dec-23,true,broadway-industrial-group
B69,2024-10-28,Patec Taiwan makes privatisation offer for Broadway Industrial Group’s shares at 19.7 cents apiece,Offer,https://www.theedgesingapore.com/news/offer/patec-taiwan-makes-privatisation-offer-broadway-industrial-groups-shares-197-cents,true,broadway-industrial-group
B69,2024-03-13,Broadway Industrial Group’s freezing order lifted,Company in the news,https://www.theedgesingapore.com/news/company-news/broadway-industrial-groups-freezing-order-lifted,true,broadway-industrial-group
B69,2024-02-29,Broadway Industrial posts FY2023 earnings of $3.1 mil after 2HFY2023 turnaround,Results,https://www.theedgesingapore.com/capital/results/broadway-industrial-posts-fy2023-earnings-31-mil-after-2hfy2023-turnaround,true,broadway-industrial-group
B69,2024-01-03,Broadway Industrial Group shares jump after arbitration claims in China rejected,Company in the news,https://www.theedgesingapore.com/news/company-news/broadway-industrial-group-shares-jump-after-arbitration-claims-china-rejected,true,broadway-industrial-group
B69,2023-12-19,Broadway Industrial proposes disposal of subsidiary BIGL Beijing,Company in the news,https://www.theedgesingapore.com/news/company-news/broadway-industrial-proposes-disposal-subsidiary-bigl-beijing,true,broadway-industrial-group
B69,2023-11-30,Broadway Industrial's chairman Lew raises stake; OUE in steady buybacks,Insider moves,https://www.theedgesingapore.com/capital/insider-moves/broadway-industrials-chairman-lew-raises-stake-oue-steady-buybacks,true,broadway-industrial-group
B69,2023-04-14,Individuals jailed for insider trading in the shares of Broadway Industrial Group and other offences,Company in the news,https://www.theedgesingapore.com/news/company-news/individuals-jailed-insider-trading-shares-broadway-industrial-group-and-other,true,broadway-industrial-group
B69,2022-08-10,Broadway Industrial Group reports 4.7% lower earnings of $7.5 mil in the 1HFY2022,Results,https://www.theedgesingapore.com/capital/results/broadway-industrial-group-reports-47-lower-earnings-75-mil-1hfy2022,true,broadway-industrial-group
P8Z,2026-07-10,Scarce investments,Investing strategies,https://www.theedgesingapore.com/capital/investing-strategies/scarce-investments,true,bumitama-agri
P8Z,2026-05-14,RHB upgrades Bumitama Agri to 'neutral' after 15% share price retreat,Broker's Calls,https://www.theedgesingapore.com/capital/brokers-calls/rhb-upgrades-bumitama-agri-neutral-after-15-share-price-retreat,true,bumitama-agri
P8Z,2026-04-10,"Broker's Digest: Bumitama, Nam Cheong, UltraGreen.ai, Hafaray, Beng Kuang, Keppel, iFast, NTT DC REIT",Broker's Calls,https://www.theedgesingapore.com/capital/brokers-calls/brokers-digest-bumitama-nam-cheong-ultragreenai-hafaray-beng-kuang-keppel,true,bumitama-agri
P8Z,2025-09-26,"Brokers’ Digest: AEM, Lendlease, CSE, Megachem, OKP, Bumitama, Zixin",Broker's Calls,https://www.theedgesingapore.com/capital/brokers-calls/brokers-digest-aem-lendlease-cse-megachem-okp-bumitama-zixin,true,bumitama-agri
P8Z,2025-09-22,Bumitama’s valuations now fair following share price rerating,Broker's Calls,https://www.theedgesingapore.com/capital/brokers-calls/bumitamas-valuations-now-fair-following-share-price-rerating,true,bumitama-agri
P8Z,2025-08-27,OCBC's Lim raises fair value for Bumitama Agri second time in a fortnight,Broker's Calls,https://www.theedgesingapore.com/capital/brokers-calls/ocbcs-lim-raises-fair-value-bumitama-agri-second-time-fortnight,true,bumitama-agri
P8Z,2025-08-14,"Brokers’ Digest: Apac Realty, Beng Kuang Marine, Singtel, Bumitama Agri, YZJ Shipbuilding, Ever Glory United, DFI Retail",Broker's Calls,https://www.theedgesingapore.com/capital/brokers-calls/brokers-digest-apac-realty-beng-kuang-marine-singtel-bumitama-agri-yzj,true,bumitama-agri
P8Z,2025-08-12,OCBC's Lim raises fair value for Bumitama Agri following better than expected 1HFY2025 earnings,Broker's Calls,https://www.theedgesingapore.com/capital/brokers-calls/ocbcs-lim-raises-fair-value-bumitama-agri-following-better-expected-1hfy2025,true,bumitama-agri
P8Z,2025-07-09,RHB downgrades Bumitama Agri to 'neutral' with lower target price of 80 cents,Broker's Calls,https://www.theedgesingapore.com/capital/brokers-calls/rhb-downgrades-bumitama-agri-neutral-lower-target-price-80-cents,true,bumitama-agri
P8Z,2025-05-16,Analysts stay 'buy' on Bumitama Agri but trim target prices on lowered earnings estimates from higher costs,Broker's Calls,https://www.theedgesingapore.com/capital/brokers-calls/analysts-stay-buy-bumitama-agri-trim-target-prices-lowered-earnings-estimates,true,bumitama-agri
A17U,2026-07-10,Scarce investments,Investing strategies,https://www.theedgesingapore.com/capital/investing-strategies/scarce-investments,true,capitaland-ascendas-reit
A17U,2025-12-30,CapitaLand Ascendas REIT completes acquisition of three industrial and logistics properties for $565.8 million,REITs,https://www.theedgesingapore.com/news/reits/capitaland-ascendas-reit-completes-acquisition-three-industrial-and-logistics-properties,true,capitaland-ascendas-reit
A17U,2025-11-11,CapitaLand Ascendas REIT to divest logistics property in Queensland Australia for $90 mil,REITs,https://www.theedgesingapore.com/news/reits/capitaland-ascendas-reit-divest-logistics-property-queensland-australia-90-mil,true,capitaland-ascendas-reit
A17U,2025-02-06,CapitaLand Ascendas REIT's FY2024 DPU inches up by 0.3% y-o-y,Results,https://www.theedgesingapore.com/capital/results/capitaland-ascendas-reits-fy2024-dpu-inches-03-y-o-y,true,capitaland-ascendas-reit
A17U,2024-10-11,CLAR plans to divest Buroh property at significant premium to cost and valuation,REITs,https://www.theedgesingapore.com/news/reits/clar-plans-divest-buroh-property-significant-premium-cost-and-valuation,true,capitaland-ascendas-reit
A17U,2024-09-24,"Risk, opportunity for CLAR's data centre exposure",REITs,https://www.theedgesingapore.com/news/reits/risk-opportunity-clars-data-centre-exposure,true,capitaland-ascendas-reit
A17U,2024-08-30,"'Sunny days ahead' for S-REITs, says RHB analyst who keeps 'overweight' on the sector",Broker's Calls,https://www.theedgesingapore.com/capital/brokers-calls/sunny-days-ahead-s-reits-says-rhb-analyst-who-keeps-overweight-sector,true,capitaland-ascendas-reit
A17U,2024-06-06,Struggling Changi Business Park deals blow to Singapore's regional hub ambitions,Property,https://www.theedgesingapore.com/news/property/struggling-changi-business-park-deals-blow-singapores-regional-hub-ambitions,true,capitaland-ascendas-reit
A17U,2023-12-15,"With rates poised to dip, time to 'invest more' in S-REITs: DBS",Broker's Calls,https://www.theedgesingapore.com/capital/brokers-calls/rates-poised-dip-time-invest-more-s-reits-dbs,true,capitaland-ascendas-reit
A17U,2023-09-28,"Investing in data centres, the greener the better",Tech,https://www.theedgesingapore.com/news/tech/investing-data-centres-greener-better,true,capitaland-ascendas-reit
HMN,2026-07-31,CLAS expects uplift from Somerset Clarke Quay next year and will focus on six currencies,REIT Watch,https://www.theedgesingapore.com/news/reit-watch/clas-expects-uplift-somerset-clarke-quay-next-year-and-will-focus-six-currencies,true,capitaland-ascott-trust
HMN,2026-02-12,"S’pore hospitality to see ‘go time’ in 2026, STB forecasts increased visitor arrivals and tourist receipts: OCBC",Broker's Calls,https://www.theedgesingapore.com/capital/brokers-calls/spore-hospitality-see-go-time-2026-stb-forecasts-increased-visitor-arrivals,true,capitaland-ascott-trust
HMN,2026-01-29,CapitaLand Ascott Trust announces unchanged distribution per stapled security in FY2025 ,Results,https://www.theedgesingapore.com/capital/results/capitaland-ascott-trust-announces-unchanged-distribution-stapled-security-fy2025,true,capitaland-ascott-trust
AU8U,2026-04-15,JP Morgan lowers CLCT’s target price for June 2027 while GS initiates UIB REIT coverage,Broker's Calls,https://www.theedgesingapore.com/capital/brokers-calls/jp-morgan-lowers-clcts-target-price-june-2027-while-gs-initiates-uib-reit,true,capitaland-china-trust
AU8U,2025-07-16,"Listing of CLCR is positive for CLCT, says CEO of CLCT's manager ",REITs,https://www.theedgesingapore.com/news/reits/listing-clcr-positive-clct-says-ceo-clcts-manager,true,capitaland-china-trust
AU8U,2025-06-16,DBS keeps CLCT at 'buy'; impending IPO of CLCR to help narrow yield spread,Broker's Calls,https://www.theedgesingapore.com/capital/brokers-calls/dbs-keeps-clct-buy-impending-ipo-clcr-help-narrow-yield-spread,true,capitaland-china-trust
AU8U,2024-03-13,CapitaLand China Trust and Sasseur REIT are local proxies for the ‘China for China’ theme,REIT Watch,https://www.theedgesingapore.com/news/reit-watch/capitaland-china-trust-and-sasseur-reit-are-local-proxies-china-china-theme,true,capitaland-china-trust
AU8U,2024-01-30,CapitaLand China Trust's FY2023 DPU falls 10.1% y-o-y as retail improves but new economy struggles ,Results,https://www.theedgesingapore.com/capital/results/capitaland-china-trusts-fy2023-dpu-falls-101-retail-improves-new-economy-struggles,true,capitaland-china-trust
AU8U,2023-04-28,"With recovery underway, OCBC keeps 'buy' and $1.38 fair value on CLCT",Broker's Calls,https://www.theedgesingapore.com/capital/brokers-calls/recovery-underway-ocbc-keeps-buy-and-138-fair-value-clct,true,capitaland-china-trust
AU8U,2022-07-28,Results of CapitaLand China Trust trigger relook at capital management,REITs,https://www.theedgesingapore.com/capital/reits/results-capitaland-china-trust-trigger-relook-capital-management,true,capitaland-china-trust
AU8U,2022-01-06,Gainers and losers in 2021,REITs,https://www.theedgesingapore.com/capital/reits/gainers-and-losers-2021,true,capitaland-china-trust
CY6U,2026-07-31,"CLINT’s 1H DPU hit by weak INR, but growth drivers intact, CEO says",REIT Watch,https://www.theedgesingapore.com/news/reit-watch/clints-1h-dpu-hit-weak-inr-growth-drivers-intact-ceo-says,true,capitaland-india-trust
C38U,2026-08-14,CICT's growth drivers to support DPU,REIT Watch,https://www.theedgesingapore.com/news/reit-watch/cicts-growth-drivers-support-dpu,true,capitaland-integrated-commercial-trust
C38U,2026-07-10,Scarce investments,Investing strategies,https://www.theedgesingapore.com/capital/investing-strategies/scarce-investments,true,capitaland-integrated-commercial-trust
C38U,2026-04-24,Does Paragon need $300 mil to $600 mil of AEI?,Frankly Speaking,https://www.theedgesingapore.com/views/frankly-speaking/does-paragon-need-300-mil-600-mil-aei,true,capitaland-integrated-commercial-trust
9CI,2026-08-14,CLI plans new direction for the sponsor-REIT model following double-digit patmi growth,Frankly Speaking,https://www.theedgesingapore.com/views/frankly-speaking/cli-plans-new-direction-sponsor-reit-model-following-double-digit-patmi,true,capitaland-investment
9CI,2026-08-13,CLI reports 13% growth in operating Patmi and 14% growth in total Patmi in 1HFY2026,Results,https://www.theedgesingapore.com/capital/results/cli-reports-13-growth-operating-patmi-and-14-growth-total-patmi-1hfy2026,false,capitaland-investment
9CI,2026-07-24,"STI can reach 6,800 because of ‘Orchard Road effect’: Maybank Securities",Investing strategies,https://www.theedgesingapore.com/capital/investing-strategies/sti-can-reach-6800-because-orchard-road-effect-maybank-securities,true,capitaland-investment
9CI,2026-05-14,"Tourists treat Johor, Singapore as ‘single destination’: SBF leader",Malaysia,https://www.theedgesingapore.com/cityandcountry/malaysia/tourists-treat-johor-singapore-single-destination-sbf-leader,true,capitaland-investment
9CI,2026-02-11,'Platform' level combination 'best' way to merge CLI and Mapletree: UOBKH's Loh,Broker's Calls,https://www.theedgesingapore.com/capital/brokers-calls/platform-level-combination-best-way-merge-cli-and-mapletree-uobkhs-loh,true,capitaland-investment
9CI,2026-02-11,CLI plans second C-REIT with Raffles City Shenzhen ,Funds,https://www.theedgesingapore.com/news/funds/cli-plans-second-c-reit-raffles-city-shenzhen,true,capitaland-investment
9CI,2026-02-11,CapitaLand Investment's total patmi falls 70% y-o-y in FY2025 but operating Patmi gains 6%,Results,https://www.theedgesingapore.com/capital/results/capitaland-investments-total-patmi-falls-70-y-o-y-fy2025-operating-patmi-gains-6,true,capitaland-investment
9CI,2026-01-29,"With Temasek’s own shifts, CapitaLand-Mapletree merger has a ‘higher probability’: UBS",Investing strategies,https://www.theedgesingapore.com/cityandcountry/investing-strategies/temaseks-own-shifts-capitaland-mapletree-merger-has-higher,true,capitaland-investment
OU8,2026-08-21,"Broker's Digest: Info-Tech, Nordic, Frencken, Nanofilm, Starhub, HRnetGroup, Prime US REIT, Centurion, Wilmar",Broker's Calls,https://www.theedgesingapore.com/capital/brokers-calls/brokers-digest-info-tech-nordic-frencken-nanofilm-starhub-hrnetgroup-prime-us,true,centurion
OU8,2024-11-22,"Brokers’ Digest: AEM, Prime US REIT, Hyphens Pharma, Seatrium, Valuetronics, DFI Retail Group, CDG, Centurion, Sembcorp",Broker's Calls,https://www.theedgesingapore.com/capital/brokers-calls/brokers-digest-aem-prime-us-reit-hyphens-pharma-seatrium-valuetronics-dfi,true,centurion
OU8,2024-07-04,Centurion master leases property in Hong Kong's New Territories for workers' accommodation,Property,https://www.theedgesingapore.com/news/property/centurion-master-leases-property-hong-kongs-new-territories-workers-accommodation,true,centurion
OU8,2023-12-04,Centurion disposes of two Malaysian assets for RM227 mil,Company in the news,https://www.theedgesingapore.com/news/company-news/centurion-disposes-two-malaysian-assets-rm227-mil,true,centurion
OU8,2023-03-15,UOBKH keeps 'buy' on Centurion following robust PBWA demand,Broker's Calls,https://www.theedgesingapore.com/capital/brokers-calls/uobkh-keeps-buy-centurion-following-robust-pbwa-demand,true,centurion
OU8,2020-12-11,Dorm operator Centurion is overall sector winner; Alset offers shareholders best returns,Billion Dollar Club 2020,https://www.theedgesingapore.com/billion-dollar-club/billion-dollar-club-2020/dorm-operator-centurion-overall-sector-winner-alset,true,centurion
OU8,2020-05-08,Locking down the workforce ,Singapore economy,https://www.theedgesingapore.com/news/singapore-economy/locking-down-workforce,true,centurion
OU8,2017-03-02,This property stock was built to weather through the tough times,Broker's Calls,https://www.theedgesingapore.com/capital/brokers-calls/property-stock-was-built-weather-through-tough-times,true,centurion
OU8,2026-08-21,Centurion maintains aspirations for Malaysian REIT as CAREIT marks steady progress,PBSAs & PBWAs,https://www.theedgesingapore.com/news/pbsas-pbwas/centurion-maintains-aspirations-malaysian-reit-careit-marks-steady-progress,true,centurion-corporation
OU8,2026-08-14,"DBS, Maybank remain positive on Centurion Corp; Maybank ups TP to $1.78",Broker's Calls,https://www.theedgesingapore.com/capital/brokers-calls/dbs-maybank-remain-positive-centurion-corp-maybank-ups-tp-178,true,centurion-corporation
OU8,2026-08-13,"Centurion reports 1HFY2026 earnings of $26.5 mil, 64% lower y-o-y; declares dividend of 2 cents per share",Results,https://www.theedgesingapore.com/capital/results/centurion-reports-1hfy2026-earnings-265-mil-64-lower-y-o-y-declares-dividend-2-cents,false,centurion-corporation
OU8,2026-08-05,Centurion awarded Kranji Close purpose-built dormitory site,PBSAs & PBWAs,https://www.theedgesingapore.com/news/pbsas-pbwas/centurion-awarded-kranji-close-purpose-built-dormitory-site,false,centurion-corporation
OU8,2026-07-31,"Investors snapping up Hong Kong’s distressed hotels for PBSA conversion, with office blocks next",PBSAs & PBWAs,https://www.theedgesingapore.com/cityandcountry/pbsas-pbwas/investors-snapping-hong-kongs-distressed-hotels-pbsa-conversion-office,true,centurion-corporation
OU8,2026-07-17,"Broker's Digest: Food Empire, Centurion Corp, Ever Glory, JustCo, Aoxin Q&M, CNMC Goldmine",Broker's Calls,https://www.theedgesingapore.com/capital/brokers-calls/brokers-digest-food-empire-centurion-corp-ever-glory-justco-aoxin-qm-cnmc,true,centurion-corporation
OU8,2026-06-19,"Broker's Digest: Centurion Corp, Sembcorp, LHN, ThaiBev, Wee Hur, UI Boustead REIT, Lincotrade",Broker's Calls,https://www.theedgesingapore.com/capital/brokers-calls/brokers-digest-centurion-corp-sembcorp-lhn-thaibev-wee-hur-ui-boustead-reit,true,centurion-corporation
OU8,2026-06-17,"Centurion Corp acquires 25% stake in Perth PBSA for A$250,000",PBSAs & PBWAs,https://www.theedgesingapore.com/news/pbsas-pbwas/centurion-corp-acquires-25-stake-perth-pbsa-a250000,true,centurion-corporation
OU8,2026-06-11,Bed growth drives visibility: DBS Group Research initiates coverage on Centurion Corp at ‘buy’,Broker's Calls,https://www.theedgesingapore.com/capital/brokers-calls/bed-growth-drives-visibility-dbs-group-research-initiates-coverage-centurion,true,centurion-corporation
OU8,2026-05-15,Buybacks and capital discipline drive value-up,STI watch,https://www.theedgesingapore.com/capital/sti-watch/buybacks-and-capital-discipline-drive-value,true,centurion-corporation
C09,2026-05-19,DBS maintains 'buy' call and $12 target price on CDL following the return of 'experienced steward' Kwek Leng Peck,Broker's Calls,https://www.theedgesingapore.com/capital/brokers-calls/dbs-maintains-buy-call-and-12-target-price-cdl-following-return-experienced,true,city-developments
5TP,2026-08-24,PhillipCapital keeps ‘buy’ for CNMC Goldmine at lower valuation,Broker's Calls,https://www.theedgesingapore.com/capital/brokers-calls/phillipcapital-keeps-buy-cnmc-goldmine-lower-valuation,true,cnmc-goldmine
5TP,2026-08-14,CNMC Goldmine’s patmi up 17.8% y-o-y to US$18.6 mil; declares dividends of two cents,Results,https://www.theedgesingapore.com/news/results/cnmc-goldmines-patmi-178-y-o-y-us186-mil-declares-dividends-two-cents,false,cnmc-goldmine
5TP,2026-07-17,"Broker's Digest: Food Empire, Centurion Corp, Ever Glory, JustCo, Aoxin Q&M, CNMC Goldmine",Broker's Calls,https://www.theedgesingapore.com/capital/brokers-calls/brokers-digest-food-empire-centurion-corp-ever-glory-justco-aoxin-qm-cnmc,true,cnmc-goldmine
5TP,2026-07-10,Price retreat offers buying opportunity for CNMC Goldmine: Lim and Tan,Broker's Calls,https://www.theedgesingapore.com/capital/brokers-calls/price-retreat-offers-buying-opportunity-cnmc-goldmine-lim-and-tan,true,cnmc-goldmine
5TP,2026-01-29,CNMC Goldmine expects 'significantly' higher FY2025 earnings,Results,https://www.theedgesingapore.com/news/results/cnmc-goldmine-expects-significantly-higher-fy2025-earnings,true,cnmc-goldmine
5TP,2026-01-29,"Gold digging, pawning and jewellery retail lift off with gold",Gold,https://www.theedgesingapore.com/news/gold/gold-digging-pawning-and-jewellery-retail-lift-gold,false,cnmc-goldmine
5TP,2026-01-21,Lim & Tan Securities ups CNMC Goldmine’s TP to $1.53; says it’s a ‘great time’ to be a ‘gold digger’,Broker's Calls,https://www.theedgesingapore.com/capital/brokers-calls/lim-tan-securities-ups-cnmc-goldmines-tp-153-says-its-great-time-be-gold,true,cnmc-goldmine
5TP,2026-01-19,Gold brings more shine to CNMC Goldmine ,Broker's Calls,https://www.theedgesingapore.com/capital/brokers-calls/gold-brings-more-shine-cnmc-goldmine,true,cnmc-goldmine
5TP,2025-12-26,Addvalue Technologies’ near five-fold surge to  space leads SGX stocks this year,Stocks To Watch,https://www.theedgesingapore.com/news/stocks-watch/addvalue-technologies-near-five-fold-surge-space-leads-sgx-stocks-year,true,cnmc-goldmine
5TP,2025-10-03,Chew of PhillipCapital doubles target price for CNMC Goldmine to $1.34,Broker's Calls,https://www.theedgesingapore.com/capital/brokers-calls/chew-phillipcapital-doubles-target-price-cnmc-goldmine-134,true,cnmc-goldmine
C52,2026-08-18,"Citing FY2027 recovery, DBS and RHB raise respective target prices for ComfortDelGro",Broker's Calls,https://www.theedgesingapore.com/capital/brokers-calls/citing-fy2027-recovery-dbs-and-rhb-raise-respective-target-prices,true,comfortdelgro
C52,2026-07-17,ComfortDelGro's loss of latest bus package 'immaterial' to earnings: DBS,Broker's Calls,https://www.theedgesingapore.com/capital/brokers-calls/comfortdelgros-loss-latest-bus-package-immaterial-earnings-dbs,true,comfortdelgro
C52,2026-06-26,Is sentiment turning towards ComfortDelGro’s beaten-down shares?,Investing ideas,https://www.theedgesingapore.com/capital/investing-ideas/sentiment-turning-towards-comfortdelgros-beaten-down-shares,true,comfortdelgro
C52,2026-06-22,Moderate UK inflation outlook prompts DBS to upgrade ComfortDelGro to 'hold',Broker's Calls,https://www.theedgesingapore.com/capital/brokers-calls/moderate-uk-inflation-outlook-prompts-dbs-upgrade-comfortdelgro-hold,true,comfortdelgro
C52,2026-05-22,ComfortDelGro's largest shareholder tops up stake with open market buying at average of $1.29,Insider moves,https://www.theedgesingapore.com/capital/insider-moves/comfortdelgros-largest-shareholder-tops-stake-open-market-buying-average-129,true,comfortdelgro
C52,2026-03-05,ComfortDelGro's largest shareholder Silchester raises stake to 7.05% after buying 4 mil shares at $1.4629 each,Insider moves,https://www.theedgesingapore.com/capital/insider-moves/comfortdelgros-largest-shareholder-silchester-raises-stake-705-after-buying-4,true,comfortdelgro
C52,2026-02-24,SBS Transit reports lower earnings; declares special dividend bringing total FY2025 payout to 49.6 cents,Results,https://www.theedgesingapore.com/capital/results/sbs-transit-reports-lower-earnings-declares-special-dividend-bringing-total-fy2025,true,comfortdelgro
C52,2025-12-19,ComfortDelGro's autonomous driving plans shift a gear up,Autonomous vehicles,https://www.theedgesingapore.com/news/autonomous-vehicles/comfortdelgros-autonomous-driving-plans-shift-gear,true,comfortdelgro
C52,2025-11-20,ComfortDelGro group deputy CEO Derek Koh to retire next March; key leadership changes announced,New appointments,https://www.theedgesingapore.com/news/new-appointments/comfortdelgro-group-deputy-ceo-derek-koh-retire-next-march-key-leadership,true,comfortdelgro
C52,2025-11-12,ComfortDelGro’s 3QFY2025 patmi up by 22.4% y-o-y to $70.4 mil,Results,https://www.theedgesingapore.com/capital/results/comfortdelgros-3qfy2025-patmi-224-y-o-y-704-mil,true,comfortdelgro
C52,2023-07-04,ComfortDelGro wins New South Wales outer metropolitan bus tender worth over A$200 mil,Contracts,https://www.theedgesingapore.com/news/contracts/comfortdelgro-wins-new-south-wales-outer-metropolitan-bus-tender-worth-over-a200-mil,true,comfortdelgro-corporation
C52,2018-12-18,9 undervalued stocks to watch in the MSCI Singapore Index: KGI,Broker's Calls,https://www.theedgesingapore.com/capital/brokers-calls/9-undervalued-stocks-watch-msci-singapore-index-kgi,true,comfortdelgro-corporation
C52,2018-10-08,ComfortDelGro to launch multi-modal transport app Whim in 1Q19,Disruption and Digitalisation,https://www.theedgesingapore.com/disruption-and-digitalisation/comfortdelgro-launch-multi-modal-transport-app-whim-1q19,true,comfortdelgro-corporation
C52,2018-08-08,ComfortDelGro expands Australia operations with $136.2 mil worth of acquisitions ,M&A,https://www.theedgesingapore.com/ma/comfortdelgro-expands-australia-operations-1362-mil-worth-acquisitions,true,comfortdelgro-corporation
C52,2018-07-25,ComfortDelGro acquires local bus operator's chartering assets for $6.5 mil ,M&A,https://www.theedgesingapore.com/ma/comfortdelgro-acquires-local-bus-operators-chartering-assets-65-mil,true,comfortdelgro-corporation
C52,2018-05-15,Analysts see smoother traffic ahead for ComfortDelGro,Broker's Calls,https://www.theedgesingapore.com/capital/brokers-calls/analysts-see-smoother-traffic-ahead-comfortdelgro,true,comfortdelgro-corporation
C52,2018-02-02,Potential for ComfortDelGro's petrol business to offset declining diesel sales ,Broker's Calls,https://www.theedgesingapore.com/capital/brokers-calls/potential-comfortdelgros-petrol-business-offset-declining-diesel-sales,true,comfortdelgro-corporation
C52,2017-08-11,ComfortDelGro 2Q earnings fall 6.8% to $79.4 mil,Results,https://www.theedgesingapore.com/capital/results/comfortdelgro-2q-earnings-fall-68-794-mil,true,comfortdelgro-corporation
C52,2017-01-25,Singapore has rail network of the future in its sight,Daiwa's strategy for 2017,https://www.theedgesingapore.com/article/singapore-has-rail-network-future-its-sight,true,comfortdelgro-corporation
C52,2016-12-20,A case for defensive transport stocks,DBS looks into 2017,https://www.theedgesingapore.com/article/case-defensive-transport-stocks,true,comfortdelgro-corporation
C41,2026-04-02,"Watch stocks attract interest, Oiltek is overbought, STI’s consolidation continues ",Right Timing,https://www.theedgesingapore.com/capital/right-timing/watch-stocks-attract-interest-oiltek-overbought-stis-consolidation-continues,true,cortina-holdings
C41,2025-12-16,"Cortina Holdings to take over retail operations from luxury retailer in Victoria, Australia for A$24.5 mil",Retail,https://www.theedgesingapore.com/news/retail/cortina-holdings-take-over-retail-operations-luxury-retailer-victoria-australia-a245-mil,true,cortina-holdings
C41,2025-05-27,Cortina Holdings reports higher earnings of $63.6 mil for FY2025 up 4% y-o-y,Results,https://www.theedgesingapore.com/capital/results/cortina-holdings-reports-higher-earnings-636-mil-fy2025-4-y-o-y,true,cortina-holdings
C41,2024-11-26,Cortina's Lim family raises stake via married deal at $2.90 each,Insider moves,https://www.theedgesingapore.com/capital/insider-moves/cortinas-lim-family-raises-stake-married-deal-290-each,true,cortina-holdings
C41,2024-11-12,"Cortina Holdings reports 1HFY2025 profit after tax of $31.1 mil, down 8.6% y-o-y ",Results,https://www.theedgesingapore.com/capital/results/cortina-holdings-reports-1hfy2025-profit-after-tax-311-mil-down-86-y-o-y,true,cortina-holdings
C41,2024-11-12,Cortina Holdings tops all Centurion Club companies,Billion Dollar Club 2026,https://www.theedgesingapore.com/bdc-sector-winners/billion-dollar-club-2024/cortina-holdings-tops-all-centurion-club-companies,false,cortina-holdings
C41,2023-11-14,Cortina earnings down 18% y-o-y for 1HFY2024,Results,https://www.theedgesingapore.com/capital/results/cortina-earnings-down-18-y-o-y-1hfy2024,true,cortina-holdings
C41,2023-11-09,Cortina rides luxury watch boom; Bumitama Agri ekes out higher yields,Billion Dollar Club 2023,https://www.theedgesingapore.com/billion-dollar-club/billion-dollar-club-2023/cortina-rides-luxury-watch-boom-bumitama-agri-ekes-out,false,cortina-holdings
C41,2023-10-19,Cortina's Lim family raises stake via married deal; substantial shareholder of Union Steel buys more,Insider moves,https://www.theedgesingapore.com/capital/insider-moves/cortinas-lim-family-raises-stake-married-deal-substantial-shareholder-union,true,cortina-holdings
C41,2023-06-06,Cortina Holdings hit by cyber security attack,Company in the news,https://www.theedgesingapore.com/news/company-news/cortina-holdings-hit-cyber-security-attack,true,cortina-holdings
544,2026-08-17,Maybank sees CSE as proxy for US AI data centre boom; expects 2HFY2026 to be ‘much stronger’,Broker's Calls,https://www.theedgesingapore.com/capital/brokers-calls/maybank-sees-cse-proxy-us-ai-data-centre-boom-expects-2hfy2026-be-much,true,cse-global
544,2026-08-14,CSE Global secures major electrification contract in US worth $64.3 mil,Contracts,https://www.theedgesingapore.com/news/contracts/cse-global-secures-major-electrification-contract-us-worth-643-mil,false,cse-global
544,2026-08-13,CSE Global’s 1HFY2026 earnings down 19.3% y-o-y to $13.2 mil; declares interim dividend of 0.91 cents per share,Results,https://www.theedgesingapore.com/capital/results/cse-globals-1hfy2026-earnings-down-193-y-o-y-132-mil-declares-interim-dividend-091,false,cse-global
544,2026-08-07,CSE Global appoints Amitava Guharoy as lead independent director,New appointments,https://www.theedgesingapore.com/news/new-appointments/cse-global-appoints-amitava-guharoy-lead-independent-director,false,cse-global
544,2026-08-05,"CSE Global secures nearly $200 mil in new orders for 2QFY2026, down 5.8% y-o-y",Results,https://www.theedgesingapore.com/capital/results/cse-global-secures-nearly-200-mil-new-orders-2qfy2026-down-58-y-o-y,false,cse-global
544,2026-07-31,CSE Global’s clear earnings growth thanks to AWS rates it numerous ‘buy’ calls,Investing ideas,https://www.theedgesingapore.com/capital/investing-ideas/cse-globals-clear-earnings-growth-thanks-aws-rates-it-numerous-buy-calls,true,cse-global
544,2026-07-28,Analysts maintain positive stance on CSE Global following recent site visit,Broker's Calls,https://www.theedgesingapore.com/capital/brokers-calls/analysts-maintain-positive-stance-cse-global-following-recent-site-visit,true,cse-global
544,2026-07-24,RHB's Yeo keeps 'buy' on CSE Global following US$8 mil SEI acquisition,Broker's Calls,https://www.theedgesingapore.com/capital/brokers-calls/rhbs-yeo-keeps-buy-cse-global-following-us8-mil-sei-acquisition,true,cse-global
544,2026-07-22,CSE Global acquires wireless business in US for US$8 mil,M&A,https://www.theedgesingapore.com/news/ma/cse-global-acquires-wireless-business-us-us8-mil,true,cse-global
544,2026-07-03,Local firms powering Singapore’s strong green revenues,Investing strategies,https://www.theedgesingapore.com/capital/investing-strategies/local-firms-powering-singapores-strong-green-revenues,true,cse-global
BKW,2026-08-11,Datapulse's executive chairman Ang makes 15.5 cents per share offer to delist company,Company in the news,https://www.theedgesingapore.com/news/company-news/datapulses-executive-chairman-ang-makes-155-cents-share-offer-delist-company,false,datapulse-technology
BKW,2024-09-09,Datapulse Technology says it has not divested Harbourfront hotel ,Company in the news,https://www.theedgesingapore.com/news/company-news/datapulse-technology-says-it-has-not-divested-harbourfront-hotel,true,datapulse-technology
BKW,2023-06-05,"Intraco, Jadason Enterprises etc to be placed on SGX’s watch-list after losses in the last three financial years",Company in the news,https://www.theedgesingapore.com/news/company-news/intraco-be-placed-sgxs-watch-list-after-losses-last-three-financial-years,true,datapulse-technology
BKW,2022-10-27,Datapulse Technology director Yee buys shares; Daiwa House Logistics director raises stake,Insider moves,https://www.theedgesingapore.com/capital/insider-moves/datapulse-technology-director-yee-buys-shares-daiwa-house-logistics-director,true,datapulse-technology
BKW,2019-08-26,Datapulse says hotel-related deals flagged by SGX were on 'normal commercial terms',Management & Corporate Governance,https://www.theedgesingapore.com/management-corporate-governance/datapulse-says-hotel-related-deals-flagged-sgx-were-normal,true,datapulse-technology
BKW,2019-07-19,Datapulse issued notice of compliance by SGX over hotel-related deals,Management & Corporate Governance,https://www.theedgesingapore.com/management-corporate-governance/datapulse-issued-notice-compliance-sgx-over-hotel-related-deals,true,datapulse-technology
BKW,2019-07-09,Datapulse's hospitality quest on firmer footing with stake acquisition in local hotel,M&A,https://www.theedgesingapore.com/news/ma/datapulse-firmer-footing-hospitality-play-acquisition-local-hotel,true,datapulse-technology
BKW,2019-02-26,Datapulse slapped with writ of summons by ex-directors after partial payment of claim,Update,https://www.theedgesingapore.com/news/update/datapulse-slapped-writ-summons-ex-directors-after-partial-payment-claim,true,datapulse-technology
BKW,2018-12-17,Datapulse to acquire Seoul hotel for $42.7 mil,M&A,https://www.theedgesingapore.com/news/ma/datapulse-acquire-seoul-hotel-427-mil,true,datapulse-technology
BKW,2018-11-16,Datapulse to sell back haircare business Wayco just a year after acquisition,Management & Corporate Governance,https://www.theedgesingapore.com/management-corporate-governance/datapulse-sell-back-haircare-business-wayco-just-year-after,true,datapulse-technology
D05,2026-08-24,DBS and IBF to help prepare finance workers for AI-shaped roles,Banking & finance,https://www.theedgesingapore.com/digitaledge/banking-finance/dbs-and-ibf-help-prepare-finance-workers-ai-shaped-roles,false,dbs
D05,2026-08-22,"Retrenchments are due to restructuring, not AI: Jasmin Lau",Singapore economy,https://www.theedgesingapore.com/news/singapore-economy/retrenchments-are-due-restructuring-not-ai-jasmin-lau,false,dbs
D05,2026-08-21,How DBS gets to $1 trillion in AUM,Frankly Speaking,https://www.theedgesingapore.com/views/frankly-speaking/how-dbs-gets-1-trillion-aum,true,dbs
D05,2026-08-20,DBS CEO says AI’s pace could test corporate safeguards,Artificial Intelligence,https://www.theedgesingapore.com/digitaledge/artificial-intelligence/dbs-ceo-says-ais-pace-could-test-corporate-safeguards,false,dbs
D05,2026-08-13,DBS announces senior level appointments,Corporate moves,https://www.theedgesingapore.com/news/corporate-moves/dbs-announces-senior-level-appointments,false,dbs
D05,2026-08-11,DBS and CGSI raise targets for YZJ Shipbuilding on the back of record earnings and 'eye-popping' shipbuilding margin,Broker's Calls,https://www.theedgesingapore.com/capital/brokers-calls/dbs-and-cgsi-raise-targets-yzj-shipbuilding-back-record-earnings-and-eye,true,dbs
D05,2026-08-07,Central banks prop up gold as investor demand wanes. A case for gold?,Gold,https://www.theedgesingapore.com/capital/gold/central-banks-prop-gold-investor-demand-wanes-case-gold,true,dbs
D05,2026-08-06,DBS reports record quarter of $3.08 bil; wealth AUM crosses $500 bil mark,Banking & finance,https://www.theedgesingapore.com/news/banking-finance/dbs-reports-record-quarter-308-bil-wealth-aum-crosses-500-bil-mark,false,dbs
D05,2026-07-31,"‘Cheap’ power is key to winning global AI race, says energy analyst Bryce",Investing strategies,https://www.theedgesingapore.com/capital/investing-strategies/cheap-power-key-winning-global-ai-race-says-energy-analyst-bryce,true,dbs
D05,2026-07-28,"DBS, UOBKH and CGSI retain optimism in iFAST after profit growth in 2QFY2026",Broker's Calls,https://www.theedgesingapore.com/capital/brokers-calls/dbs-uobkh-and-cgsi-retain-optimism-ifast-after-profit-growth-2qfy2026,true,dbs
P34,2026-06-16,"Citing higher costs, RHB's Yeo lowers target price for Delfi to $1.21",Broker's Calls,https://www.theedgesingapore.com/capital/brokers-calls/citing-higher-costs-rhbs-yeo-lowers-target-price-delfi-121,true,delfi
P34,2026-05-22,"Chee of DBS maintains Delfi at 'hold' and $1 target price, warns of volatile rupiah",Broker's Calls,https://www.theedgesingapore.com/capital/brokers-calls/chee-dbs-maintains-delfi-hold-and-1-target-price-warns-volatile-rupiah,true,delfi
P34,2026-04-14,"With cocoa prices down, UOBKH and RHB raise target prices for Delfi",Broker's Calls,https://www.theedgesingapore.com/capital/brokers-calls/cocoa-prices-down-uobkh-and-rhb-raise-target-prices-delfi,true,delfi
P34,2025-12-11,Analysts' appetite on Delfi remains strong amid lower cocoa prices to drive margins and growth,Broker's Calls,https://www.theedgesingapore.com/capital/brokers-calls/analysts-appetite-delfi-remains-strong-amid-lower-cocoa-prices-drive-margins,true,delfi
P34,2024-11-14,"Delfi to see continued margin pressure, analysts keep ‘hold’ and ‘add’ calls",Broker's Calls,https://www.theedgesingapore.com/capital/brokers-calls/delfi-see-continued-margin-pressure-analysts-keep-hold-and-add-calls,true,delfi
P34,2024-08-29,"Brokers’ digest: Haidilao International Holding, CSE Global, Delfi",Broker's Calls,https://www.theedgesingapore.com/capital/brokers-calls/brokers-digest-haidilao-international-holding-cse-global-delfi,true,delfi
P34,2024-08-27,"Lim & Tan lowers target price for Delfi, as the chocolate manufacturer has 'attractive yields' while awaiting recovery",Broker's Calls,https://www.theedgesingapore.com/capital/brokers-calls/lim-tan-lowers-target-price-delfi-chocolate-manufacturer-has-attractive-yields,true,delfi
P34,2024-08-19,Delfi bracing for more near-term headwinds; CGSI lowers TP to 93 cents,Broker's Calls,https://www.theedgesingapore.com/capital/brokers-calls/delfi-bracing-more-near-term-headwinds-cgsi-lowers-tp-93-cents,true,delfi
P34,2024-06-07,"Brokers’ Digest: Sats, OUE REIT, Sembcorp, Valuetronics, Singtel, MPACT, Q&M, KDC REIT, Japan Foods, Boustead, Delfi",Broker's Calls,https://www.theedgesingapore.com/capital/brokers-calls/brokers-digest-sats-oue-reit-sembcorp-valuetronics-singtel-mpact-qm-kdc-reit,true,delfi
P34,2024-06-04,CGS International keeps ‘add’ on Delfi with lower TP of $1.10 on rising cocoa prices concerns,Broker's Calls,https://www.theedgesingapore.com/capital/brokers-calls/cgs-international-keeps-add-delfi-lower-tp-110-rising-cocoa-prices-concerns,true,delfi
D01,2026-08-07,Lamps and collectables reflect DFI’s recovery as it targets upper end of 2028 goals,Company in the news,https://www.theedgesingapore.com/news/company-news/lamps-and-collectables-reflect-dfis-recovery-it-targets-upper-end-2028-goals,true,dfi-retail-group
D01,2026-07-28,DFI reports 1HFY2026 earnings of US$118 mil vs loss of US$38 mil year earlier,Results,https://www.theedgesingapore.com/capital/results/dfi-reports-1hfy2026-earnings-us118-mil-vs-loss-us38-mil-year-earlier,false,dfi-retail-group
D01,2026-07-10,"Broker's Digest: FCT, Parkway Life REIT, Sembcorp Industries, DFI Retail, Sheng Siong, HRnetGroup, China Sunsine",Broker's Calls,https://www.theedgesingapore.com/capital/brokers-calls/brokers-digest-fct-parkway-life-reit-sembcorp-industries-dfi-retail-sheng,true,dfi-retail-group
D01,2026-07-06,Chee of DBS maintains 'buy' on DFI Retail following acquisition of HK advertising platform,Broker's Calls,https://www.theedgesingapore.com/capital/brokers-calls/chee-dbs-maintains-buy-dfi-retail-following-acquisition-hk-advertising,true,dfi-retail-group
D01,2026-04-24,DFI’s FY2026 off to ‘strong start’; ‘disciplined’ approach to potential supermarket merger,Investing ideas,https://www.theedgesingapore.com/capital/investing-ideas/dfis-fy2026-strong-start-disciplined-approach-potential-supermarket,true,dfi-retail-group
D01,2026-04-22,DBS maintains 'buy' and US$5 target price on DFI following 'strong start' to FY2026,Broker's Calls,https://www.theedgesingapore.com/capital/brokers-calls/dbs-maintains-buy-and-us5-target-price-dfi-following-strong-start-fy2026,true,dfi-retail-group
D01,2026-04-21,DFI's underlying profit from continuing operations up 49% y-o-y in 1QFY2026,Results,https://www.theedgesingapore.com/capital/results/dfis-underlying-profit-continuing-operations-49-y-o-y-1qfy2026,true,dfi-retail-group
D01,2026-04-17,Jardine and CK Hutchison in supermarket merger talks: FT,M&A,https://www.theedgesingapore.com/news/ma/jardine-and-ck-hutchison-supermarket-merger-talks-ft,true,dfi-retail-group
D01,2026-03-13,Does the new attitude at Jardines go well with STI’s own level-up?,Frankly Speaking,https://www.theedgesingapore.com/views/frankly-speaking/does-new-attitude-jardines-go-well-stis-own-level,true,dfi-retail-group
D01,2026-03-12,DFI speeds up transformation with divestments across Asia,Company in the news,https://www.theedgesingapore.com/news/company-news/dfi-speeds-transformation-divestments-across-asia,true,dfi-retail-group
D01,2025-12-12,"Top STI gainer DFI Retail lays down higher earnings targets, dividend payout",Investing ideas,https://www.theedgesingapore.com/capital/investing-ideas/top-sti-gainer-dfi-retail-lays-down-higher-earnings-targets-dividend-payout,true,dfi-retail-group-holdings
D01,2025-12-05,Analysts more confident on DFI’s Retail prospects following recent inaugural investor day,Broker's Calls,https://www.theedgesingapore.com/capital/brokers-calls/analysts-more-confident-dfis-retail-prospects-following-recent-inaugural,true,dfi-retail-group-holdings
D01,2025-07-22,DFI Retail Group announces special dividend of 44.30 US cents in 1HFY2025 results,Results,https://www.theedgesingapore.com/capital/results/dfi-retail-group-announces-special-dividend-4430-us-cents-1hfy2025-results,true,dfi-retail-group-holdings
D01,2025-06-09,"DFI is sitting on significant cash reserves and DBS expects reinvestments, special dividends and M&A",Broker's Calls,https://www.theedgesingapore.com/capital/brokers-calls/dfi-sitting-significant-cash-reserves-and-dbs-expects-reinvestments-special,true,dfi-retail-group-holdings
D01,2025-06-02,Analysts keep recommendation on DFI following Robinson Retail divestment,Broker's Calls,https://www.theedgesingapore.com/capital/brokers-calls/analysts-keep-recommendation-dfi-following-robinson-retail-divestment,true,dfi-retail-group-holdings
D01,2025-05-30,DFI Retail Group divests stake in Robinson Retail Holdings through special block sale on Philippine Stock Exchange,Company in the news,https://www.theedgesingapore.com/news/company-news/dfi-retail-group-divests-stake-robinson-retail-holdings-through-special-block-sale,true,dfi-retail-group-holdings
D01,2025-03-10,DFI Retail reports overall loss of US$244.5 mil for FY2024 from divestments and impairments,Results,https://www.theedgesingapore.com/capital/results/dfi-retail-reports-overall-loss-us2445-mil-fy2024-divestments-and-impairments,true,dfi-retail-group-holdings
D01,2024-06-19,RHB maintains ‘overweight’ on retail sector; names Sheng Siong and DFI as top picks,Broker's Calls,https://www.theedgesingapore.com/capital/brokers-calls/rhb-maintains-overweight-retail-sector-names-sheng-siong-and-dfi-top-picks,true,dfi-retail-group-holdings
D01,2024-01-05,RHB names Sheng Siong and DFI as top picks in ‘overweight’ retail sector,Broker's Calls,https://www.theedgesingapore.com/capital/brokers-calls/rhb-names-sheng-siong-and-dfi-top-picks-overweight-retail-sector,true,dfi-retail-group-holdings
D01,2023-08-01,Analysts mixed on DFI Retail Group despite return to profitability,Broker's Calls,https://www.theedgesingapore.com/capital/brokers-calls/analysts-mixed-dfi-retail-group-despite-return-profitability,true,dfi-retail-group-holdings
DCRU,2026-08-21,"Despite modest size, Singapore asset ticks many boxes for Digital Core REIT",REIT Watch,https://www.theedgesingapore.com/news/reit-watch/despite-modest-size-singapore-asset-ticks-many-boxes-digital-core-reit,true,digital-core-reit
DCRU,2026-08-12,Digital Core REIT expands APAC presence into Singapore and increases exposure in Japan,REITs,https://www.theedgesingapore.com/capital/reits/digital-core-reit-expands-apac-presence-singapore-and-increases-exposure-japan,false,digital-core-reit
DCRU,2026-04-24,"DBS, UOBKH and Beansprout maintain respective 'buy' calls on Digital Core REIT",Broker's Calls,https://www.theedgesingapore.com/capital/brokers-calls/dbs-uobkh-and-beansprout-maintain-respective-buy-calls-digital-core-reit,true,digital-core-reit
DCRU,2026-04-14,Cohen & Steers bought more Digital Core REIT units two days after it sold; bought back units worth US$3.9 mil,Insider moves,https://www.theedgesingapore.com/capital/insider-moves/cohen-steers-bought-more-digital-core-reit-units-two-days-after-it-sold-bought,true,digital-core-reit
DCRU,2026-02-04,Digital Core REIT's FY2025 DPU held steady at 3.60 US cents,Results,https://www.theedgesingapore.com/capital/results/digital-core-reits-fy2025-dpu-held-steady-360-us-cents,true,digital-core-reit
NO4,2024-12-17,Hanwha dismisses Dyna-Mac chairman and CEO Lim after business review,Company in the news,https://www.theedgesingapore.com/news/company-news/hanwha-dismisses-dyna-mac-chairman-and-ceo-lim-after-business-review,true,dyna-mac
NO4,2024-11-15,CCCS clears proposed acquisition of Dyna-Mac by Hanwha Ocean; offer turns unconditional in all aspects,Offer,https://www.theedgesingapore.com/news/offer/cccs-clears-proposed-acquisition-dyna-mac-hanwha-ocean,true,dyna-mac
NO4,2024-10-11,Dyna-Mac focuses on being global multi-disciplinary contractor for energy market,SGX Research Series: 10 in 10,https://www.theedgesingapore.com/capital/sgx-research-series-10-10/dyna-mac-focuses-being-global-multi-disciplinary-contractor-energy,true,dyna-mac
NO4,2024-10-10,Estate of Dyna-Mac’s founding shareholder issues follow-up statement after offer document,Offer,https://www.theedgesingapore.com/news/offer/estate-dyna-macs-founding-shareholder-issues-follow-statement-after-offer-document,true,dyna-mac
NO4,2024-10-03,"Briefs: Stand-off as Hanwha keeps 60-cent offer for Dyna-Mac in offer document, Elite UK REIT to divest Scotland office",Global Economy,https://www.theedgesingapore.com/news/global-economy/briefs-stand-hanwha-keeps-60-cent-offer-dyna-mac-offer-document-elite-uk-reit,true,dyna-mac
NO4,2024-10-02,Standoff as Hanwha keeps 60 cents offer price for Dyna-Mac in offer document ,Offer,https://www.theedgesingapore.com/news/offer/standoff-hanwha-keeps-60-cents-offer-price-dyna-mac-offer-document,true,dyna-mac
NO4,2024-09-26,Briefs: Hanwha Group explains offer price for Dyna-Mac; No increase in offer for Silverlake Axis; Anwar speaks in Johor,Singapore news,https://www.theedgesingapore.com/news/singapore-news/briefs-hanwha-group-explains-offer-price-dyna-mac-no-increase-offer-silverlake,true,dyna-mac
NO4,2024-09-25,Hanwha Group explains rationale behind Dyna-Mac’s offer price,Offer,https://www.theedgesingapore.com/news/offer/hanwha-group-explains-rationale-behind-dyna-macs-offer-price,true,dyna-mac
NO4,2024-07-25,"Brokers' Digest: UOB, Dyna-Mac, Sheng Siong, ST Engineering",Broker's Calls,https://www.theedgesingapore.com/capital/brokers-calls/brokers-digest-uob-dyna-mac-sheng-siong-st-engineering,true,dyna-mac
NO4,2024-06-06,"Maybank Securities raises STI target to 3,583 points",Broker's Calls,https://www.theedgesingapore.com/capital/brokers-calls/maybank-securities-raises-sti-target-3583-points,true,dyna-mac
NO4,2025-07-09,Fuji Offsets Plate Manufacturing halts talks for hospitality deal in Malaysia,Company in the news,https://www.theedgesingapore.com/news/company-news/fuji-offsets-plate-manufacturing-halts-talks-hospitality-deal-malaysia,true,dyna-mac-holdings
NO4,2024-11-20,Hanwha to exercise compulsory acquisition rights after stake in Dyna-Mac crosses 90%,M&A,https://www.theedgesingapore.com/news/ma/hanwha-exercise-compulsory-acquisition-rights-after-stake-dyna-mac-crosses-90,true,dyna-mac-holdings
NO4,2024-11-12,Pan-United marks sector win with focus on carbon mineralised concrete,Billion Dollar Club 2026,https://www.theedgesingapore.com/bdc-sector-winners/billion-dollar-club-2024/pan-united-marks-sector-win-focus-carbon-mineralised,false,dyna-mac-holdings
NO4,2024-09-18,ZICO Capital appointed as IFA for Dyna-Mac's offer,Offer,https://www.theedgesingapore.com/news/offer/zico-capital-appointed-ifa-dyna-macs-offer,true,dyna-mac-holdings
NO4,2024-08-08,"Dyna-Mac, ASL Marine and Jason Marine in focus",Offshore & Marine,https://www.theedgesingapore.com/news/offshore-marine/dyna-mac-asl-marine-and-jason-marine-focus,true,dyna-mac-holdings
NO4,2024-08-07,Maybank ups Dyna-Mac’s TP to 64 cents after ‘explosive’ 1HFY2024 results,Broker's Calls,https://www.theedgesingapore.com/capital/brokers-calls/maybank-ups-dyna-macs-tp-64-cents-after-explosive-1hfy2024-results,true,dyna-mac-holdings
NO4,2024-08-06,Dyna-Mac's net profit surges by more than 200% in 1HFY2024,Results,https://www.theedgesingapore.com/capital/results/dyna-macs-net-profit-surges-more-200-1hfy2024,true,dyna-mac-holdings
NO4,2024-07-22,Maybank ups Dyna-Mac’s target price to 62 cents following ‘positive profit alert’,Broker's Calls,https://www.theedgesingapore.com/capital/brokers-calls/maybank-ups-dyna-macs-target-price-62-cents-following-positive-profit-alert,true,dyna-mac-holdings
NO4,2024-06-20,"Citing revenue and margins growth, Maybank raises Dyna-Mac's target price to 52 cents",Broker's Calls,https://www.theedgesingapore.com/capital/brokers-calls/citing-revenue-and-margins-growth-maybank-raises-dyna-macs-target-price-52,true,dyna-mac-holdings
R14,2026-08-11,Eneco Energy to acquire 15 Gul Way for $24.2 mil,M&A,https://www.theedgesingapore.com/news/ma/eneco-energy-acquire-15-gul-way-242-mil,false,eneco-energy
R14,2026-04-27,Eneco Energy to acquire Fastweld Engineering Construction for a total consideration of $4.3 mil,M&A,https://www.theedgesingapore.com/news/ma/eneco-energy-acquire-fastweld-engineering-construction-total-consideration-43-mil,true,eneco-energy
R14,2026-02-02,Union Steel plans to sell engineering unit Fastweld to associate Eneco Energy,M&A,https://www.theedgesingapore.com/news/ma/union-steel-plans-sell-engineering-unit-fastweld-associate-eneco-energy,true,eneco-energy
R14,2025-07-21,Eneco Energy signs agreement to exclusively distribute solution that boosts onshore oil & gas production efficiency,Company in the news,https://www.theedgesingapore.com/news/company-news/eneco-energy-signs-agreement-exclusively-distribute-solution-boosts-onshore-oil,true,eneco-energy
R14,2025-07-11,"Union Steel disposes of yet another 30 mil shares in Eneco Energy for $345,000 via off-market transaction",Insider moves,https://www.theedgesingapore.com/capital/insider-moves/union-steel-disposes-yet-another-30-mil-shares-eneco-energy-345000-market,true,eneco-energy
R14,2025-07-01,Union Steel further disposes of 40 mil shares in Eneco Energy,Insider moves,https://www.theedgesingapore.com/capital/insider-moves/union-steel-further-disposes-40-mil-shares-eneco-energy,true,eneco-energy
R14,2025-05-28,"Union Steel sells 40 mil shares in Eneco Energy, gains gross proceeds of $20,000",Company in the news,https://www.theedgesingapore.com/news/company-news/union-steel-sells-40-mil-shares-eneco-energy-gains-gross-proceeds-20000,true,eneco-energy
R14,2025-03-13,Eneco Energy's Ang optimises business and elevates performance,kopi-C: the Company brew,https://www.theedgesingapore.com/news/kopi-c-company-brew/eneco-energys-ang-optimises-business-and-elevates-performance,false,eneco-energy
R14,2024-11-23,Union Steel acquires 29.4% stake in Eneco Energy for up to $7.5 mil,M&A,https://www.theedgesingapore.com/news/ma/union-steel-acquires-294-stake-eneco-energy-75-mil,true,eneco-energy
R14,2023-07-10,Eneco Energy appoints Ngo Yit Sung as executive director,New appointments,https://www.theedgesingapore.com/news/new-appointments/eneco-energy-appoints-ngo-yit-sung-executive-director,true,eneco-energy
BQD,2026-01-19,Envictus International’s indirect subsidiary to acquire factory and warehouse in Selangor for RM68 mil,M&A,https://www.theedgesingapore.com/news/ma/envictus-internationals-indirect-subsidiary-acquire-factory-and-warehouse-selangor-rm68-mil,true,envictus-international
BQD,2025-07-31,Bursa-listed Paramount Corp acquires 28% stake in Envictus International following deal at 45 cents per share,Company in the news,https://www.theedgesingapore.com/news/company-news/bursa-listed-paramount-corp-acquires-28-stake-envictus-international-following,true,envictus-international
BQD,2021-03-08,Hanwell appoints Sam Goi as non-executive chairman,New appointments,https://www.theedgesingapore.com/news/new-appointments/hanwell-appoints-sam-goi-non-executive-chairman,true,envictus-international
BQD,2018-05-07,Envictus disposing loss-making beverage business for $5.2 mil,Results,https://www.theedgesingapore.com/capital/results/envictus-disposing-loss-making-beverage-business-52-mil,true,envictus-international
BQD,2018-05-02,Envictus sinks deeper into in the red in 2Q on higher expenses ,Results,https://www.theedgesingapore.com/capital/results/envictus-sinks-deeper-red-2q-higher-expenses,true,envictus-international
BQD,2018-02-09,Envictus' 1Q losses widen to $1.6 mil on higher expenses,Results,https://www.theedgesingapore.com/capital/results/envictus-1q-losses-widen-16-mil-higher-expenses,true,envictus-international
J91U,2024-11-06,CGS International maintains ‘add’ call on ESR-LOGOS REIT on positive FY2025 guidance,Broker's Calls,https://www.theedgesingapore.com/capital/brokers-calls/cgs-international-maintains-add-call-esr-logos-reit-positive-fy2025-guidance,true,esr-logos-reit
J91U,2024-08-01,ESR-LOGOS REIT makes a bigger push into Japan,REITs,https://www.theedgesingapore.com/news/reits/esr-logos-reit-makes-bigger-push-japan,true,esr-logos-reit
J91U,2024-06-11,"Following divestments made in April, RHB lowers TP for ESR-LOGOS REIT",Broker's Calls,https://www.theedgesingapore.com/capital/brokers-calls/following-divestments-made-april-rhb-lowers-tp-esr-logos-reit,true,esr-logos-reit
J91U,2024-04-12,DBS keeps 'buy' call on ESR-LOGOS REIT following divestment of Australia property at premium to valuation,Broker's Calls,https://www.theedgesingapore.com/capital/brokers-calls/dbs-keeps-buy-call-esr-logos-reit-following-divestment-australia-property,true,esr-logos-reit
J91U,2024-02-01,"E-LOG’s FY2023 DPU declines by 14.5% on asset sale and EFR, proposes acquisition of stake in Japan Income Fund   ",Results,https://www.theedgesingapore.com/capital/results/e-logs-fy2023-dpu-declines-145-asset-sale-and-efr-proposes-acquisition-stake-japan,true,esr-logos-reit
J91U,2023-11-01,ESR-LOGOS starts buybacks; Wilmar's Kuok continues buying,Insider moves,https://www.theedgesingapore.com/capital/insider-moves/esr-logos-starts-buybacks-wilmars-kuok-continues-buying,true,esr-logos-reit
J91U,2023-10-02,DBS keeps 'buy' call on ESR-LOGOS REIT following sale of Tuas property at above valuation,Broker's Calls,https://www.theedgesingapore.com/capital/brokers-calls/dbs-keeps-buy-call-esr-logos-reit-following-sale-tuas-property-above-valuation,true,esr-logos-reit
J91U,2023-09-14,"E-Log’s manager explains 4R strategy of rejuvenation, recycling, recapitalising, reinforcing ",REITs Report 2023,https://www.theedgesingapore.com/capital/reits-report-2023/e-logs-manager-explains-4r-strategy-rejuvenation-recycling-recapitalising,false,esr-logos-reit
J91U,2023-06-14,RHB is positive on ESR-LOGOS REIT's asset rejuvenation plans,Broker's Calls,https://www.theedgesingapore.com/capital/brokers-calls/rhb-positive-esr-logos-reits-asset-rejuvenation-plans,true,esr-logos-reit
J91U,2023-04-28,CGS-CIMB and DBS stay upbeat on ESR-LOGOS REIT,Broker's Calls,https://www.theedgesingapore.com/capital/brokers-calls/cgs-cimb-and-dbs-stay-upbeat-esr-logos-reit,true,esr-logos-reit
9A4U,2026-08-14,"Broker's Digest: Venture, ESR-REIT, Ever Glory, Sasseur REIT, Delfi, Jardine Matheson, Elite UK REIT",Broker's Calls,https://www.theedgesingapore.com/capital/brokers-calls/brokers-digest-venture-esr-reit-ever-glory-sasseur-reit-delfi-jardine-matheson,true,esr-reit
J91U,2026-08-14,"Broker's Digest: Venture, ESR-REIT, Ever Glory, Sasseur REIT, Delfi, Jardine Matheson, Elite UK REIT",Broker's Calls,https://www.theedgesingapore.com/capital/brokers-calls/brokers-digest-venture-esr-reit-ever-glory-sasseur-reit-delfi-jardine-matheson,true,esr-reit
9A4U,2026-08-11,Lai of DBS likes ESR-REIT for active portfolio repositioning,Broker's Calls,https://www.theedgesingapore.com/capital/brokers-calls/lai-dbs-likes-esr-reit-active-portfolio-repositioning,true,esr-reit
J91U,2026-08-11,Lai of DBS likes ESR-REIT for active portfolio repositioning,Broker's Calls,https://www.theedgesingapore.com/capital/brokers-calls/lai-dbs-likes-esr-reit-active-portfolio-repositioning,true,esr-reit
9A4U,2026-08-07,"ESR-REIT to divest 15 Gul Way at 16.9% above valuation, default of rent payment in three Australian properties",REITs,https://www.theedgesingapore.com/news/reits/esr-reit-divest-15-gul-way-169-above-valuation-default-rent-payment-three-australian,false,esr-reit
J91U,2026-08-07,"ESR-REIT to divest 15 Gul Way at 16.9% above valuation, default of rent payment in three Australian properties",REITs,https://www.theedgesingapore.com/news/reits/esr-reit-divest-15-gul-way-169-above-valuation-default-rent-payment-three-australian,false,esr-reit
9A4U,2026-08-04,ESR-REIT achieves 100% occupancy for 29 Tai Seng Street AEI with 10-year lease,REITs,https://www.theedgesingapore.com/news/reits/esr-reit-achieves-100-occupancy-29-tai-seng-street-aei-10-year-lease,false,esr-reit
J91U,2026-08-04,ESR-REIT achieves 100% occupancy for 29 Tai Seng Street AEI with 10-year lease,REITs,https://www.theedgesingapore.com/news/reits/esr-reit-achieves-100-occupancy-29-tai-seng-street-aei-10-year-lease,false,esr-reit
9A4U,2026-07-31,"ESR-REIT sees no ‘surprises’ for cost of debt towards year-end, expects 29 Tai Seng to be fully occupied soon",Corporate moves,https://www.theedgesingapore.com/news/corporate-moves/esr-reit-sees-no-surprises-cost-debt-towards-year-end-expects-29-tai-seng-be,true,esr-reit
J91U,2026-07-31,"ESR-REIT sees no ‘surprises’ for cost of debt towards year-end, expects 29 Tai Seng to be fully occupied soon",Corporate moves,https://www.theedgesingapore.com/news/corporate-moves/esr-reit-sees-no-surprises-cost-debt-towards-year-end-expects-29-tai-seng-be,true,esr-reit
9A4U,2026-07-28,"ESR-REIT’s 1HFY2026 DPU rises 2.4% y-o-y to 11.51 cents, to divest 12 Ang Mo Kio Street 65 at 2.1% above valuation",Results,https://www.theedgesingapore.com/capital/results/esr-reits-1hfy2026-dpu-rises-24-y-o-y-1151-cents-divest-12-ang-mo-kio-street-65-21,false,esr-reit
J91U,2026-07-28,"ESR-REIT’s 1HFY2026 DPU rises 2.4% y-o-y to 11.51 cents, to divest 12 Ang Mo Kio Street 65 at 2.1% above valuation",Results,https://www.theedgesingapore.com/capital/results/esr-reits-1hfy2026-dpu-rises-24-y-o-y-1151-cents-divest-12-ang-mo-kio-street-65-21,false,esr-reit
9A4U,2026-07-23,ESR-REIT to acquire freehold logistics asset in Melbourne for A$52.5 mil,REITs,https://www.theedgesingapore.com/news/reits/esr-reit-acquire-freehold-logistics-asset-melbourne-a525-mil,true,esr-reit
J91U,2026-07-23,ESR-REIT to acquire freehold logistics asset in Melbourne for A$52.5 mil,REITs,https://www.theedgesingapore.com/news/reits/esr-reit-acquire-freehold-logistics-asset-melbourne-a525-mil,true,esr-reit
9A4U,2026-07-07,ESR-REIT to buy five Melbourne logistics assets from Frasers Property for A$276.8 mil,REITs,https://www.theedgesingapore.com/news/reits/esr-reit-buy-five-melbourne-logistics-assets-frasers-property-a2768-mil,true,esr-reit
J91U,2026-07-07,ESR-REIT to buy five Melbourne logistics assets from Frasers Property for A$276.8 mil,REITs,https://www.theedgesingapore.com/news/reits/esr-reit-buy-five-melbourne-logistics-assets-frasers-property-a2768-mil,true,esr-reit
9A4U,2026-05-08,"Broker's Digest: Elite UK REIT, ISDN Holdings, ESR-REIT, YZJ Maritime, Reclaims Global, CLI, SIA Engineering, Venture",Broker's Calls,https://www.theedgesingapore.com/capital/brokers-calls/brokers-digest-elite-uk-reit-isdn-holdings-esr-reit-yzj-maritime-reclaims,true,esr-reit
J91U,2026-05-08,"Broker's Digest: Elite UK REIT, ISDN Holdings, ESR-REIT, YZJ Maritime, Reclaims Global, CLI, SIA Engineering, Venture",Broker's Calls,https://www.theedgesingapore.com/capital/brokers-calls/brokers-digest-elite-uk-reit-isdn-holdings-esr-reit-yzj-maritime-reclaims,true,esr-reit
9A4U,2026-05-02,CGSI and DBS maintain bullish calls on ESR-REIT following 'resilient' 1QFY2026,Broker's Calls,https://www.theedgesingapore.com/capital/brokers-calls/cgsi-and-dbs-maintain-bullish-calls-esr-reit-following-resilient-1qfy2026,true,esr-reit
J91U,2026-05-02,CGSI and DBS maintain bullish calls on ESR-REIT following 'resilient' 1QFY2026,Broker's Calls,https://www.theedgesingapore.com/capital/brokers-calls/cgsi-and-dbs-maintain-bullish-calls-esr-reit-following-resilient-1qfy2026,true,esr-reit
EB5,2026-06-22,RHB upgrades First Resources to ‘buy’ at unchanged $3.70,Broker's Calls,https://www.theedgesingapore.com/capital/brokers-calls/rhb-upgrades-first-resources-buy-unchanged-370,true,first-resources
EB5,2025-11-14,Bumitama extend wins to overall sector and returns to shareholders; First Resources and Sheng Siong take respective wins,Billion Dollar Club 2025,https://www.theedgesingapore.com/bdc-sector-winners/billion-dollar-club-2025/bumitama-extend-wins-overall-sector-and-returns,false,first-resources
EB5,2025-11-14,"First Resources reports underlying net profit of US$239.6 million, up 58% y-o-y",Results,https://www.theedgesingapore.com/news/results/first-resources-reports-underlying-net-profit-us2396-million-58-y-o-y,true,first-resources
EB5,2025-07-09,First Resources improves ESG amid growth impetus from acquisition,Broker's Calls,https://www.theedgesingapore.com/capital/brokers-calls/first-resources-improves-esg-amid-growth-impetus-acquisition,true,first-resources
EB5,2025-03-27,"Brokers’ Digest: Food Empire Holdings, CNMC, AA REIT, Hong Leong Asia, Sats, First Resources, ISOTeam",Broker's Calls,https://www.theedgesingapore.com/capital/brokers-calls/brokers-digest-food-empire-holdings-cnmc-aa-reit-hong-leong-asia-sats-first,true,first-resources
EB5,2025-03-19,Maybank downgrades First Resources to ‘hold’ on limited upside to unchanged TP of $1.69,Broker's Calls,https://www.theedgesingapore.com/capital/brokers-calls/maybank-downgrades-first-resources-hold-limited-upside-unchanged-tp-169,true,first-resources
EB5,2024-12-19,"Brokers’ Digest: CapitaLand Investment, DBS, Sembcorp, Hong Leong Asia, First Resources",Broker's Calls,https://www.theedgesingapore.com/capital/brokers-calls/brokers-digest-capitaland-investment-dbs-sembcorp-hong-leong-asia-first,true,first-resources
EB5,2024-12-15,DBS keeps 'buy' on First Resources on firmer prices and better margins,Broker's Calls,https://www.theedgesingapore.com/capital/brokers-calls/dbs-keeps-buy-first-resources-firmer-prices-and-better-margins,true,first-resources
EB5,2024-11-12,"RHB raises CPO price assumptions, upgrades Bumitama to ‘buy’ ",Broker's Calls,https://www.theedgesingapore.com/capital/brokers-calls/rhb-raises-cpo-price-assumptions-upgrades-bumitama-buy,true,first-resources
EB5,2024-08-12,"RHB maintains 'neutral' on plantation sector, updates ESG scores",Broker's Calls,https://www.theedgesingapore.com/capital/brokers-calls/rhb-maintains-neutral-plantation-sector-updates-esg-scores,true,first-resources
F03,2026-08-12,Food Empire posts record 1HFY2026 NPAT of US$35.3 mil; declares dividend of 4 cents per share,Results,https://www.theedgesingapore.com/capital/results/food-empire-posts-record-1hfy2026-npat-us353-mil-declares-dividend-4-cents-share,false,food-empire
F03,2026-07-13,Tng of CGSI maintains 'add' on Food Empire; don't be 'distracted' by 'short term noise',Broker's Calls,https://www.theedgesingapore.com/capital/brokers-calls/tng-cgsi-maintains-add-food-empire-dont-be-distracted-short-term-noise,true,food-empire
F03,2026-07-06,CLSA starts Food Empire at ‘outperform’ with $3.60 target price,Broker's Calls,https://www.theedgesingapore.com/capital/brokers-calls/clsa-starts-food-empire-outperform-360-target-price,true,food-empire
F03,2026-06-26,It’s steady-drip growth for this instant coffee maker,Corporate moves,https://www.theedgesingapore.com/news/corporate-moves/its-steady-drip-growth-instant-coffee-maker,true,food-empire
F03,2026-06-26,"Broker's Digest: Zixin, SATS, Beng Kuang, CSE Global, Olam, Info-Tech, Food Empire",Broker's Calls,https://www.theedgesingapore.com/capital/brokers-calls/brokers-digest-zixin-sats-beng-kuang-cse-global-olam-info-tech-food-empire,true,food-empire
F03,2026-06-22,UOB Kay Hian maintains 'buy' call on Food Empire with $3.49 target price,Broker's Calls,https://www.theedgesingapore.com/capital/brokers-calls/uob-kay-hian-maintains-buy-call-food-empire-349-target-price,true,food-empire
F03,2026-06-12,"Broker's Digest: Tai Sin, OKP Holdings, CDL, Food Empire, Pan-United, Sanli Environmental, Sembcorp",Broker's Calls,https://www.theedgesingapore.com/capital/brokers-calls/brokers-digest-tai-sin-okp-holdings-cdl-food-empire-pan-united-sanli,true,food-empire
F03,2026-06-03,"RHB's Yeo maintains positive view on Food Empire, gives post-bonus issue target price of $3.36",Broker's Calls,https://www.theedgesingapore.com/capital/brokers-calls/rhbs-yeo-maintains-positive-view-food-empire-gives-post-bonus-issue-target,true,food-empire
F03,2026-05-13,Food Empire chalks up record 1Q revenue; plans one-for-five bonus issue,Results,https://www.theedgesingapore.com/capital/results/food-empire-chalks-record-1q-revenue-plans-one-five-bonus-issue,true,food-empire
F03,2026-01-21,Food Empire Holdings sold 1 mil treasury shares to international institutional investor,Company in the news,https://www.theedgesingapore.com/news/company-news/food-empire-holdings-sold-1-mil-treasury-shares-international-institutional,true,food-empire
F03,2026-07-17,"Broker's Digest: Food Empire, Centurion Corp, Ever Glory, JustCo, Aoxin Q&M, CNMC Goldmine",Broker's Calls,https://www.theedgesingapore.com/capital/brokers-calls/brokers-digest-food-empire-centurion-corp-ever-glory-justco-aoxin-qm-cnmc,true,food-empire-holdings
F03,2026-02-25,Food Empire marks 25th year as a listco with 'best performance ever',Results,https://www.theedgesingapore.com/capital/results/food-empire-marks-25th-year-listco-best-performance-ever,true,food-empire-holdings
F03,2026-02-03,DBS initiates coverage on Food Empire with $3.40 target price; flags Tata Consumer as possible suitor,Broker's Calls,https://www.theedgesingapore.com/capital/brokers-calls/dbs-initiates-coverage-food-empire-340-target-price-flags-tata-consumer,true,food-empire-holdings
F03,2026-01-16,Lion Global sees Singapore’s small- mid-cap emerging as an asset class,Investing strategies,https://www.theedgesingapore.com/capital/investing-strategies/lion-global-sees-singapores-small-mid-cap-emerging-asset-class,true,food-empire-holdings
F03,2025-11-12,Food Empire revenue up 28.3% y-o-y in 3QFY2025; on track to achieve fifth consecutive financial year of record topline,Results,https://www.theedgesingapore.com/capital/results/food-empire-revenue-283-y-o-y-3qfy2025-track-achieve-fifth-consecutive-financial,true,food-empire-holdings
F03,2025-09-16,Food Empire’s coffee says good morning to Vietnam,Investing ideas,https://www.theedgesingapore.com/capital/investing-ideas/food-empires-coffee-says-good-morning-vietnam,true,food-empire-holdings
F03,2025-09-11,"Brokers’ Digest: Suntec REIT, BRC Asia, YZJ Financial, CNMC Goldmine, Prime US REIT, Food Empire, Geo Energy Resources",Broker's Calls,https://www.theedgesingapore.com/capital/brokers-calls/brokers-digest-suntec-reit-brc-asia-yzj-financial-cnmc-goldmine-prime-us-reit,true,food-empire-holdings
F03,2025-08-28,"DBS has median fair value estimate of $2.68 on Food Empire, sees strength in Ikhlas investment and East Europe, Vietnam",Broker's Calls,https://www.theedgesingapore.com/capital/brokers-calls/dbs-has-median-fair-value-estimate-268-food-empire-sees-strength-ikhlas,true,food-empire-holdings
J69U,2026-02-12,FCT malls get a makeover with RTS in mind,REIT Watch,https://www.theedgesingapore.com/news/reit-watch/fct-malls-get-makeover-rts-mind,true,frasers-centrepoint-trust
J69U,2026-02-12,Facing the JB competition head-on ,REITs,https://www.theedgesingapore.com/news/reits/facing-jb-competition-head,true,frasers-centrepoint-trust
J69U,2025-09-23,Frasers Centrepoint Trust completes divestment of 10 strata lots at Yishun 10 for $34.5 mil,REITs,https://www.theedgesingapore.com/views/reits/frasers-centrepoint-trust-completes-divestment-10-strata-lots-yishun-10-345-mil,true,frasers-centrepoint-trust
J69U,2025-05-09,Frasers Property reports higher 1HFY2025 earnings with higher residential sales and absence of impairment,Results,https://www.theedgesingapore.com/capital/results/frasers-property-reports-higher-1hfy2025-earnings-higher-residential-sales-and,true,frasers-centrepoint-trust
J69U,2025-03-25,Frasers Centrepoint Trust to acquire Northpoint City South Wing for $1.17 billion,REITs,https://www.theedgesingapore.com/news/reits/frasers-centrepoint-trust-acquire-northpoint-city-south-wing-117-billion,true,frasers-centrepoint-trust
J69U,2025-03-14,Seven high-yield counters to look at with latest T-bill paying just 2.56%,Broker's Calls,https://www.theedgesingapore.com/capital/brokers-calls/seven-high-yield-counters-look-latest-t-bill-paying-just-256,true,frasers-centrepoint-trust
J69U,2025-02-03,"mm2's Cathay Cineplexes owes rent of more than $2.68 million, mulls restructuring",Company in the news,https://www.theedgesingapore.com/news/company-news/mm2s-cathay-cineplexes-owes-rent-more-268-million-mulls-restructuring,true,frasers-centrepoint-trust
J69U,2024-11-12,Four REITs tussle for top position in this year's Billion Dollar Club,Billion Dollar Club 2026,https://www.theedgesingapore.com/bdc-sector-winners/billion-dollar-club-2024/four-reits-tussle-top-position-years-billion-dollar-club,false,frasers-centrepoint-trust
J69U,2024-07-25,FCT feels positive and negative vibes from RTS,Singapore-Malaysia ties,https://www.theedgesingapore.com/news/reits/fct-feels-positive-and-negative-vibes-rts,true,frasers-centrepoint-trust
J69U,2024-01-26,FCT's private placement to fund additional stake in Nex 2.5x subscribed,REIT Watch,https://www.theedgesingapore.com/news/reit-watch/fcts-private-placement-fund-additional-stake-nex-25x-subscribed,true,frasers-centrepoint-trust
ACV,2025-07-12,SGX gives approval-in-principle to FHT to delist ,REITs,https://www.theedgesingapore.com/news/reits/sgx-gives-approval-principle-fht-delist,true,frasers-hospitality-trust
ACV,2025-05-15,Second privatisation offer for FHT at 1.11 times NAV is highest among S-REIT privatisations,REITs,https://www.theedgesingapore.com/news/reits/second-privatisation-offer-fht-111-times-nav-highest-among-s-reit-privatisations,true,frasers-hospitality-trust
ACV,2025-05-14,Frasers Property offers 71 cents per unit to privatise Frasers Hospitality Trust,Offer,https://www.theedgesingapore.com/news/offer/frasers-property-offers-71-cents-unit-privatise-frasers-hospitality-trust,true,frasers-hospitality-trust
ACV,2025-05-13,"Trading halt for FHT and sponsor Frasers Property, pending announcement ",Company in the news,https://www.theedgesingapore.com/news/company-news/trading-halt-fht-and-sponsor-frasers-property-pending-announcement,true,frasers-hospitality-trust
ACV,2025-05-06,"Strategic reviews and potential privatisations in SG, UK REIT sector",REIT Watch,https://www.theedgesingapore.com/capital/reit-watch/strategic-reviews-and-potential-privatisations-sg-uk-reit-sector,true,frasers-hospitality-trust
ACV,2025-05-06,FHT reports lower DPS for 1HFY2025,REITs,https://www.theedgesingapore.com/capital/reits/fht-reports-lower-dps-1hfy2025,true,frasers-hospitality-trust
ACV,2024-05-14,Frasers Property sells Fraser Residence River Promenade to Tuan Sing for $140.9 million,Property,https://www.theedgesingapore.com/news/property/frasers-property-sells-fraser-residence-river-promenade-tuan-sing-1409-million,true,frasers-hospitality-trust
ACV,2022-11-04,FHT reports higher distribution of 0.9316 cents per unit,Results,https://www.theedgesingapore.com/capital/results/fht-reports-higher-distribution-09316-cents-unit,true,frasers-hospitality-trust
ACV,2022-09-22,Be prepared for the train to Busan,Global Markets,https://www.theedgesingapore.com/views/global-markets/be-prepared-train-busan,true,frasers-hospitality-trust
ACV,2022-09-14,"Moya Holdings Asia, Singapore Medical Group receive separate privatisation offers",Company in the news,https://www.theedgesingapore.com/capital/company-news/moya-holdings-asia-singapore-medical-group-receive-separate-privatisation,true,frasers-hospitality-trust
BUOU,2025-01-02,UOB Kay Hian keeps FLCT at 'buy' but with lower target price of $1.33 following higher taxes in Australia,Broker's Calls,https://www.theedgesingapore.com/capital/brokers-calls/uob-kay-hian-keeps-flct-buy-lower-target-price-133-following-higher-taxes,true,frasers-logistics-commercial-trust
BUOU,2023-12-05,"Citi lowers FLCT's TP to $1.24, cuts FY2024 and FY2025 DPU estimates by 8.4%",Broker's Calls,https://www.theedgesingapore.com/capital/brokers-calls/citi-lowers-flcts-tp-124-cuts-fy2024-and-fy2025-dpu-estimates-84,true,frasers-logistics-commercial-trust
BUOU,2023-10-17,"Industrial S-REITs with exposure to Australia, UK and Europe are 'unjustifiably' sold off: DBS",Broker's Calls,https://www.theedgesingapore.com/capital/brokers-calls/industrial-s-reits-exposure-australia-uk-and-europe-are-unjustifiably-sold-dbs,true,frasers-logistics-commercial-trust
BUOU,2023-02-23,"DBS maintains 'buy' on FLCT for now, as major tenant Google cuts back",Broker's Calls,https://www.theedgesingapore.com/news/brokers-calls/dbs-maintains-buy-flct-now-major-tenant-google-cuts-back,true,frasers-logistics-commercial-trust
BUOU,2023-02-22,"Google to vacate ""a portion"" of space at FLCT's Alexandra Technopark",REITs,https://www.theedgesingapore.com/news/reits/google-vacate-portion-space-flcts-alexandra-technopark,true,frasers-logistics-commercial-trust
BUOU,2022-11-15,DBS maintains 'buy' on FLCT on the back of healthy portfolio fundamentals and positive rental reversions,Broker's Calls,https://www.theedgesingapore.com/capital/brokers-calls/dbs-maintains-buy-flct-back-healthy-portfolio-fundamentals-and-positive-rental,true,frasers-logistics-commercial-trust
BUOU,2021-08-04,"FLCT sees ""no material impact"" from pandemic on its portfolio of largely logistics properties",Results,https://www.theedgesingapore.com/capital/results/flct-sees-no-material-impact-pandemic-its-portfolio-largely-logistics-properties,true,frasers-logistics-commercial-trust
BUOU,2021-02-11,Frasers Property plans $1.28 billion rights issue to acquire more industrial and logistics assets,Property,https://www.theedgesingapore.com/news/property/frasers-property-plans-128-billion-rights-issue-acquire-more-industrial-and-logistics,true,frasers-logistics-commercial-trust
BUOU,2021-01-15,Rotational interest in index stocks to drive STI higher,Right Timing,https://www.theedgesingapore.com/capital/right-timing/rotational-interest-index-stocks-drive-sti-higher,true,frasers-logistics-commercial-trust
BUOU,2021-01-15,"FLCT gains strength, Ascendas REIT languishes, activist hedge fund divests some Sabana REIT",Right Timing,https://www.theedgesingapore.com/capital/right-timing/flct-gains-strength-ascendas-reit-languishes-activist-hedge-fund-divests-some,true,frasers-logistics-commercial-trust
E28,2026-08-21,"Broker's Digest: Info-Tech, Nordic, Frencken, Nanofilm, Starhub, HRnetGroup, Prime US REIT, Centurion, Wilmar",Broker's Calls,https://www.theedgesingapore.com/capital/brokers-calls/brokers-digest-info-tech-nordic-frencken-nanofilm-starhub-hrnetgroup-prime-us,true,frencken
E28,2026-08-07,"Macquarie Capital sees STI heading towards 6,000, bullish on tech manufacturing counters",Investing strategies,https://www.theedgesingapore.com/capital/investing-strategies/macquarie-capital-sees-sti-heading-towards-6000-bullish-tech,true,frencken
E28,2026-07-16,"‘Healthy cocktail’ gives Macquarie the buzz to upgrade STI target by 33% to 6,000 points",Stock Picks 2026,https://www.theedgesingapore.com/capital/stock-picks-2026/healthy-cocktail-gives-macquarie-buzz-upgrade-sti-target-33-6000-points,true,frencken
E28,2026-06-05,Fund manager Amova raises stake in Frencken to above 6%,Insider moves,https://www.theedgesingapore.com/capital/insider-moves/fund-manager-amova-raises-stake-frencken-above-6,true,frencken
E28,2026-04-07,"Frencken's Au trims stake with 70,000 shares sold at $2.15 each",Insider moves,https://www.theedgesingapore.com/capital/insider-moves/frenckens-au-trims-stake-70000-shares-sold-215-each,true,frencken
E28,2026-03-27,"Broker's Digest: LHN, Addvalue, Manulife US REIT, Frencken, Nam Cheong, TeleChoice, CLCT, Singtel",Broker's Calls,https://www.theedgesingapore.com/capital/brokers-calls/brokers-digest-lhn-addvalue-manulife-us-reit-frencken-nam-cheong-telechoice,true,frencken
E28,2025-11-17,"Frencken's 3QFY2025 earnings up 7.5% y-o-y to $9.9 million, guides for softer 2HFY2025 revenue",Results,https://www.theedgesingapore.com/capital/results/frenckens-3qfy2025-earnings-75-y-o-y-99-million-guides-softer-2hfy2025-revenue,true,frencken
E28,2025-06-03,Frencken to invest $63 mil in new manufacturing site at Kaki Bukit,Company in the news,https://www.theedgesingapore.com/news/company-news/frencken-invest-63-mil-new-manufacturing-site-kaki-bukit,true,frencken
E28,2024-05-20,"Positive sentiment on Frencken, analysts keep ‘buy’ in anticipation of semicon recovery",Broker's Calls,https://www.theedgesingapore.com/capital/brokers-calls/positive-sentiment-frencken-analysts-keep-buy-anticipation-semicon-recovery,true,frencken
E28,2023-11-24,Maybank lifts Frencken’s TP to $1.39 after positive 3QFY2023,Broker's Calls,https://www.theedgesingapore.com/capital/brokers-calls/maybank-lifts-frenckens-tp-139-after-positive-3qfy2023,true,frencken
E28,2026-08-14,"With an eye on stronger second half and beyond, analysts stay bullish on Frencken",Broker's Calls,https://www.theedgesingapore.com/capital/brokers-calls/eye-stronger-second-half-and-beyond-analysts-stay-bullish-frencken,true,frencken-group
E28,2026-08-13,"Frencken’s 1HFY2026 earnings down 3.4% y-o-y to $19.3 mil, guides for higher revenue in 2HFY2026",Results,https://www.theedgesingapore.com/capital/results/frenckens-1hfy2026-earnings-down-34-y-o-y-193-mil-guides-higher-revenue-2hfy2026,false,frencken-group
E28,2026-07-10,Scarce investments,Investing strategies,https://www.theedgesingapore.com/capital/investing-strategies/scarce-investments,true,frencken-group
E28,2026-04-05,"Right after Valuetronics, fund manager Amova emerges as a substantial shareholder of Frencken Group",Insider moves,https://www.theedgesingapore.com/capital/insider-moves/right-after-valuetronics-fund-manager-amova-emerges-substantial-shareholder,true,frencken-group
E28,2026-03-19,RHB's Yeo raises target price for Frencken from $2.03 to $2.56,Broker's Calls,https://www.theedgesingapore.com/capital/brokers-calls/rhbs-yeo-raises-target-price-frencken-203-256,true,frencken-group
E28,2026-03-13,Frencken’s 2H comes in line but poised for pick-up in semiconductor-related demand,Investing ideas,https://www.theedgesingapore.com/capital/investing-ideas/frenckens-2h-comes-line-poised-pick-semiconductor-related-demand,true,frencken-group
E28,2026-03-05,CGSI downgrades Frencken to ‘hold’ as stock reflects semicon optimism,Broker's Calls,https://www.theedgesingapore.com/capital/brokers-calls/cgsi-downgrades-frencken-hold-stock-reflects-semicon-optimism,true,frencken-group
E28,2026-02-06,RHB's Yeo raises Frencken's target price to $2.03 with demand picking up from customer restocking,Broker's Calls,https://www.theedgesingapore.com/capital/brokers-calls/rhbs-yeo-raises-frenckens-target-price-203-demand-picking-customer-restocking,true,frencken-group
E28,2026-01-19,"Frencken Group to see pick up in semiconductor-related orders in 2HFY2026, says Macquarie",Broker's Calls,https://www.theedgesingapore.com/capital/brokers-calls/frencken-group-see-pick-semiconductor-related-orders-2hfy2026-says-macquarie,true,frencken-group
E28,2026-02-13,"Brokers' Digest: Sheng Siong Group, Frencken Group, Fraser and Neave",Broker's Calls,https://www.theedgesingapore.com/capital/brokers-calls/brokers-digest-sheng-siong-group-frencken-group-fraser-and-neave,true,frencken-group-limited
E28,2025-11-21," Frencken guides for softer FY2026, but stays upbeat on longer-term prospects",Investing ideas,https://www.theedgesingapore.com/capital/investing-ideas/frencken-guides-softer-fy2026-stays-upbeat-longer-term-prospects,true,frencken-group-limited
E28,2025-11-18,Analysts trims target prices for Frencken following 3QFY2025 business update,Broker's Calls,https://www.theedgesingapore.com/capital/brokers-calls/analysts-trims-target-prices-frencken-following-3qfy2025-business-update,true,frencken-group-limited
E28,2025-08-14,Frencken Group posts higher earnings of $19.9 mil for 1HFY2025 from semiconductor sales growth in Europe and Asia,Results,https://www.theedgesingapore.com/capital/results/frencken-group-posts-higher-earnings-199-mil-1hfy2025-semiconductor-sales-growth,true,frencken-group-limited
E28,2023-11-23,DBS upgrades Frencken to ‘buy’ with higher TP of $1.33,Broker's Calls,https://www.theedgesingapore.com/capital/brokers-calls/dbs-upgrades-frencken-buy-higher-tp-133,true,frencken-group-limited
E28,2023-11-10,"Brokers' Digest: Japfa, HRnetGroup, Keppel Infrastructure Trust, Frencken",Broker's Calls,https://www.theedgesingapore.com/capital/brokers-calls/brokers-digest-japfa-hrnetgroup-keppel-infrastructure-trust-frencken,true,frencken-group-limited
E28,2023-11-02,"UOBKH adds SIA Engineering, Singtel, Food Empire, Frencken and Far East Hospitality Trust to November alpha picks",Broker's Calls,https://www.theedgesingapore.com/capital/brokers-calls/uobkh-adds-sia-engineering-singtel-food-empire-frencken-and-far-east,true,frencken-group-limited
E28,2023-10-20,CGS-CIMB lifts Frencken’s TP to $1.37 on improving outlook,Broker's Calls,https://www.theedgesingapore.com/capital/brokers-calls/cgs-cimb-lifts-frenckens-tp-137-improving-outlook,true,frencken-group-limited
E28,2023-08-14,"Frencken reports 1HFY2023 earnings of $12.1 mil, down 53.8% y-o-y",Results,https://www.theedgesingapore.com/capital/results/frencken-reports-1hfy2023-earnings-121-mil-down-538-y-o-y,true,frencken-group-limited
G13,2026-08-13,Genting Singapore’s 1HFY2026 earnings down 34% y-o-y to $156 mil; declares interim dividend of 2 cents per share,Results,https://www.theedgesingapore.com/capital/results/genting-singapores-1hfy2026-earnings-down-34-y-o-y-156-mil-declares-interim,false,genting-singapore
G13,2026-07-23,‘World Cup distracts high-value gaming patrons’: DBS maintains ‘hold’ on Genting Singapore,Broker's Calls,https://www.theedgesingapore.com/capital/brokers-calls/world-cup-distracts-high-value-gaming-patrons-dbs-maintains-hold-genting,true,genting-singapore
G13,2026-06-12,Could Genting Singapore be doing more with its cash?,Frankly Speaking,https://www.theedgesingapore.com/views/frankly-speaking/could-genting-singapore-be-doing-more-its-cash,true,genting-singapore
G13,2026-05-15,‘Disappointing’ 1Q prompts analysts to lower Genting Singapore’s target price,Investing ideas,https://www.theedgesingapore.com/capital/investing-ideas/disappointing-1q-prompts-analysts-lower-genting-singapores-target-price,true,genting-singapore
G13,2026-05-13,Genting Singapore shares down 10% on heavy volume; continues buyback of 4 mil shares,Insider moves,https://www.theedgesingapore.com/capital/insider-moves/genting-singapore-shares-down-10-heavy-volume-continues-buyback-4-mil-shares,true,genting-singapore
G13,2026-05-13,Genting Singapore shares drop after 'disappointing' 1QFY2026; DBS downgrades to 'hold' and calls for 'rethink',Broker's Calls,https://www.theedgesingapore.com/capital/brokers-calls/genting-singapore-shares-drop-after-disappointing-1qfy2026-dbs-downgrades-hold,true,genting-singapore
G13,2026-05-12,Genting Singapore's 1QFY2026 earnings down 55% to $65.2 mil,Results,https://www.theedgesingapore.com/capital/results/genting-singapores-1qfy2026-earnings-down-55-652-mil,true,genting-singapore
G13,2026-02-24,Genting Singapore FY2025 earnings down 33% on higher costs in 'transition year',Results,https://www.theedgesingapore.com/capital/results/genting-singapore-fy2025-earnings-down-33-higher-costs-transition-year,true,genting-singapore
G13,2026-02-12,"S’pore hospitality to see ‘go time’ in 2026, STB forecasts increased visitor arrivals and tourist receipts: OCBC",Broker's Calls,https://www.theedgesingapore.com/capital/brokers-calls/spore-hospitality-see-go-time-2026-stb-forecasts-increased-visitor-arrivals,true,genting-singapore
G13,2026-02-06,"Brokers' Digest: Starhill Global REIT, Coliwoo, CSE Global, Nordic, Genting Singapore",Broker's Calls,https://www.theedgesingapore.com/capital/brokers-calls/brokers-digest-starhill-global-reit-coliwoo-cse-global-nordic-genting,true,genting-singapore
RE4,2026-08-07,Geo Energy’s 1HFY2026 earnings down by 28% to US$14.2 mil; declares dividend of 0.1 cents per share for 2QFY2026,Results,https://www.theedgesingapore.com/capital/results/geo-energys-1hfy2026-earnings-down-28-us142-mil-declares-dividend-01-cents-share,false,geo-energy
RE4,2025-05-14,Geo Energy’s earnings grew 63% to US$14.1 mil for 1QFY2025 due to improved coal access,Results,https://www.theedgesingapore.com/capital/results/geo-energys-earnings-grew-63-us141-mil-1qfy2025-due-improved-coal-access,true,geo-energy
RE4,2024-06-27,Too heavy a price for sin stocks?,Investing ideas,https://www.theedgesingapore.com/news/investing-ideas/too-heavy-price-sin-stocks,true,geo-energy
RE4,2024-05-09,"Geo Energy posts 45.6% lower net profit of US$8.7 million for 1QFY2024, to achieve annual production of 25 mil tonnes",Results,https://www.theedgesingapore.com/capital/results/geo-energy-posts-456-lower-net-profit-us87-million-1qfy2024-achieve-annual,true,geo-energy
RE4,2023-06-13,"Stocks like Delfi, Marco Polo Marine and Raffles Medical could benefit from Indonesia's strong economic performance",Broker's Calls,https://www.theedgesingapore.com/capital/brokers-calls/stocks-delfi-marco-polo-marine-and-raffles-medical-could-benefit-indonesias,true,geo-energy
RE4,2022-11-08,"Golden Energy and Resources shares drop by 27.22%, receives trading query from SGX",Company in the news,https://www.theedgesingapore.com/news/company-news/golden-energy-and-resources-shares-drop-2722-receives-trading-query-sgx,true,geo-energy
RE4,2021-12-15,Geo Energy commences share buy backs ,Buybacks,https://www.theedgesingapore.com/capital/buybacks/geo-energy-commences-share-buy-backs,true,geo-energy
RE4,2021-11-10,"Geo Energy reports US$45 mil earnings for 3QFY2021, declares interim dividend of 3 cents",Results,https://www.theedgesingapore.com/capital/results/geo-energy-reports-us45-mil-earnings-3qfy2021-declares-interim-dividend-3-cents,true,geo-energy
RE4,2021-07-02,"Geo Energy mulls other listings, plots green future in longer term",Mining,https://www.theedgesingapore.com/news/mining/geo-energy-mulls-other-listings-plots-green-future-longer-term,true,geo-energy
RE4,2019-01-04,"Go for lower beta, dividend-paying stocks this year after a disappointing 2018: Phillip",Broker's Calls,https://www.theedgesingapore.com/capital/brokers-calls/go-lower-beta-dividend-paying-stocks-year-after-disappointing-2018-phillip,true,geo-energy
RE4,2026-07-16,Geo Energy announces operational launch of MBJ Integrated Infrastructure,Company in the news,https://www.theedgesingapore.com/news/company-news/geo-energy-announces-operational-launch-mbj-integrated-infrastructure,true,geo-energy-resources
RE4,2026-07-07,"Geo Energy conducts share buyback with purchase of 637,500 shares from market",Buybacks,https://www.theedgesingapore.com/news/buybacks/geo-energy-conducts-share-buyback-purchase-637500-shares-market,true,geo-energy-resources
RE4,2026-06-02,PhillipCapital's Chew maintains Geo Energy at 'buy' and 75 cents,Broker's Calls,https://www.theedgesingapore.com/capital/brokers-calls/phillipcapitals-chew-maintains-geo-energy-buy-and-75-cents,true,geo-energy-resources
RE4,2026-05-25,Geo Energy expects ‘further clarity’ on Indonesia’s proposed plan on centralised control of commodity exports,Company in the news,https://www.theedgesingapore.com/news/company-news/geo-energy-expects-further-clarity-indonesias-proposed-plan-centralised-control,true,geo-energy-resources
RE4,2026-05-18,Geo Energy signs offtake agreement with Trafigura; engages mining contractor,Commodities,https://www.theedgesingapore.com/news/commodities/geo-energy-signs-offtake-agreement-trafigura-engages-mining-contractor,true,geo-energy-resources
RE4,2026-05-11,Switzerland's ResInvest to invest in Geo Energy's infrastructure unit at US$1.5 bil valuation,Company in the news,https://www.theedgesingapore.com/news/company-news/switzerlands-resinvest-invest-geo-energys-infrastructure-unit-us15-bil-valuation,true,geo-energy-resources
RE4,2026-04-15,"Geo Energy Resources raises $18.4 mil from investors including Centurion's Han, Asdew",Equity raising,https://www.theedgesingapore.com/news/equity-raising/geo-energy-resources-raises-184-mil-investors-including-centurions-han-asdew,true,geo-energy-resources
RE4,2026-04-03,Geo Energy seeks to raise up to $18.375 mil by placing out new shares at 52.5 cents,Equity raising,https://www.theedgesingapore.com/news/equity-raising/geo-energy-seeks-raise-18375-mil-placing-out-new-shares-525-cents,true,geo-energy-resources
RE4,2026-04-01,Geo Energy plans acquisition to sell coal at double of cash cost or US$110-US$140 profit per tonne,M&A,https://www.theedgesingapore.com/news/ma/geo-energy-plans-acquisition-sell-coal-double-cash-cost-or-us110-us140-profit-tonne,true,geo-energy-resources
RE4,2026-03-20,"Broker's Digest: Huationg, Geo Energy, ST Engineering, Oiltek, Yangzijiang",Broker's Calls,https://www.theedgesingapore.com/capital/brokers-calls/brokers-digest-huationg-geo-energy-st-engineering-oiltek-yangzijiang,true,geo-energy-resources
E5H,2025-09-18,OCBC raises target price for Golden Agri-Resources on firm palm oil prices,Broker's Calls,https://www.theedgesingapore.com/capital/brokers-calls/ocbc-raises-target-price-golden-agri-resources-firm-palm-oil-prices,true,golden-agri-resources
E5H,2025-08-14,Golden Agri-Resources earnings up 56.5% y-o-y to US$160.3 mil from increase in CPO market prices,Results,https://www.theedgesingapore.com/capital/results/golden-agri-resources-earnings-565-y-o-y-us1603-mil-increase-cpo-market-prices,true,golden-agri-resources
E5H,2025-07-10,RHB cuts target prices across palm oil stocks; expects volatility on the outlook,Investing ideas,https://www.theedgesingapore.com/capital/investing-ideas/rhb-cuts-target-prices-across-palm-oil-stocks-expects-volatility-outlook,true,golden-agri-resources
E5H,2025-07-09,More balanced year ahead for Golden Agri-Resources,Broker's Calls,https://www.theedgesingapore.com/capital/brokers-calls/more-balanced-year-ahead-golden-agri-resources,true,golden-agri-resources
E5H,2025-04-27,"Privatisation offer for Sinarmas Land 'not fair' but 'reasonable', says IFA W Capital Markets",Company in the news,https://www.theedgesingapore.com/news/company-news/privatisation-offer-sinarmas-land-not-fair-reasonable-says-ifa-w-capital-markets,true,golden-agri-resources
E5H,2025-02-27,Golden Agri-Resources' FY2024 earnings up 84% on higher volume and prices,Results,https://www.theedgesingapore.com/capital/results/golden-agri-resources-fy2024-earnings-84-higher-volume-and-prices,true,golden-agri-resources
E5H,2024-11-12,"RHB raises CPO price assumptions, upgrades Bumitama to ‘buy’ ",Broker's Calls,https://www.theedgesingapore.com/capital/brokers-calls/rhb-raises-cpo-price-assumptions-upgrades-bumitama-buy,true,golden-agri-resources
E5H,2024-08-12,"RHB maintains 'neutral' on plantation sector, updates ESG scores",Broker's Calls,https://www.theedgesingapore.com/capital/brokers-calls/rhb-maintains-neutral-plantation-sector-updates-esg-scores,true,golden-agri-resources
E5H,2023-11-09,Palm oil giants and Sheng Siong Group share the wins,Billion Dollar Club 2023,https://www.theedgesingapore.com/billion-dollar-club/billion-dollar-club-2023/palm-oil-giants-and-sheng-siong-group-share-wins,false,golden-agri-resources
E5H,2023-06-13,"Plantation sector earnings to decline further in 2QFY2023, analysts maintain 'neutral'",Broker's Calls,https://www.theedgesingapore.com/capital/brokers-calls/plantation-sector-earnings-decline-further-2qfy2023-analysts-maintain-neutral,true,golden-agri-resources
G07,2026-07-31,JP Morgan remains underweight on OCBC; what GEH’s profit and NAV growth mean for its valuation,Banking & finance,https://www.theedgesingapore.com/capital/banking-finance/jp-morgan-remains-underweight-ocbc-what-gehs-profit-and-nav-growth-mean-its,true,great-eastern-holdings
G07,2026-06-09,"Great Eastern among the world’s strongest insurance brands, Brand Finance data shows ",Insurance,https://www.theedgesingapore.com/news/insurance/great-eastern-among-worlds-strongest-insurance-brands-brand-finance-data-shows,true,great-eastern-holdings
G07,2026-03-09,New chairman at Great Eastern Holdings,New appointments,https://www.theedgesingapore.com/news/new-appointments/new-chairman-great-eastern-holdings,true,great-eastern-holdings
BLH,2024-12-09,Hai Leck founder offers 55 cents per share via scheme of arrangement to delist company,Delistings,https://www.theedgesingapore.com/news/delistings/hai-leck-founder-offers-55-cents-share-scheme-arrangement-delist-company,true,hai-leck-holdings
BLH,2021-08-26,Hai Leck posts 194% surge in FY2021 earnings to $12.1 mil; declares 6 cents dividend,Results,https://www.theedgesingapore.com/capital/results/hai-leck-posts-194-surge-fy2021-earnings-121-mil-declares-6-cents-dividend,true,hai-leck-holdings
BLH,2021-05-25,Transit-Mixed Concrete raises $4.9 mil via private placement to seven investors including Tai Sin chairman Lim,Equity raising,https://www.theedgesingapore.com/news/equity-raising/transit-mixed-concrete-raises-49-mil-private-placement-seven-investors-including,true,hai-leck-holdings
BLH,2018-05-09,Hai Leck reverses into the red in 3Q as sales fall 33%,Results,https://www.theedgesingapore.com/capital/results/hai-leck-reverses-red-3q-sales-fall-33,true,hai-leck-holdings
BLH,2018-02-12,Hai Leck posts 2Q earnings drop 9.9% to $2.02 mil,Results,https://www.theedgesingapore.com/capital/results/hai-leck-posts-2q-earnings-drop-99-202-mil,true,hai-leck-holdings
BLH,2017-11-06,Hai Leck Holdings posts 1Q earnings down 13.4% to $2.22 mil,Results,https://www.theedgesingapore.com/capital/results/hai-leck-holdings-posts-1q-earnings-down-134-222-mil,true,hai-leck-holdings
BLH,2017-10-16,Hai Leck's new Jurong Island project to boost FY18 order book by $28 mil ,M&A,https://www.theedgesingapore.com/ma/hai-lecks-new-jurong-island-project-boost-fy18-order-book-28-mil,true,hai-leck-holdings
BLH,2017-08-28,Hai Leck posts 37.8% decrease in FY17 earnings to $7.9 mil,Results,https://www.theedgesingapore.com/capital/results/hai-leck-posts-378-decrease-fy17-earnings-79-mil,true,hai-leck-holdings
BLH,2017-02-08,Hai Leck 2Q earnings up 18.2% to $2.2 mil on lower expenses,Results,https://www.theedgesingapore.com/capital/results/hai-leck-2q-earnings-182-22-mil-lower-expenses,true,hai-leck-holdings
BLH,2016-10-11,Seeking cash-rich small and mid caps,Broker's Calls,https://www.theedgesingapore.com/article/seeking-cash-rich-small-and-mid-caps,true,hai-leck-holdings
H02,2025-03-03,"UOI ‘reviewing’ minority investor’s proposals, including distributing Haw Par shares",Company in the news,https://www.theedgesingapore.com/news/company-news/uoi-reviewing-minority-investors-proposals-including-distributing-haw-par,true,haw-par
H02,2025-02-28,Minority investor says UOI is over-capitalised and should distribute Haw Par as dividend-in-specie,Banking & finance,https://www.theedgesingapore.com/news/banking-finance/minority-investor-says-uoi-over-capitalised-and-should-distribute-haw-par,true,haw-par
H02,2021-04-16,Singapore Land makes a comeback with 4G leader at the helm,Company in the news,https://www.theedgesingapore.com/company-news/singapore-land-makes-comeback-4g-leader-helm,true,haw-par
H02,2017-05-12,"ST Engineering, Wilmar, ThaiBev, CityDev, Haw Par, Wing Tai",Stocks To Watch,https://www.theedgesingapore.com/stocks-watch/st-engineering-wilmar-thaibev-citydev-haw-par-wing-tai,true,haw-par
H02,2017-05-11,Haw Par posts 21.8% higher 1Q earnings of $17.3 mi on revenue growth,Results,https://www.theedgesingapore.com/capital/results/haw-par-posts-218-higher-1q-earnings-173-mi-revenue-growth,true,haw-par
H02,2026-03-11,Newly-listed UltraGreen.ai joins three SGX ‘veteran’ stocks on iEdge Singapore Next 50 Indices,Markets,https://www.theedgesingapore.com/news/markets/newly-listed-ultragreenai-joins-three-sgx-veteran-stocks-iedge-singapore-next-50,true,haw-par-corp
H02,2026-02-27,Haw Par's net profit rises 16.3% to $265.5 million as dividend income leaps 27% for FY2025,Results,https://www.theedgesingapore.com/news/results/haw-pars-net-profit-rises-163-2655-million-dividend-income-leaps-27-fy2025,true,haw-par-corp
H02,2025-08-12,Haw Par Corporation profit net of tax increases 18.2% y-o-y to $144.1 mil,Results,https://www.theedgesingapore.com/capital/results/haw-par-corporation-profit-net-tax-increases-182-y-o-y-1441-mil,true,haw-par-corp
H02,2025-08-07,Will Haw Par pay out more dividends or build a new business?,Singapore economy,https://www.theedgesingapore.com/news/singapore-economy/will-haw-par-pay-out-more-dividends-or-build-new-business,true,haw-par-corp
H02,2024-11-12,Tianjin Pharmaceutical tops sector; Haw Par and Riverstone named as well,Billion Dollar Club 2026,https://www.theedgesingapore.com/bdc-sector-winners/billion-dollar-club-2024/tianjin-pharmaceutical-tops-sector-haw-par-and,false,haw-par-corp
H02,2024-07-11,"Haw Par trading below historical book value, CGSI highlights in unrated report",Broker's Calls,https://www.theedgesingapore.com/capital/brokers-calls/haw-par-trading-below-historical-book-value-cgsi-highlights-unrated-report,true,haw-par-corp
H02,2024-02-05,'Simply unique': Wee Cho Yaw (1929–2024),Obituary,https://www.theedgesingapore.com/news/obituary/simply-unique-wee-cho-yaw-19292024,true,haw-par-corp
H02,2022-04-07,Celebrating World Health Day: Shining the spotlight on two healthcare-related stocks,Investing ideas,https://www.theedgesingapore.com/capital/investing-ideas/celebrating-world-health-day-shining-spotlight-two-healthcare-related-stocks,true,haw-par-corp
H02,2021-03-26,"After more than a century, Haw Par continues to ride the Tiger and won't get off",SGX Research Series: 10 in 10,https://www.theedgesingapore.com/capital/sgx-research-series-10-10/after-more-century-haw-par-continues-ride-tiger-and-wont-get,true,haw-par-corp
H02,2020-12-11,Glove makers Riverstone and Top Glove in the lead; storied brand Haw Par wins for earnings growth,Billion Dollar Club 2020,https://www.theedgesingapore.com/billion-dollar-club/billion-dollar-club-2020/glove-makers-riverstone-and-top-glove-lead-storied,true,haw-par-corp
H02,2026-08-14,Haw Par’s earnings drop 25.2% y-o-y to $108 mil for 1HFY2026; declares 20 cents interim dividend,Results,https://www.theedgesingapore.com/news/results/haw-pars-earnings-drop-252-y-o-y-108-mil-1hfy2026-declares-20-cents-interim-dividend,false,haw-par-corporation
H02,2026-08-14,"Crisis, reform and resilience in Southeast Asia",Investing strategies,https://www.theedgesingapore.com/capital/investing-strategies/crisis-reform-and-resilience-southeast-asia,true,haw-par-corporation
H02,2026-03-26,Unlocking the 'treasure chest' of Haw Par,Investing ideas,https://www.theedgesingapore.com/capital/investing-ideas/unlocking-treasure-chest-haw-par,true,haw-par-corporation
H02,2026-03-23,Unlocking the 'treasure chest': Macquarie initiates coverage of Haw Par,Investing ideas,https://www.theedgesingapore.com/capital/investing-ideas/unlocking-treasure-chest-macquarie-initiates-coverage-haw-par,true,haw-par-corporation
H02,2026-02-20,Our 2026 picks: Haw Par Corporation — ‘Crouching Tiger’ stock offers more than a balm,Stocks To Watch,https://www.theedgesingapore.com/news/stocks-watch/our-2026-picks-haw-par-corporation--crouching-tiger-stock-offers-more-balm,true,haw-par-corporation
H02,2025-03-07,Wee Ee Lim receives shares in UOL Group and Haw Par Corp from late Wee Cho Yaw’s estate,Wealth,https://www.theedgesingapore.com/news/wealth/wee-ee-lim-receives-shares-uol-group-and-haw-par-corp-late-wee-cho-yaws-estate,true,haw-par-corporation
H02,2025-02-21,"Haw Par Corporation reports earnings of $228.3 mil for FY2024, up 5.4% y-o-y from higher sales in healthcare",Results,https://www.theedgesingapore.com/capital/results/haw-par-corporation-reports-earnings-2283-mil-fy2024-54-y-o-y-higher-sales,true,haw-par-corporation
H02,2024-08-14,"Haw Par Corporation reports profit of $122.0 mil for 1HFY2024, 17.1% higher y-o-y",Results,https://www.theedgesingapore.com/capital/results/haw-par-corporation-reports-profit-1220-mil-1hfy2024-171-higher-y-o-y,true,haw-par-corporation
H02,2024-02-26,Haw Par Corporation appoints Wee Ee Chao as chairman,New appointments,https://www.theedgesingapore.com/news/new-appointments/haw-par-corporation-appoints-wee-ee-chao-chairman,true,haw-par-corporation
H02,2023-02-23,Haw Par posts 34.7% growth in FY2022 earnings to $148.3 mil,Results,https://www.theedgesingapore.com/capital/results/haw-par-posts-347-growth-fy2022-earnings-1483-mil,true,haw-par-corporation
H22,2026-08-12,Hong Leong Asia’s 1HFY2026 earnings up by 64.1% to $91.9 mil; declares dividend of 3 cents per share,Results,https://www.theedgesingapore.com/capital/results/hong-leong-asias-1hfy2026-earnings-641-919-mil-declares-dividend-3-cents-share,false,hong-leong-asia
H22,2026-05-15,Buybacks and capital discipline drive value-up,STI watch,https://www.theedgesingapore.com/capital/sti-watch/buybacks-and-capital-discipline-drive-value,true,hong-leong-asia
H22,2026-05-12,All-round multi-piston growth powering Hong Leong Asia,Broker's Calls,https://www.theedgesingapore.com/capital/brokers-calls/all-round-multi-piston-growth-powering-hong-leong-asia,true,hong-leong-asia
H22,2026-04-29,Hong Leong Asia offers 50 mil new shares at $2.90 each,Company in the news,https://www.theedgesingapore.com/news/company-news/hong-leong-asia-offers-50-mil-new-shares-290-each,true,hong-leong-asia
H22,2026-04-24,"Broker's Digest: Info-Tech Systems, UMS Integration, Beng Kuang, HRnetGroup, Centurion, Hong Leong Asia, Nam Cheong",Broker's Calls,https://www.theedgesingapore.com/capital/brokers-calls/brokers-digest-info-tech-systems-ums-integration-beng-kuang-hrnetgroup,true,hong-leong-asia
H22,2026-04-22,DBS keeps Hong Leong Asia at 'buy' and $3.90 after $90.7 mil acquisition of household shelter maker Yong Tai Loong,Broker's Calls,https://www.theedgesingapore.com/capital/brokers-calls/dbs-keeps-hong-leong-asia-buy-and-390-after-907-mil-acquisition-household,true,hong-leong-asia
H22,2026-04-21,Hong Leong Asia pays $90.7 mil for household shelter supplier Yong Tai Loong,M&A,https://www.theedgesingapore.com/news/ma/hong-leong-asia-pays-907-mil-household-shelter-supplier-yong-tai-loong,true,hong-leong-asia
H22,2026-02-28,Continued strength of Hong Leong Asia’s multiple engines to power earnings upswing,Investing ideas,https://www.theedgesingapore.com/capital/investing-ideas/analysts-upgrade-target-prices-hong-leong-asia-powers-ahead,true,hong-leong-asia
H22,2026-02-25,Hong Leong Asia reports FY2025 earnings of $112.8 mil; proposes final dividend of 3 cents per share,Results,https://www.theedgesingapore.com/capital/results/hong-leong-asia-reports-fy2025-earnings-1128-mil-proposes-final-dividend-3-cents,true,hong-leong-asia
H22,2026-02-20,"Our 2026 picks: HL Global Enterprises - Undervalued despite big names, a remake might be what it needs",Stocks To Watch,https://www.theedgesingapore.com/news/stocks-watch/our-2026-picks-hl-global-enterprises-undervalued-despite-big-names-remake-might-be,true,hong-leong-asia
H78,2026-07-31,"Keppel REIT downplays ORQ stake acquisition, to focus on divestments for the rest of the year",Corporate moves,https://www.theedgesingapore.com/news/corporate-moves/keppel-reit-downplays-orq-stake-acquisition-focus-divestments-rest-year,true,hongkong-land
H78,2026-07-30,Hongkong Land's SCPREF makes maiden acquisition with $1.1 bil Wheelock Place deal,Property,https://www.theedgesingapore.com/news/property/hongkong-lands-scpref-makes-maiden-acquisition-11-bil-wheelock-place-deal,false,hongkong-land
H78,2026-07-30,Cheer for HKL as Central turns up; fund buys Wheelock Place $1.1 bil,The CFO Interview,https://www.theedgesingapore.com/news/cfo-interview/cheer-hkl-central-turns-fund-buys-wheelock-place-11-bil,true,hongkong-land
H78,2026-07-28,"Hongkong Land's underlying profit rose 11% y-o-y in 1H2026, with an office recovery in Central underway ",Results,https://www.theedgesingapore.com/capital/results/hongkong-lands-underlying-profit-rose-11-y-o-y-1h2026-office-recovery-central,false,hongkong-land
H78,2026-05-29,Hongkong Land turns asset-lighter in growth push,The CFO Interview,https://www.theedgesingapore.com/news/cfo-interview/hongkong-land-turns-asset-lighter-growth-push,true,hongkong-land
H78,2026-03-20,Yau of DBS sees multiple benefits for Hongkong Land from $541 mil stake in Suntec REIT,Broker's Calls,https://www.theedgesingapore.com/capital/brokers-calls/yau-dbs-sees-multiple-benefits-hongkong-land-541-mil-stake-suntec-reit,true,hongkong-land
H78,2026-03-13,Does the new attitude at Jardines go well with STI’s own level-up?,Frankly Speaking,https://www.theedgesingapore.com/views/frankly-speaking/does-new-attitude-jardines-go-well-stis-own-level,true,hongkong-land
H78,2026-03-12,Hongkong Land appoints four portfolio Chief Executives to accelerate Strategic Vision 2035,Property,https://www.theedgesingapore.com/news/property/hongkong-land-appoints-four-portfolio-chief-executives-accelerate-strategic-vision,true,hongkong-land
H78,2026-03-05,Hongkong Land's underlying profit for FY2025 down 8%; earnings reach US$1.26 bil,Results,https://www.theedgesingapore.com/capital/results/hongkong-lands-underlying-profit-fy2025-down-8-earnings-reach-us126-bil,true,hongkong-land
H78,2026-02-13,Keppel REIT rules out near-term equity fundraising and sets 2026 cost of borrowing targets,Corporate moves,https://www.theedgesingapore.com/news/corporate-moves/keppel-reit-rules-out-near-term-equity-fundraising-and-sets-2026-cost-borrowing,true,hongkong-land
H78,2026-03-10,Jardine Matheson's underlying profit for FY2025 up 11%; declares higher dividend of US$2.35 per share,Results,https://www.theedgesingapore.com/capital/results/jardine-mathesons-underlying-profit-fy2025-11-declares-higher-dividend-us235-share,true,hongkong-land-holdings
H78,2026-02-27,Eyes on Jardine C&C as it joins other units for strategic review,Investing ideas,https://www.theedgesingapore.com/capital/investing-ideas/eyes-jardine-cc-it-joins-other-units-strategic-review,true,hongkong-land-holdings
H15,2025-07-29,Ong Beng Seng's HPL looks to cut stakes in Forum and voco Orchard,Property,https://www.theedgesingapore.com/news/property/ong-beng-sengs-hpl-looks-cut-stakes-forum-and-voco-orchard,true,hotel-properties
H15,2023-09-14,HPL redeveloping northwest Orchard Road ,Property,https://www.theedgesingapore.com/news/property/hpl-redeveloping-northwest-orchard-road,true,hotel-properties
H15,2023-08-11,Ong Beng Seng's HPL reports $17.2 mil loss for 1HFY2023,Results,https://www.theedgesingapore.com/capital/results/ong-beng-sengs-hpl-reports-172-mil-loss-1hfy2023,true,hotel-properties
H15,2021-11-21,Cuscaden scheme receives regulatory approvals from MAS and IMDA,M&A,https://www.theedgesingapore.com/news/ma/cuscaden-scheme-receives-regulatory-approvals-mas-and-imda,true,hotel-properties
H15,2018-06-18,"Far East Hospitality Trust, Hotel Properties emerge top picks amid regional hospitality rebound",Broker's Calls,https://www.theedgesingapore.com/capital/brokers-calls/far-east-hospitality-trust-hotel-properties-emerge-top-picks-amid-regional,true,hotel-properties
H15,2018-02-26,Hotel Properties reports 68% rise in FY17 earnings to $179.5 mil on higher sales,Results,https://www.theedgesingapore.com/capital/results/hotel-properties-reports-68-rise-fy17-earnings-1795-mil-higher-sales,true,hotel-properties
H15,2017-11-13,Hotel Properties reports 32% rise in 3Q earnings to $42.2 mil,Results,https://www.theedgesingapore.com/capital/results/hotel-properties-reports-32-rise-3q-earnings-422-mil,true,hotel-properties
H15,2017-08-11,Hotel Properties posts 23.2% rise in 2Q earnings to $16.3 mil on higher revenue ,Results,https://www.theedgesingapore.com/capital/results/hotel-properties-posts-232-rise-2q-earnings-163-mil-higher-revenue,true,hotel-properties
H15,2017-02-27,Hotel Properties reports 27% rise in FY16 earnings from gain on disposal,Results,https://www.theedgesingapore.com/capital/results/hotel-properties-reports-27-rise-fy16-earnings-gain-disposal,true,hotel-properties
H15,2016-11-11,"Wilmar, Noble, SBS Transit, SATS, UOL, Hotel Properties",Stocks To Watch,https://www.theedgesingapore.com/article/wilmar-noble-sbs-transit-sats-uol-hotel-properties,true,hotel-properties
NS8U,2025-02-07,HPH Trust's DPU fell marginally despite surge in operating profit ,Results,https://www.theedgesingapore.com/capital/results/hph-trusts-dpu-fell-marginally-despite-surge-operating-profit,true,hutchison-port-holdings-trust
NS8U,2022-07-29,"OCBC and DBS maintain TPs for HPHT despite first-half overperformance, forecast earnings 'moderation' in the next half",Broker's Calls,https://www.theedgesingapore.com/capital/brokers-calls/ocbc-and-dbs-maintain-tps-hpht-despite-first-half-overperformance-forecast,true,hutchison-port-holdings-trust
NS8U,2021-04-18,"Hutchison Port Holdings Trust expects to ""grow"" over the coming five years",Company in the news,https://www.theedgesingapore.com/news/company-news/hutchison-port-holdings-trust-expects-grow-over-coming-five-years,true,hutchison-port-holdings-trust
NS8U,2020-11-20,960 Brokers' Digest,Broker's Calls,https://www.theedgesingapore.com/capital/brokers-calls/960-brokers-digest,false,hutchison-port-holdings-trust
NS8U,2016-12-08,The unit price of this business trust is so low you might as well paint a target on it,Broker's Calls,https://www.theedgesingapore.com/article/unit-price-business-trust-so-low-you-might-well-paint-target-it,true,hutchison-port-holdings-trust
NS8U,2016-11-22,"Singapore stocks defensive in nature, geared to weather economic storm: UBS",Investing strategies,https://www.theedgesingapore.com/article/singapore-stocks-defensive-nature-geared-weather-economic-storm-ubs,true,hutchison-port-holdings-trust
NS8U,2016-10-26,Hutchison Port forecast: Cloudy with little earnings visibility,Broker's Calls,https://www.theedgesingapore.com/article/hutchison-port-forecast-cloudy-little-earnings-visibility,true,hutchison-port-holdings-trust
NS8U,2016-07-27,HPH Trust posts 14 HK cents DPU for 1H16,Results,https://www.theedgesingapore.com/article/hph-trust-posts-14-hk-cents-dpu-1h16,true,hutchison-port-holdings-trust
NS8U,2016-07-14,Hutchison Port not so smooth sailing,Broker's Calls,https://www.theedgesingapore.com/article/hutchison-port-holdings-trust-not-so-smooth-sailing,true,hutchison-port-holdings-trust
NS8U,2016-06-14,Hutchison Port fair value ‘cut’ by OCBC after weak April data,Broker's Calls,https://www.theedgesingapore.com/article/hutchison-port-fair-value-‘cut’-ocbc-after-weak-april-data,true,hutchison-port-holdings-trust
1J5,2026-08-24,Chew of PhillipCapital raises target price for Hyphens Pharma to 46 cents,Broker's Calls,https://www.theedgesingapore.com/capital/brokers-calls/chew-phillipcapital-raises-target-price-hyphens-pharma-46-cents,true,hyphens-pharma-international
1J5,2026-01-05,Hyphens Pharma grants Swiss pharma company rights to commercialise Cerapro MED Skin Barrier Cream,Company in the news,https://www.theedgesingapore.com/news/company-news/hyphens-pharma-grants-swiss-pharma-company-rights-commercialise-cerapro-med-skin,true,hyphens-pharma-international
1J5,2025-10-16,Hyphens Pharma’s subsidiary extends partnership to commercialise autoinjector pen in Thailand and Cambodia,Company in the news,https://www.theedgesingapore.com/news/company-news/hyphens-pharmas-subsidiary-extends-partnership-commercialise-autoinjector-pen,true,hyphens-pharma-international
1J5,2025-08-13,Hyphens Pharma earnings down 66.3% y-o-y for 1HFY2025 to $1.9 mil,Results,https://www.theedgesingapore.com/capital/results/hyphens-pharma-earnings-down-663-y-o-y-1hfy2025-19-mil,true,hyphens-pharma-international
1J5,2025-05-09,Hyphens Pharma completes second of three tranches of acquiring Ardence Pharma,M&A,https://www.theedgesingapore.com/news/ma/hyphens-pharma-completes-second-three-tranches-acquiring-ardence-pharma,true,hyphens-pharma-international
1J5,2024-11-22,"Brokers’ Digest: AEM, Prime US REIT, Hyphens Pharma, Seatrium, Valuetronics, DFI Retail Group, CDG, Centurion, Sembcorp",Broker's Calls,https://www.theedgesingapore.com/capital/brokers-calls/brokers-digest-aem-prime-us-reit-hyphens-pharma-seatrium-valuetronics-dfi,true,hyphens-pharma-international
1J5,2024-11-18,CGS International lowers Hyphens Pharma’s TP to 35 cents amid slowing revenue momentum,Broker's Calls,https://www.theedgesingapore.com/capital/brokers-calls/cgs-international-lowers-hyphens-pharmas-tp-35-cents-amid-slowing-revenue,true,hyphens-pharma-international
1J5,2024-11-12,Hyphens Pharma’s NPAT down 5.6% y-o-y at $2 mil for 3QFY2024 ,Results,https://www.theedgesingapore.com/capital/results/hyphens-pharmas-npat-down-56-y-o-y-2-mil-3qfy2024,true,hyphens-pharma-international
1J5,2024-09-12,"Brokers’ Digest: Hyphens Pharma International, MPACT, SGX Group",Broker's Calls,https://www.theedgesingapore.com/capital/brokers-calls/brokers-digest-hyphens-pharma-international-mpact-sgx-group,true,hyphens-pharma-international
1J5,2024-09-11,CGSI ups Hyphens Pharma’s TP on ‘healthy pipeline’ of products ahead ,Broker's Calls,https://www.theedgesingapore.com/capital/brokers-calls/cgsi-ups-hyphens-pharmas-tp-healthy-pipeline-products-ahead,true,hyphens-pharma-international
5I4,2025-06-10,ICP Limited’s offer turns unconditional after shareholders approve delisting at EGM,Offer,https://www.theedgesingapore.com/news/offer/icp-limiteds-offer-turns-unconditional-after-shareholders-approve-delisting-egm,true,icp
5I4,2025-04-19,ICP Limited’s controlling shareholder seeks to delist company; makes offer of 0.9 cents per share,Offer,https://www.theedgesingapore.com/news/offer/icp-limiteds-controlling-shareholder-seeks-delist-company-makes-offer-09-cents-share,true,icp
AIY,2026-08-14,"Crisis, reform and resilience in Southeast Asia",Investing strategies,https://www.theedgesingapore.com/capital/investing-strategies/crisis-reform-and-resilience-southeast-asia,true,ifast
AIY,2026-07-28,"DBS, UOBKH and CGSI retain optimism in iFAST after profit growth in 2QFY2026",Broker's Calls,https://www.theedgesingapore.com/capital/brokers-calls/dbs-uobkh-and-cgsi-retain-optimism-ifast-after-profit-growth-2qfy2026,true,ifast
AIY,2026-07-16,"‘Healthy cocktail’ gives Macquarie the buzz to upgrade STI target by 33% to 6,000 points",Stock Picks 2026,https://www.theedgesingapore.com/capital/stock-picks-2026/healthy-cocktail-gives-macquarie-buzz-upgrade-sti-target-33-6000-points,true,ifast
AIY,2026-02-27,"Brokers' Digest: Marco Polo, iFAST, UHREIT, Addvalue, SGX, BRC Asia, SIA Engineering, ISOTeam, Starhub",Broker's Calls,https://www.theedgesingapore.com/capital/brokers-calls/brokers-digest-marco-polo-ifast-uhreit-addvalue-sgx-brc-asia-sia-engineering,true,ifast
AIY,2026-01-23,"Brokers' Digest: DFI Retail, Marco Polo Marine, iFast, Soilbuild, CSE Global",Broker's Calls,https://www.theedgesingapore.com/capital/brokers-calls/brokers-digest-dfi-retail-marco-polo-marine-ifast-soilbuild-cse-global,true,ifast
AIY,2025-12-12,Singapore plans to revamp its equities post-trade custody model after two years of rapid market growth,Markets,https://www.theedgesingapore.com/news/markets/singapore-plans-revamp-its-equities-post-trade-custody-model-after-two-years-rapid,true,ifast
AIY,2025-11-14,Regular BDC winner iFAST sets sights on hitting $100 billion in assets under administration,Billion Dollar Club 2025,https://www.theedgesingapore.com/bdc-sector-winners/billion-dollar-club-2025/regular-bdc-winner-ifast-sets-sights-hitting-100-billion,false,ifast
AIY,2026-08-07,"Macquarie Capital sees STI heading towards 6,000, bullish on tech manufacturing counters",Investing strategies,https://www.theedgesingapore.com/capital/investing-strategies/macquarie-capital-sees-sti-heading-towards-6000-bullish-tech,true,ifast-corporation
AIY,2026-07-24,iFast 2QFY2026 net profit rises 35% y-o-y to $29.85 mil,Results,https://www.theedgesingapore.com/capital/results/ifast-2qfy2026-net-profit-rises-35-y-o-y-2985-mil,false,ifast-corporation
AIY,2026-03-30,RHB initiates iFast Corp at 'buy' with $12.20 target price,Broker's Calls,https://www.theedgesingapore.com/capital/brokers-calls/rhb-initiates-ifast-corp-buy-1220-target-price,true,ifast-corporation
AIY,2026-02-13,IFAST share price dips despite strong earnings 4QFY2025 announcement; DBS maintains ‘buy’ at $12,Broker's Calls,https://www.theedgesingapore.com/capital/brokers-calls/ifast-share-price-dips-despite-strong-earnings-4qfy2025-announcement-dbs,true,ifast-corporation
AIY,2026-02-12,iFast Corp's FY2025 earnings cross $100 million mark,Results,https://www.theedgesingapore.com/capital/results/ifast-corps-fy2025-earnings-cross-100-million-mark,true,ifast-corporation
AIY,2026-01-28,"CP Invest sells 76,300 iFast shares for $10.39 apiece",Insider moves,https://www.theedgesingapore.com/capital/insider-moves/cp-invest-sells-76300-ifast-shares-1039-apiece,true,ifast-corporation
AIY,2026-01-15,Aletheia Capital reiterates ‘buy’ on iFAST following the latest partnership with Financial Alliance,Broker's Calls,https://www.theedgesingapore.com/capital/brokers-calls/aletheia-capital-reiterates-buy-ifast-following-latest-partnership-financial,true,ifast-corporation
AIY,2026-01-09,"Broker's Digest: Raffles Medical Group, iFast, Lendlease REIT",Broker's Calls,https://www.theedgesingapore.com/capital/brokers-calls/brokers-digest-raffles-medical-group-ifast-lendlease-reit,true,ifast-corporation
AIY,2026-01-06,DBS keeps ‘buy’ on iFast on Financial Alliance Corp stake acquisition,Broker's Calls,https://www.theedgesingapore.com/capital/brokers-calls/dbs-keeps-buy-ifast-financial-alliance-corp-stake-acquisition,true,ifast-corporation
AIY,2026-01-05,iFast Corporation to acquire 30% stake in Financial Alliance Corporation for $19.58 mil,M&A,https://www.theedgesingapore.com/news/ma/ifast-corporation-acquire-30-stake-financial-alliance-corporation-1958-mil,true,ifast-corporation
ITS,2026-08-21,"Broker's Digest: Info-Tech, Nordic, Frencken, Nanofilm, Starhub, HRnetGroup, Prime US REIT, Centurion, Wilmar",Broker's Calls,https://www.theedgesingapore.com/capital/brokers-calls/brokers-digest-info-tech-nordic-frencken-nanofilm-starhub-hrnetgroup-prime-us,true,info-tech
ITS,2026-01-22,Info-Tech shares gain following higher FY2025 earnings guidance,Company in the news,https://www.theedgesingapore.com/news/company-news/info-tech-shares-gain-following-higher-fy2025-earnings-guidance,true,info-tech
ITS,2026-01-21,Info-Tech Systems expects to report 'considerable increase' in earnings for full year 2025,Results,https://www.theedgesingapore.com/capital/results/info-tech-systems-expects-report-considerable-increase-earnings-full-year-2025,true,info-tech
ITS,2025-11-07,Info-Tech Systems powers SME growth with HR & accounting SaaS solutions,SGX Research Series: 10 in 10,https://www.theedgesingapore.com/capital/sgx-research-series-10-10/info-tech-systems-powers-sme-growth-hr-accounting-saas-solutions,true,info-tech
ITS,2025-08-29,OCBC Investment Research initiates ‘buy’ on Info-Tech with target price of $1,Broker's Calls,https://www.theedgesingapore.com/capital/brokers-calls/ocbc-investment-research-initiates-buy-info-tech-target-price-1,true,info-tech
ITS,2025-07-04,"Info-Tech Systems debuts on SGX Mainboard at 95 cents, closes at 91 cents",IPO,https://www.theedgesingapore.com/news/ipo/info-tech-systems-debuts-sgx-mainboard-95-cents-closes-91-cents,true,info-tech
ITS,2025-07-03,Info-Tech’s 24.86 mil shares 7.3 times oversubscribed at IPO,IPO,https://www.theedgesingapore.com/news/ipo/info-techs-2486-mil-shares-73-times-oversubscribed-ipo,true,info-tech
ITS,2025-07-03,Info-Tech listing: Investors await trading of first Mainboard IPO in four years ,IPO,https://www.theedgesingapore.com/news/ipo/info-tech-listing-investors-await-trading-first-mainboard-ipo-four-years,true,info-tech
ITS,2025-06-27,Info-Tech to offer 24.86 mil shares at 87 cents apiece for IPO,IPO,https://www.theedgesingapore.com/news/ipo/info-tech-offer-2486-mil-shares-87-cents-apiece-ipo,true,info-tech
ITS,2025-06-20,Human resource management software company Info-Tech lodges preliminary prospectus with MAS,IPO,https://www.theedgesingapore.com/news/ipo/human-resource-management-software-company-info-tech-lodges-preliminary-prospectus-mas,true,info-tech
I07,2026-05-24,CGSI's Tng maintains 'add' call and 96 cents target price on ISDN ,Broker's Calls,https://www.theedgesingapore.com/capital/brokers-calls/cgsis-tng-maintains-add-call-and-96-cents-target-price-isdn,true,isdn
I07,2026-03-13,ISDN Holdings’ subsidiary announces strategic partnership with Panasonic to scale LiveInspect.AI solutions,Company in the news,https://www.theedgesingapore.com/news/company-news/isdn-holdings-subsidiary-announces-strategic-partnership-panasonic-scale,true,isdn
I07,2026-01-19,ISDN Holdings’ subsidiary secures $1 million contract for AI-powered building inspection for HDB buildings,Contracts,https://www.theedgesingapore.com/news/contracts/isdn-holdings-subsidiary-secures-1-million-contract-ai-powered-building-inspection,true,isdn
I07,2025-02-28,ISDN reports earnings of $8.52 mil for FY2024 up 72.1% y-o-y following emergence from industrial downcycle,Results,https://www.theedgesingapore.com/capital/results/isdn-reports-earnings-852-mil-fy2024-721-y-o-y-following-emergence-industrial,true,isdn
I07,2023-01-17,CGS-CIMB ups ISDN's TP as Anggoci is expected to obtain its commercial operation date soon,Broker's Calls,https://www.theedgesingapore.com/capital/brokers-calls/cgs-cimb-ups-isdns-tp-anggoci-expected-obtain-its-commercial-operation-date,true,isdn
I07,2022-06-15,CGS-CIMB lowers ISDN Holdings' TP to 70 cents to reflect China's Covid-19 lockdown,Broker's Calls,https://www.theedgesingapore.com/capital/brokers-calls/cgs-cimb-lowers-isdn-holdings-tp-70-cents-reflect-chinas-covid-19-lockdown,true,isdn
I07,2021-03-03,CGS-CIMB upgrades ISDN to 'add' on favourable macro trends and strong performance from core business,Broker's Calls,https://www.theedgesingapore.com/capital/brokers-calls/cgs-cimb-upgrades-isdn-add-favourable-macro-trends-and-strong-performance-core,true,isdn
I07,2020-08-07,KGI Securities initiates 'buy' on ISDN on strong performance from robotics industry and surprise profit announcement,Broker's Calls,https://www.theedgesingapore.com/capital/brokers-calls/kgi-securities-initiates-buy-isdn-strong-performance-robotics-industry-and,true,isdn
I07,2017-05-26,"Oxley, Lian Beng, Hour Glass, ISDN, Stamford Land, BBR, Accordia",Stocks To Watch,https://www.theedgesingapore.com/stocks-watch/oxley-lian-beng-hour-glass-isdn-stamford-land-bbr-accordia,true,isdn
I07,2017-01-11,ISDN kept at ‘overweight’ as it readies for HK debut,Broker's Calls,https://www.theedgesingapore.com/article/isdn-kept-‘overweight’-it-readies-hk-debut,true,isdn
40T,2025-11-14,ISEC Healthcare marks third year of record revenue; eyes further regional expansion,Billion Dollar Club 2025,https://www.theedgesingapore.com/bdc-sector-winners/billion-dollar-club-2025/isec-healthcare-marks-third-year-record-revenue-eyes,false,isec-healthcare
40T,2024-11-12,ISEC Healthcare tops sector; TalkMed Group wins weighted ROE,Billion Dollar Club 2026,https://www.theedgesingapore.com/bdc-sector-winners/billion-dollar-club-2024/isec-healthcare-tops-sector-talkmed-group-wins-weighted,false,isec-healthcare
40T,2024-10-23,ISEC Healthcare 3QFY2024 earnings up by 11% y-o-y at $4.3 mil,Results,https://www.theedgesingapore.com/capital/results/isec-healthcare-3qfy2024-earnings-11-y-o-y-43-mil,true,isec-healthcare
40T,2024-06-13,ISEC Healthcare seeks regional growth in eyecare space,Corporate moves,https://www.theedgesingapore.com/news/corporate-moves/isec-healthcare-seeks-regional-growth-eyecare-space,true,isec-healthcare
40T,2024-04-21,ISEC Healthcare 1QFY2024 earnings dip by 6% y-o-y on higher admin costs,Results,https://www.theedgesingapore.com/capital/results/isec-healthcare-1qfy2024-earnings-dip-6-y-o-y-higher-admin-costs,true,isec-healthcare
40T,2024-03-21,"Brokers’ Digest: CLINT, Marco Polo Marine, Hong Leong Asia, Dyna-Mac, Prime US REIT, SGX, ISDN, ISEC Healthcare, Hyphens",Broker's Calls,https://www.theedgesingapore.com/capital/brokers-calls/brokers-digest-clint-marco-polo-marine-hong-leong-asia-dyna-mac-prime-us-reit,true,isec-healthcare
40T,2024-03-18,"ISEC Healthcare eyes growth and maintains attractive dividend, says SAC Capital",Broker's Calls,https://www.theedgesingapore.com/capital/brokers-calls/isec-healthcare-eyes-growth-and-maintains-attractive-dividend-says-sac-capital,true,isec-healthcare
40T,2019-08-27,ISEC Healthcare share sale agreement set to trigger 36 cts/share offer when completed,Offer,https://www.theedgesingapore.com/capital/offer/isec-healthcare-share-sale-agreement-set-trigger-36-ctsshare-offer-when-completed,true,isec-healthcare
40T,2019-02-26,ISEC Healthcare reports 10% rise in FY18 earnings to $8.7 mil on higher sales,Results,https://www.theedgesingapore.com/capital/results/isec-healthcare-reports-10-rise-fy18-earnings-87-mil-higher-sales,true,isec-healthcare
40T,2018-05-09,ISEC Healthcare reports 29% rise in 1Q earnings of $2.15 mil,Results,https://www.theedgesingapore.com/capital/results/isec-healthcare-reports-29-rise-1q-earnings-215-mil,true,isec-healthcare
42C,2026-08-21,iX Biopharma reports lower losses of $8 mil for FY2026; near-term priority on EUA application,Results,https://www.theedgesingapore.com/capital/results/ix-biopharma-reports-lower-losses-8-mil-fy2026-near-term-priority-eua-application,false,ix-biopharma
42C,2026-07-27,OCBC emerges as substantial shareholder of iX Biopharma,Insider moves,https://www.theedgesingapore.com/capital/insider-moves/ocbc-emerges-substantial-shareholder-ix-biopharma,false,ix-biopharma
42C,2026-07-15,"Ahead of the July 17 warrant expiry deadline, iX Biopharma allots 11.7 mil new shares following latest warrant exercise",Equity raising,https://www.theedgesingapore.com/news/equity-raising/ahead-july-17-warrant-expiry-deadline-ix-biopharma-allots-117-mil-new-shares,true,ix-biopharma
42C,2026-07-14,iX Biopharma allots close to 2.92 mil new shares following warrant exercise,Equity raising,https://www.theedgesingapore.com/news/equity-raising/ix-biopharma-allots-close-292-mil-new-shares-following-warrant-exercise,true,ix-biopharma
42C,2026-06-05,"Pain relief for GI Joes, giant leap for iX Biopharma",Corporate moves,https://www.theedgesingapore.com/news/corporate-moves/pain-relief-gi-joes-giant-leap-ix-biopharma,true,ix-biopharma
42C,2026-04-30,Dire Straits hasn’t stopped the flow of Money for Nothing,Global Markets,https://www.theedgesingapore.com/views/global-markets/dire-straits-hasnt-stopped-flow-money-nothing,true,ix-biopharma
42C,2026-04-15,iX Biopharma’s Lee and wife Tang sell 13 mil shares on two different occasions,Insider moves,https://www.theedgesingapore.com/capital/insider-moves/ix-biopharmas-lee-and-wife-tang-sell-13-mil-shares-two-different-occasions,true,ix-biopharma
42C,2026-04-15,Share price of iX Biopharma briefly hits IPO price of 46 cents after listing on Catalist board for 11 years,Company in the news,https://www.theedgesingapore.com/news/company-news/share-price-ix-biopharma-briefly-hits-ipo-price-46-cents-after-listing-catalist,true,ix-biopharma
42C,2026-04-10,PhillipCapital re-initiates coverage on iX Biopharma with target price of $1,Broker's Calls,https://www.theedgesingapore.com/capital/brokers-calls/phillipcapital-re-initiates-coverage-ix-biopharma-target-price-1,true,ix-biopharma
42C,2026-04-08,"iX Biopharma's executive chairman injects $600,000 into company via exercise of warrants",Equity raising,https://www.theedgesingapore.com/news/equity-raising/ix-biopharmas-executive-chairman-injects-600000-company-exercise-warrants,true,ix-biopharma
UD2,2025-02-06,"eFishery was a valuation scandal, not accounting fraud","Startups, Entrepreneurs, Digital economy",https://www.theedgesingapore.com/views/startups-entrepreneurs-digital-economy/efishery-was-valuation-scandal-not-accounting-fraud,true,japfa
UD2,2025-01-28,CGS International recommends Japfa shareholders to accept privatisation offer ,Broker's Calls,https://www.theedgesingapore.com/capital/brokers-calls/cgs-international-recommends-japfa-shareholders-accept-privatisation-offer,true,japfa
UD2,2025-01-24,Japfa's controlling Santosa family makes 62 cents per share privatisation offer,Offer,https://www.theedgesingapore.com/news/offer/japfas-controlling-santosa-family-makes-62-cents-share-privatisation-offer,true,japfa
UD2,2025-01-16,Japfa's controlling shareholders in 'advanced' talks involving possible deal,Company in the news,https://www.theedgesingapore.com/news/company-news/japfas-controlling-shareholders-advanced-talks-involving-possible-deal,true,japfa
UD2,2024-10-28,"Japfa records 9MFY2024 patmi of US$87.5 mil, reversing from a loss in 9MFY2023",Results,https://www.theedgesingapore.com/capital/results/japfa-records-9mfy2024-patmi-us875-mil-reversing-loss-9mfy2023,true,japfa
UD2,2024-08-02,"Japfa’s twin engines of growth revving up, likely to sustain profitability in 2HFY2024",Broker's Calls,https://www.theedgesingapore.com/capital/brokers-calls/japfas-twin-engines-growth-revving-likely-sustain-profitability-2hfy2024,true,japfa
UD2,2024-06-13,"Brokers’ Digest: Pan-United, Yangzijiang Shipbuilding, Raffles Medical Group, Frencken, Japfa, Oiltek, CDL, AEM, DFI",Broker's Calls,https://www.theedgesingapore.com/capital/brokers-calls/brokers-digest-pan-united-yangzijiang-shipbuilding-raffles-medical-group,true,japfa
UD2,2024-05-06,CGS International raises Japfa's target price on better market dynamics,Broker's Calls,https://www.theedgesingapore.com/capital/brokers-calls/cgs-international-raises-japfas-target-price-better-market-dynamics,true,japfa
UD2,2024-05-01,"Japfa swings back into profit with US$12.4 mil patmi in 1QFY2024; ebitda more than 4,000% higher y-o-y",Results,https://www.theedgesingapore.com/capital/results/japfa-swings-back-profit-us124-mil-patmi-1qfy2024-ebitda-more-4000-higher-y-o-y,true,japfa
UD2,2024-02-29,Japfa remains in the red for FY2023 but sees substantial improvement,Results,https://www.theedgesingapore.com/capital/results/japfa-remains-red-fy2023-sees-substantial-improvement,true,japfa
C07,2026-02-27,Jardine C&C FY2025 earnings up 5% to US$998 mil,Results,https://www.theedgesingapore.com/capital/results/jardine-cc-fy2025-earnings-5-us998-mil,true,jardine-cycle-carriage
C07,2026-02-23,Jardine C&C's offers investors two Asean growth engines: DBS,Broker's Calls,https://www.theedgesingapore.com/capital/brokers-calls/jardine-ccs-offers-investors-two-asean-growth-engines-dbs,true,jardine-cycle-carriage
C07,2024-07-04,Why Jardine Matheson gets a conglomerate discount ,Company in the news,https://www.theedgesingapore.com/news/company-news/why-jardine-matheson-gets-conglomerate-discount,true,jardine-cycle-carriage
C07,2024-03-20,Jardine C&C's MD and parent raise respective stakes; ST Engineering continues with buybacks,Insider moves,https://www.theedgesingapore.com/capital/insider-moves/jardine-ccs-md-and-parent-raise-respective-stakes-st-engineering-continues,true,jardine-cycle-carriage
C07,2024-02-27,Jardine C&C reports 6% gain in underlying earnings for FY2023,Results,https://www.theedgesingapore.com/capital/results/jardine-cc-reports-6-gain-underlying-earnings-fy2023,true,jardine-cycle-carriage
C07,2023-03-02,"Jardine Matheson reports higher 'underlying' earnings for FY2022, proposes higher dividend payout ",Results,https://www.theedgesingapore.com/capital/results/jardine-matheson-reports-higher-underlying-earnings-fy2022-proposes-higher-dividend,true,jardine-cycle-carriage
C07,2022-09-29,Mapletree Industrial’s director Cheah raises stake; Lian Beng’s Ong family buys more shares,Insider moves,https://www.theedgesingapore.com/capital/insider-moves/mapletree-industrials-director-cheah-raises-stake-lian-bengs-ong-family-buys,true,jardine-cycle-carriage
C07,2022-07-28,Jardine Matheson 1HFY2022 back in the black with earnings of US$423 million,Results,https://www.theedgesingapore.com/capital/results/jardine-matheson-1hfy2022-back-black-earnings-us423-million,true,jardine-cycle-carriage
C07,2022-06-23,Jardine Matheson's top executives buy shares; HRnetGroup steps up share buyback,Insider moves,https://www.theedgesingapore.com/capital/insider-moves/jardine-mathesons-top-executives-buy-shares-hrnetgroup-steps-share-buyback,true,jardine-cycle-carriage
C07,2021-08-05,Dividend diamonds could power the STI,Singapore economy,https://www.theedgesingapore.com/views/singapore-economy/dividend-diamonds-could-power-sti,true,jardine-cycle-carriage
J36,2026-08-14,"Broker's Digest: Venture, ESR-REIT, Ever Glory, Sasseur REIT, Delfi, Jardine Matheson, Elite UK REIT",Broker's Calls,https://www.theedgesingapore.com/capital/brokers-calls/brokers-digest-venture-esr-reit-ever-glory-sasseur-reit-delfi-jardine-matheson,true,jardine-matheson
J36,2026-07-30,Jardine Matheson’s 1HFY2026 underlying profit grew 9% y-o-y to US$735 mil; declares higher dividend of 65 US cents,Results,https://www.theedgesingapore.com/capital/results/jardine-mathesons-1hfy2026-underlying-profit-grew-9-y-o-y-us735-mil-declares-higher,false,jardine-matheson
J36,2026-06-19,DBS lays out case for DFI Retail to move ahead with Hong Kong supermarket consolidation,Investing ideas,https://www.theedgesingapore.com/capital/investing-ideas/dbs-lays-out-case-dfi-retail-move-ahead-hong-kong-supermarket-consolidation,true,jardine-matheson
J36,2026-06-16," Jardine to buy back US$500 mil shares, seeks to boost returns",Company in the news,https://www.theedgesingapore.com/news/company-news/jardine-buy-back-us500-mil-shares-seeks-boost-returns,true,jardine-matheson
J36,2026-05-25,Jardine Matheson buys Australia-based diagnostic chain at enterprise value of A$3.4 bil,M&A,https://www.theedgesingapore.com/news/ma/jardine-matheson-buys-australia-based-diagnostic-chain-enterprise-value-a34-bil,true,jardine-matheson
J36,2026-04-24,DFI’s FY2026 off to ‘strong start’; ‘disciplined’ approach to potential supermarket merger,Investing ideas,https://www.theedgesingapore.com/capital/investing-ideas/dfis-fy2026-strong-start-disciplined-approach-potential-supermarket,true,jardine-matheson
J36,2026-04-21,DFI's underlying profit from continuing operations up 49% y-o-y in 1QFY2026,Results,https://www.theedgesingapore.com/capital/results/dfis-underlying-profit-continuing-operations-49-y-o-y-1qfy2026,true,jardine-matheson
J36,2026-04-18,Potential merger of DFI's supermarket unit in Hong Kong with rival faces 'substantial' valuation gap: DBS,Broker's Calls,https://www.theedgesingapore.com/capital/brokers-calls/potential-merger-dfis-supermarket-unit-hong-kong-rival-faces-substantial,true,jardine-matheson
J36,2026-04-17,Jardine and CK Hutchison in supermarket merger talks: FT,M&A,https://www.theedgesingapore.com/news/ma/jardine-and-ck-hutchison-supermarket-merger-talks-ft,true,jardine-matheson
J36,2026-03-13,Does the new attitude at Jardines go well with STI’s own level-up?,Frankly Speaking,https://www.theedgesingapore.com/views/frankly-speaking/does-new-attitude-jardines-go-well-stis-own-level,true,jardine-matheson
J36,2026-08-05,Pang of DBS maintains 'buy' call and $35.50 target price on Jardine C&C,Broker's Calls,https://www.theedgesingapore.com/capital/brokers-calls/pang-dbs-maintains-buy-call-and-3550-target-price-jardine-cc,true,jardine-matheson-holdings
J36,2026-07-13,"With better ‘shareholder alignment’, Jardine Matheson is a ‘buy’ for DBS",Investing ideas,https://www.theedgesingapore.com/capital/investing-ideas/better-shareholder-alignment-jardine-matheson-buy-dbs,true,jardine-matheson-holdings
J36,2025-12-05,Buybacks may drive the Straits Times Index,STI watch,https://www.theedgesingapore.com/views/sti-watch/buybacks-may-drive-straits-times-index,true,jardine-matheson-holdings
J36,2025-07-31,Jardine Matheson Holdings underlying profit up 45% y-o-y to US$798 mil for 1HFY2025,Results,https://www.theedgesingapore.com/capital/results/jardine-matheson-holdings-underlying-profit-45-y-o-y-us798-mil-1hfy2025,true,jardine-matheson-holdings
J36,2025-07-24,DFI’s ‘mind-blowing’ special dividend signals focus on organic operational improvements,Stocks To Watch,https://www.theedgesingapore.com/news/stocks-watch/dfis-mind-blowing-special-dividend-signals-focus-organic-operational,true,jardine-matheson-holdings
J36,2025-05-29,Jardine Matheson appoints Lincoln Pan as new CEO; group MD John Witt retires in November,New appointments,https://www.theedgesingapore.com/news/new-appointments/jardine-matheson-appoints-lincoln-pan-new-ceo-group-md-john-witt-retires,true,jardine-matheson-holdings
J36,2024-11-15,"DBS keeps 'buy' call on DFI Retail Group, flags higher probability of special dividend with lower than expected debt",Broker's Calls,https://www.theedgesingapore.com/capital/brokers-calls/dbs-keeps-buy-call-dfi-retail-group-flags-higher-probability-special-dividend,true,jardine-matheson-holdings
J36,2024-08-01,Jardine Matheson’s 1HFY2024 underlying profit down 33% y-o-y to US$550 mil on weaker Hongkong Land contribution,Results,https://www.theedgesingapore.com/news/results/jardine-mathesons-1hfy2024-underlying-profit-down-33-y-o-y-us550-mil-weaker-hongkong,true,jardine-matheson-holdings
J36,2024-06-13,"Jardine Matheson increases stake in Jardine C&C; buys 444,900 shares at $27 apiece",Insider moves,https://www.theedgesingapore.com/capital/insider-moves/jardine-matheson-increases-stake-jardine-cc-buys-444900-shares-27-apiece,true,jardine-matheson-holdings
J36,2024-04-25,Jardine Matheson steps up share buybacks; Hongkong Land directors commit to buy shares,Insider moves,https://www.theedgesingapore.com/capital/insider-moves/jardine-matheson-steps-share-buybacks-hongkong-land-directors-commit-buy,true,jardine-matheson-holdings
BN4,2026-08-11,Keppel's Kruger Cable System receives FBO licence; prospective investors to decide by end 2026,Telecommunications,https://www.theedgesingapore.com/news/telecommunications/keppels-kruger-cable-system-receives-fbo-licence-prospective-investors,false,keppel
BN4,2026-08-07,Analysts upbeat on Keppel’s transformation story despite lower 1HFY2026 earnings,Investing ideas,https://www.theedgesingapore.com/capital/investing-ideas/analysts-upbeat-keppels-transformation-story-despite-lower-1hfy2026,true,keppel
BN4,2026-07-30,Keppel reports lower 1HFY2026 earnings of $154.7 mil on impairments ,Results,https://www.theedgesingapore.com/news/results/keppel-reports-lower-1hfy2026-earnings-1547-mil-impairments,false,keppel
BN4,2026-07-28,Keppel surpasses end-2026 FUM target of $100 billion,Infrastructure,https://www.theedgesingapore.com/news/infrastructure/keppel-surpasses-end-2026-fum-target-100-billion,false,keppel
BN4,2026-07-27,Keppel to divest up to 10 legacy rigs into fund; to book $1.2 bil from sale of first six,Offshore & Marine,https://www.theedgesingapore.com/news/offshore-marine/keppel-divest-10-legacy-rigs-fund-book-12-bil-sale-first-six,false,keppel
BN4,2026-07-24,"STI can reach 6,800 because of ‘Orchard Road effect’: Maybank Securities",Investing strategies,https://www.theedgesingapore.com/capital/investing-strategies/sti-can-reach-6800-because-orchard-road-effect-maybank-securities,true,keppel
BN4,2026-07-13,"Keppel fully leases Bifrost subsea cable system, eyes US$1.3 bil in total contract value",Telecommunications,https://www.theedgesingapore.com/news/telecommunications/keppel-fully-leases-bifrost-subsea-cable-system-eyes-us13-bil-total-contract,true,keppel
BN4,2026-07-03,Local firms powering Singapore’s strong green revenues,Investing strategies,https://www.theedgesingapore.com/capital/investing-strategies/local-firms-powering-singapores-strong-green-revenues,true,keppel
BN4,2026-06-17,"Keppel signs user for fourth Bifrost fibre pair, in talks with another and 'progressing well' on next cable system",Tech,https://www.theedgesingapore.com/news/tech/keppel-signs-user-fourth-bifrost-fibre-pair-talks-another-and-progressing-well-next-cable,true,keppel
BN4,2026-06-09,Keppel secures land for data centre development in South Korea,Data centres,https://www.theedgesingapore.com/news/data-centres/keppel-secures-land-data-centre-development-south-korea,true,keppel
BN4,2024-05-23,M1 in state of constant flux to stay nimble amid intense competition,Telecommunications,https://www.theedgesingapore.com/news/telecommunications/m1-state-constant-flux-stay-nimble-amid-intense-competition,true,keppel-corporation
BN4,2023-12-11,"Keppel, AM Green to explore biogenic carbon-based sustainable fuels in Asia, Middle East",Company in the news,https://www.theedgesingapore.com/news/company-news/keppel-am-green-explore-biogenic-carbon-based-sustainable-fuels-asia-middle-east,true,keppel-corporation
BN4,2023-12-06,Keppel Corporation’s acquisition of Aermont Capital ‘checks all boxes’,Broker's Calls,https://www.theedgesingapore.com/capital/brokers-calls/keppel-corporations-acquisition-aermont-capital-checks-all-boxes,true,keppel-corporation
BN4,2023-07-21,"UOB Kay Hian moderates STI target to 3,240 but Singapore market 'still the place to be'",Singapore economy,https://www.theedgesingapore.com/capital/singapore-economy/uob-kay-hian-moderates-sti-target-3240-singapore-market-still-place-be,true,keppel-corporation
BN4,2023-07-19,Keppel breaks ground for Singapore's first hydrogen ready cogeneration plant,Company in the news,https://www.theedgesingapore.com/news/company-news/keppel-breaks-ground-singapores-first-hydrogen-ready-cogeneration-plant,true,keppel-corporation
BN4,2023-07-06,Keppel Corp acquires 65% stake in a project company that will hold a retail property in Hanoi for $70 mil,M&A,https://www.theedgesingapore.com/capital/ma/keppel-corp-acquires-65-stake-project-company-will-hold-retail-property-hanoi-70-mil,true,keppel-corporation
BN4,2023-05-29,UOB and Keppel join forces to provide solutions supporting businesses' sustainability and digitalisation journeys,"Deals, joint ventures & alliances",https://www.theedgesingapore.com/news/deals-joint-ventures-alliances/uob-and-keppel-join-forces-provide-solutions-supporting,true,keppel-corporation
BN4,2023-04-20,"Keppel Corporation 1QFY2023 revenue up 9% y-o-y, net profit 'significantly higher' with O&M disposal gain",Results,https://www.theedgesingapore.com/capital/results/keppel-corporation-1qfy2023-revenue-9-y-o-y-net-profit-significantly-higher-om,true,keppel-corporation
BN4,2023-03-30,"Sabana REIT partners Keppel EaaS to build EV charging, solar panels in its properties",Sustainability,https://www.theedgesingapore.com/news/sustainability/sabana-reit-partners-keppel-eaas-build-ev-charging-solar-panels-its-properties,true,keppel-corporation
BN4,2023-03-17,EMA grants Keppel Energy conditional approval for Cambodia renewable energy import project,Sustainability,https://www.theedgesingapore.com/news/sustainability/ema-grants-keppel-energy-conditional-approval-cambodia-renewable-energy-import,true,keppel-corporation
AJBU,2026-07-23,Keppel DC REIT's 1HFY2026 DPU rises by 11.3% y-o-y,Results,https://www.theedgesingapore.com/capital/results/keppel-dc-reits-1hfy2026-dpu-rises-113-y-o-y,true,keppel-dc-reit
AJBU,2026-07-10,Scarce investments,Investing strategies,https://www.theedgesingapore.com/capital/investing-strategies/scarce-investments,true,keppel-dc-reit
AJBU,2026-04-16,Keppel DC REIT plans AEI for KDC SGP 1,Broker's Calls,https://www.theedgesingapore.com/capital/brokers-calls/keppel-dc-reit-plans-aei-kdc-sgp-1,true,keppel-dc-reit
AJBU,2026-04-16,Keppel DC REIT's 1Q2026 DPU rises 13.2% to 2.833 cents,Results,https://www.theedgesingapore.com/capital/results/keppel-dc-reits-1q2026-dpu-rises-132-2833-cents,true,keppel-dc-reit
AJBU,2026-01-30,Keppel DC REIT's DPU rises 9.8% in FY2025 after setting aside capex and ULP reserves,Results,https://www.theedgesingapore.com/capital/results/keppel-dc-reits-dpu-rises-98-fy2025-after-setting-aside-capex-and-ulp-reserves,true,keppel-dc-reit
AJBU,2025-10-27,Higher target prices for Keppel DC REIT following 3QFY2025 improvements in DPU despite wider unit base,Broker's Calls,https://www.theedgesingapore.com/capital/brokers-calls/higher-target-prices-keppel-dc-reit-following-3qfy2025-improvements-dpu,true,keppel-dc-reit
AJBU,2025-10-24,Keppel DC REIT's distributable income and net property income up 55.5% and 42.2% for 9MFY2025,Results,https://www.theedgesingapore.com/capital/results/keppel-dc-reits-distributable-income-and-net-property-income-555-and-422-9mfy2025,true,keppel-dc-reit
AJBU,2025-09-22,Keppel DC REIT acquires Tokyo data centre for $707 million; prices preferential offering at $2.24 per new unit,REITs,https://www.theedgesingapore.com/capital/reits/keppel-dc-reit-acquires-tokyo-data-centre-707-million-prices-preferential-offering-224,true,keppel-dc-reit
AJBU,2025-09-17,"No silver bullet, but silver linings exist in data centre financing ",REIT Watch,https://www.theedgesingapore.com/capital/reit-watch/no-silver-bullet-silver-linings-exist-data-centre-financing,true,keppel-dc-reit
AJBU,2025-08-27,Data centre value chain comprises more than just REITs,REIT Watch,https://www.theedgesingapore.com/news/reit-watch/data-centre-value-chain-comprises-more-just-reits,true,keppel-dc-reit
A7RU,2026-05-06,CGSI maintains 60 cents target price on KIT following $128.1 mil deal to raise stake in power plant,Broker's Calls,https://www.theedgesingapore.com/capital/brokers-calls/cgsi-maintains-60-cents-target-price-kit-following-1281-mil-deal-raise-stake,true,keppel-infrastructure-trust
A7RU,2026-05-04,KIT announces proposed acquisition of 39% of Keppel Merlimau for $128.1 mil,Infrastructure,https://www.theedgesingapore.com/news/infrastructure/kit-announces-proposed-acquisition-39-keppel-merlimau-1281-mil,true,keppel-infrastructure-trust
A7RU,2026-02-03,Keppel Infrastructure Trust's FY2025 DPU rose 1% y-o-y to 3.94 cents,Results,https://www.theedgesingapore.com/capital/results/keppel-infrastructure-trusts-fy2025-dpu-rose-1-y-o-y-394-cents,true,keppel-infrastructure-trust
A7RU,2025-04-02,OCBC keeps 'buy' on KIT following planned acquisition of stake in subsea cable layer,Broker's Calls,https://www.theedgesingapore.com/capital/brokers-calls/ocbc-keeps-buy-kit-following-planned-acquisition-stake-subsea-cable-layer,true,keppel-infrastructure-trust
A7RU,2024-08-01,Perps make a comeback as investors remember Hyflux; capital management remains stable,REIT Watch,https://www.theedgesingapore.com/capital/reit-watch/perps-make-comeback-investors-remember-hyflux-capital-management-remains-stable,true,keppel-infrastructure-trust
A7RU,2024-04-02,"KIT’s trustee-manager announces second EFR within a year, says EGM resolutions are DPU-accretive ",Infrastructure,https://www.theedgesingapore.com/news/infrastructure/kits-trustee-manager-announces-second-efr-within-year-says-egm-resolutions-are,true,keppel-infrastructure-trust
A7RU,2024-03-07,Keppel Infrastructure Trust rides fast-growing energy transition asset class,Infrastructure,https://www.theedgesingapore.com/news/infrastructure/keppel-infrastructure-trust-rides-fast-growing-energy-transition-asset-class,true,keppel-infrastructure-trust
A7RU,2023-12-29,"Gas tariff to increase by 0.73 cent per kWh before 9% GST, starting Jan 1",Commodities,https://www.theedgesingapore.com/news/commodities/gas-tariff-increase-073-cent-kwh-9-gst-starting-jan-1,true,keppel-infrastructure-trust
A7RU,2023-11-10,"Brokers' Digest: Japfa, HRnetGroup, Keppel Infrastructure Trust, Frencken",Broker's Calls,https://www.theedgesingapore.com/capital/brokers-calls/brokers-digest-japfa-hrnetgroup-keppel-infrastructure-trust-frencken,true,keppel-infrastructure-trust
A7RU,2023-11-03,"DBS maintains 'buy' call on KIT, lauds special distribution by new CEO",Broker's Calls,https://www.theedgesingapore.com/capital/brokers-calls/dbs-maintains-buy-call-kit-lauds-special-distribution-new-ceo,true,keppel-infrastructure-trust
K71U,2026-07-31,"Keppel REIT downplays ORQ stake acquisition, to focus on divestments for the rest of the year",Corporate moves,https://www.theedgesingapore.com/news/corporate-moves/keppel-reit-downplays-orq-stake-acquisition-focus-divestments-rest-year,true,keppel-reit
K71U,2026-07-29,"Keppel REIT’s 1HFY2026 DPU down 4% y-o-y to 2.61 cents, to divest KR Ginza II at 9.7% above valuation",Results,https://www.theedgesingapore.com/capital/results/keppel-reits-1hfy2026-dpu-down-4-y-o-y-261-cents-divest-kr-ginza-ii-97-above,false,keppel-reit
K71U,2026-04-21,Keppel REIT’s NPI rises 9.7% y-o-y in 1QFY2026,Results,https://www.theedgesingapore.com/capital/results/keppel-reits-npi-rises-97-y-o-y-1qfy2026,true,keppel-reit
K71U,2026-02-13,Keppel REIT rules out near-term equity fundraising and sets 2026 cost of borrowing targets,Corporate moves,https://www.theedgesingapore.com/news/corporate-moves/keppel-reit-rules-out-near-term-equity-fundraising-and-sets-2026-cost-borrowing,true,keppel-reit
K71U,2026-01-28,"REITs vs private funds? The more options, the better, says Cushman & Wakefield head",REITs,https://www.theedgesingapore.com/cityandcountry/reits/reits-vs-private-funds-more-options-better-says-cushman-wakefield-head,true,keppel-reit
K71U,2026-01-09,Keppel REIT’s acquisition of MBFC stake ‘strategic’ but target prices cut on near-term dilution,Investing ideas,https://www.theedgesingapore.com/capital/investing-ideas/keppel-reits-acquisition-mbfc-stake-strategic-target-prices-cut-near-term,true,keppel-reit
K71U,2025-12-15,Analysts downgrade Keppel REIT with lower TP on dilutive acquisition of additional one-third stake in MBFC Tower 3,Broker's Calls,https://www.theedgesingapore.com/capital/brokers-calls/analysts-downgrade-keppel-reit-lower-tp-dilutive-acquisition-additional-one,true,keppel-reit
K71U,2025-12-12,Keppel REIT buys one-third stake in MBFC3 from Hongkong Land in a DPU dilutive acquisition ,REITs,https://www.theedgesingapore.com/news/reits/keppel-reit-buys-one-third-stake-mbfc3-hongkong-land-dpu-dilutive-acquisition,true,keppel-reit
K71U,2025-12-12,"Hongkong Land plans private property fund with its stakes in ORQ, MBFC and ORL as seed assets",Funds,https://www.theedgesingapore.com/news/funds/hongkong-land-plans-private-property-fund-its-stakes-orq-mbfc-and-orl-seed-assets,true,keppel-reit
K71U,2025-12-11,Keppel REIT buys one-third stake in MBFC3 from Hongkong Land in DPU dilutive deal,REITs,https://www.theedgesingapore.com/news/reits/keppel-reit-buys-one-third-stake-mbfc3-hongkong-land-dpu-dilutive-deal,true,keppel-reit
ER0,2023-05-28,KSH reports FY2023 earnings of $22.3 million,Results,https://www.theedgesingapore.com/capital/results/ksh-reports-fy2023-earnings-223-million,true,ksh
ER0,2017-07-12,"Developers getting more aggressive in their land bids, says DBS",Property,https://www.theedgesingapore.com/property/developers-getting-more-aggressive-their-land-bids-says-dbs,true,ksh
ER0,2017-05-03,Luma Concept Hotel London to welcome first guests on April 28,Property,https://www.theedgesingapore.com/property/luma-concept-hotel-london-welcome-first-guests-april-28,true,ksh
ER0,2017-04-10,"CWT, Sembcorp, Tuan Sing, Keppel, SGX, KS Energy, Sabana REIT, Heeton, Lian Beng, KSH, Ryobi Kiso, Vard",Stocks To Watch,https://www.theedgesingapore.com/stocks-watch/cwt-sembcorp-tuan-sing-keppel-sgx-ks-energy-sabana-reit-heeton-lian-beng-ksh-ryobi-kiso,true,ksh
ER0,2017-01-09,"SembMarine, Secura, GKE, KSH, Ascendas i-Trust, Cosco",Stocks To Watch,https://www.theedgesingapore.com/article/sembmarine-secura-gke-ksh-ascendas-i-trust-cosco,true,ksh
JYEU,2026-02-25,Lendlease REIT to acquire remaining 30% of PLQ Mall; launches $196.6 mil rights issue priced at 55.8 cents each,REITs,https://www.theedgesingapore.com/capital/reits/lendlease-reit-acquire-remaining-30-plq-mall-launches-1966-mil-rights-issue-priced-558,true,lendlease-global-commercial-reit
JYEU,2026-08-03,"Lendlease REIT’s FY2026 DPU rises 3%; perps lowered by 40%, raising ICR",Results,https://www.theedgesingapore.com/capital/results/lendlease-reits-fy2026-dpu-rises-3-perps-lowered-40-raising-icr,false,lendlease-reit
JYEU,2026-05-18,Lendlease REIT reports higher occupany in 3QFY2026 with lower pro forma gearing ,Results,https://www.theedgesingapore.com/capital/results/lendlease-reit-reports-higher-occupany-3qfy2026-lower-pro-forma-gearing,true,lendlease-reit
41O,2026-06-12,UOBKH maintains 'buy' and 71 cents target price on LHN,Broker's Calls,https://www.theedgesingapore.com/capital/brokers-calls/uobkh-maintains-buy-and-71-cents-target-price-lhn,true,lhn
41O,2026-06-12,Co-living stocks find favour as Coliwoo and The Assembly Place test investor appetite,Investing ideas,https://www.theedgesingapore.com/capital/investing-ideas/co-living-stocks-find-favour-coliwoo-and-assembly-place-test-investor,true,lhn
41O,2026-04-29,"LHN, Coliwoo expect higher earnings for 1HFY2026 ended March",Company in the news,https://www.theedgesingapore.com/news/company-news/lhn-coliwoo-expect-higher-earnings-1hfy2026-ended-march,true,lhn
41O,2026-03-27,"Broker's Digest: LHN, Addvalue, Manulife US REIT, Frencken, Nam Cheong, TeleChoice, CLCT, Singtel",Broker's Calls,https://www.theedgesingapore.com/capital/brokers-calls/brokers-digest-lhn-addvalue-manulife-us-reit-frencken-nam-cheong-telechoice,true,lhn
41O,2026-01-26,DBS initiates coverage on Coliwoo with 'buy' and 88 cents target price,Broker's Calls,https://www.theedgesingapore.com/capital/brokers-calls/dbs-initiates-coverage-coliwoo-buy-and-88-cents-target-price,true,lhn
41O,2026-01-15,Analysts initiate ‘buy’ on Coliwoo as strong pipeline expected to bring strong returns,Broker's Calls,https://www.theedgesingapore.com/capital/brokers-calls/analysts-initiate-buy-coliwoo-strong-pipeline-expected-bring-strong-returns,true,lhn
41O,2026-01-09,Brokers initiate ‘buy’ on Coliwoo with bullish stance on growth opportunities,Broker's Calls,https://www.theedgesingapore.com/capital/brokers-calls/brokers-initiate-buy-coliwoo-bullish-stance-growth-opportunities,true,lhn
41O,2025-12-10,Analysts see much room for growth ahead for LHN,Broker's Calls,https://www.theedgesingapore.com/capital/brokers-calls/analysts-see-much-room-growth-ahead-lhn,true,lhn
41O,2025-11-20,Coliwoo forms JV with Macritchie Developments to acquire 1 King George's Ave,Property,https://www.theedgesingapore.com/news/property/coliwoo-forms-jv-macritchie-developments-acquire-1-king-georges-ave,true,lhn
41O,2025-11-14,LHN extends real estate management chops; PropNex returns for ROE; Tosei Corp tops for earnings growth,Billion Dollar Club 2025,https://www.theedgesingapore.com/bdc-sector-winners/billion-dollar-club-2025/lhn-extends-real-estate-management-chops-propnex-returns,false,lhn
41O,2025-11-28,"LHN Limited earnings at $20 mil for FY2025, down 57.6% y-o-y from net fair value losses",Results,https://www.theedgesingapore.com/capital/results/lhn-limited-earnings-20-mil-fy2025-down-576-y-o-y-net-fair-value-losses,true,lhn-limited
41O,2025-11-06,LHN sees room to grow via spin-off listing and several expansion plans,IPO,https://www.theedgesingapore.com/news/ipo/lhn-sees-room-grow-spin-listing-and-several-expansion-plans,true,lhn-limited
41O,2025-10-30,LHN fulfils all conditions to delist from HKEX,Delistings,https://www.theedgesingapore.com/news/delistings/lhn-fulfils-all-conditions-delist-hkex,true,lhn-limited
41O,2025-09-26,"LHN’s Coliwoo spin-off unlocks value, while self-storage segment adds upside: UOBKH",Broker's Calls,https://www.theedgesingapore.com/capital/brokers-calls/lhns-coliwoo-spin-unlocks-value-while-self-storage-segment-adds-upside-uobkh,true,lhn-limited
41O,2025-07-05,LHN proposes to voluntarily delist from HKEX,Delistings,https://www.theedgesingapore.com/news/delistings/lhn-proposes-voluntarily-delist-hkex,true,lhn-limited
41O,2025-05-29,"Brokers’ Digest: CSE Global, Centurion, CDL, LHN, Delfi, DFI Retail Group",Broker's Calls,https://www.theedgesingapore.com/capital/brokers-calls/brokers-digest-cse-global-centurion-cdl-lhn-delfi-dfi-retail-group,true,lhn-limited
41O,2025-05-22,LHN sells stake in Geylang Road property for $25.8 mil,Property,https://www.theedgesingapore.com/news/property/lhn-sells-stake-geylang-road-property-258-mil,true,lhn-limited
41O,2025-05-15,LHN’s earnings up 8.8% y-o-y to $14.1 mil for 1HFY2025; application for spin-off of Coliwoo submitted,Results,https://www.theedgesingapore.com/capital/results/lhns-earnings-88-y-o-y-141-mil-1hfy2025-application-spin-coliwoo-submitted,true,lhn-limited
41O,2025-02-15,LHN establishes JV with Oxley’s chairman and group general manager to acquire and redevelop property in Geylang,Property,https://www.theedgesingapore.com/news/property/lhn-establishes-jv-oxleys-chairman-and-group-general-manager-acquire-and-redevelop,true,lhn-limited
41O,2024-05-31,"Brokers’ Digest: Singtel, Prime US REIT, CDL, LHN, Hongkong Land, Fu Yu Corp, Sheng Siong, Cromwell European REIT",Broker's Calls,https://www.theedgesingapore.com/capital/brokers-calls/brokers-digest-singtel-prime-us-reit-cdl-lhn-hongkong-land-fu-yu-corp-sheng,true,lhn-limited
F1E,2026-01-22,Asdew's Wang sells entire 7.9% stake in Low Keng Huat at 78 cents each,Company in the news,https://www.theedgesingapore.com/news/company-news/asdews-wang-sells-entire-79-stake-low-keng-huat-78-cents-each,true,low-keng-huat
F1E,2026-01-15,Asdew's Wang raises stake in Low Keng Huat to 7.29% with open market buying,Company in the news,https://www.theedgesingapore.com/news/company-news/asdews-wang-raises-stake-low-keng-huat-729-open-market-buying,true,low-keng-huat
F1E,2026-01-14,Privatisation offer for Low Keng Huat raised to 78 cents per share,Offer,https://www.theedgesingapore.com/news/offer/privatisation-offer-low-keng-huat-raised-78-cents-share,true,low-keng-huat
F1E,2025-12-31,IFA Zico Capital recommends Low Keng Huat shareholders to accept 'not fair' but 'reasonable' offer,Company in the news,https://www.theedgesingapore.com/news/company-news/ifa-zico-capital-recommends-low-keng-huat-shareholders-accept-not-fair-reasonable,true,low-keng-huat
F1E,2025-12-02,Value investor requests Low Keng Huat's independent directors ask for a better price ,M&A,https://www.theedgesingapore.com/news/ma/value-investor-requests-low-keng-huats-independent-directors-ask-better-price,true,low-keng-huat
F1E,2025-11-28,Managing director of Low Keng Huat offers to take company private at 72 cents per share,Offer,https://www.theedgesingapore.com/news/offer/managing-director-low-keng-huat-offers-take-company-private-72-cents-share,true,low-keng-huat
F1E,2024-09-13,Low Keng Huat reverses into $5.8 mil profit for 1HFY2025,Results,https://www.theedgesingapore.com/capital/results/low-keng-huat-reverses-58-mil-profit-1hfy2025,true,low-keng-huat
F1E,2021-09-14,Low Keng Huat posts 52% drop in 1H earnings to $25.1 mil,Results,https://www.theedgesingapore.com/capital/results/low-keng-huat-posts-52-drop-1h-earnings-251-mil,true,low-keng-huat
F1E,2019-04-02,Low Keng Huat posts 34% lower 4Q earnings of $3.5 mil on revenue decline,Results,https://www.theedgesingapore.com/capital/results/low-keng-huat-posts-34-lower-4q-earnings-35-mil-revenue-decline,true,low-keng-huat
F1E,2018-02-14,Low Keng Huat acquires Cairnhill Mansions for $362 mil in en bloc sale,Property,https://www.theedgesingapore.com/property/low-keng-huat-acquires-cairnhill-mansions-362-mil-en-bloc-sale,true,low-keng-huat
ME8U,2026-06-05,"Broker's Digest: Mapletree Industrial Trust, IHH, Elite UK REIT, Addvalue, Nordic, Valuetronics, UI Boustead REIT",Broker's Calls,https://www.theedgesingapore.com/capital/brokers-calls/brokers-digest-mapletree-industrial-trust-ihh-elite-uk-reit-addvalue-nordic,true,mapletree-industrial-trust
ME8U,2025-04-16,Growing 'reasoning' demand underpins UOB Kay Hian's bullish call on data centre REITs,Investing ideas,https://www.theedgesingapore.com/capital/investing-ideas/growing-reasoning-demand-underpins-uob-kay-hians-bullish-call-data-centre,true,mapletree-industrial-trust
ME8U,2025-01-21,Mapletree Logistics Trust 3QFY2024 DPU declines 11.1% y-o-y to 2.003 cents,Results,https://www.theedgesingapore.com/capital/results/mapletree-logistics-trust-3qfy2024-dpu-declines-111-y-o-y-2003-cents,true,mapletree-industrial-trust
ME8U,2024-07-25,Mapletree Industrial Trust's 1QFY2025 DPU increase by 1.2%to 3.43 cents,Results,https://www.theedgesingapore.com/capital/results/mapletree-industrial-trusts-1qfy2025-dpu-increase-12to-343-cents,true,mapletree-industrial-trust
ME8U,2024-06-06,Struggling Changi Business Park deals blow to Singapore's regional hub ambitions,Property,https://www.theedgesingapore.com/news/property/struggling-changi-business-park-deals-blow-singapores-regional-hub-ambitions,true,mapletree-industrial-trust
ME8U,2024-05-31,"MINT CEO Tham's move will result in 'sense of loss' for investors, says DBS",Broker's Calls,https://www.theedgesingapore.com/news/brokers-calls/mint-ceo-thams-move-will-result-sense-loss-investors-says-dbs,true,mapletree-industrial-trust
ME8U,2023-10-02,"UOBKH adds Marco Polo Marine and RH Petrogas, removes Delfi, LHN Group and Yangzijiang from October alpha picks",Broker's Calls,https://www.theedgesingapore.com/capital/brokers-calls/uobkh-adds-marco-polo-marine-and-rh-petrogas-removes-delfi-lhn-group-and,true,mapletree-industrial-trust
ME8U,2023-08-09,Reading the FOMC tea leaves: Assessing the timing for S-REIT investments,Investing strategies,https://www.theedgesingapore.com/capital/investing-strategies/reading-fomc-tea-leaves-assessing-timing-s-reit-investments,true,mapletree-industrial-trust
ME8U,2023-05-02,"Citing diversified portfolio, OCBC and DBS maintain positive call on Mapletree Industrial Trust",Broker's Calls,https://www.theedgesingapore.com/capital/brokers-calls/citing-diversified-portfolio-ocbc-and-dbs-maintain-positive-call-mapletree,true,mapletree-industrial-trust
ME8U,2023-04-27,"Mapletree Industrial Trust reports 4QFY2023 DPU of 3.33 cents, bringing full year payout to 13.57 cents",Results,https://www.theedgesingapore.com/capital/results/mapletree-industrial-trust-reports-4qfy2023-dpu-333-cents-bringing-full-year-payout,true,mapletree-industrial-trust
M44U,2026-07-28,Mapletree Logistics Trust’s 1QFY2027 DPU up 0.2% y-o-y to 1.816 cents,Results,https://www.theedgesingapore.com/capital/results/mapletree-logistics-trusts-1qfy2027-dpu-02-y-o-y-1816-cents,false,mapletree-logistics-trust
M44U,2026-04-30,MLT's 4Q2026 DPU fell 7% y-o-y while FY2025's DPU fell by 9.8% ,Results,https://www.theedgesingapore.com/capital/results/mlts-4q2026-dpu-fell-7-y-o-y-while-fy2025s-dpu-fell-98,true,mapletree-logistics-trust
M44U,2026-01-26,Mapletree Logistics Trust 3QFY2026 DPU down 9.3% y-o-y but up 0.1% q-o-q,REITs,https://www.theedgesingapore.com/capital/reits/mapletree-logistics-trust-3qfy2026-dpu-down-93-y-o-y-01-q-o-q,true,mapletree-logistics-trust
M44U,2025-05-13,US-China trade truce a 'tactical opportunity' to re-enter MLT,Broker's Calls,https://www.theedgesingapore.com/capital/brokers-calls/us-china-trade-truce-tactical-opportunity-re-enter-mlt,true,mapletree-logistics-trust
M44U,2025-03-14,Seven high-yield counters to look at with latest T-bill paying just 2.56%,Broker's Calls,https://www.theedgesingapore.com/capital/brokers-calls/seven-high-yield-counters-look-latest-t-bill-paying-just-256,true,mapletree-logistics-trust
M44U,2025-01-03,UOB Kay Hian lowers target price for Mapletree Logistics Trust as vacancy in China at a historical high,Broker's Calls,https://www.theedgesingapore.com/capital/brokers-calls/uob-kay-hian-lowers-target-price-mapletree-logistics-trust-vacancy-china,true,mapletree-logistics-trust
M44U,2024-06-13,MLT’s divestment of Mapletree Xi’an Logistics Park signifies ongoing proactive portfolio reconstitution strategy: Citi,Broker's Calls,https://www.theedgesingapore.com/capital/brokers-calls/mlts-divestment-mapletree-xi-logistics-park-signifies-ongoing-proactive,true,mapletree-logistics-trust
M44U,2024-06-12,MLT to divest Mapletree Logistics Warehouse (Xian) for RMB70.5 mil,REITs,https://www.theedgesingapore.com/news/reits/mlt-divest-mapletree-logistics-warehouse-xian-rmb705-mil,true,mapletree-logistics-trust
M44U,2024-05-24,"Mapletree Logistics Trust announces new CEO of the manager, seen by DBS to 'bring continuity'",REITs,https://www.theedgesingapore.com/news/reits/mapletree-logistics-trust-announces-new-ceo-manager-seen-dbs-bring-continuity,true,mapletree-logistics-trust
M44U,2024-05-10,MLT to divest a Tuas warehouse for $10.5 million,REITs,https://www.theedgesingapore.com/capital/reits/mlt-divest-tuas-warehouse-105-million,true,mapletree-logistics-trust
N2IU,2026-04-28,MPACT’s FY2026 DPU down marginal 0.6% y-o-y to 7.97 cents due to one-off tax charge,Results,https://www.theedgesingapore.com/capital/results/mpacts-fy2026-dpu-down-marginal-06-y-o-y-797-cents-due-one-tax-charge,true,mapletree-pan-asia-commercial-trust
5LY,2026-08-20,CGSI sees buying opportunity for Marco Polo Marine,Broker's Calls,https://www.theedgesingapore.com/capital/brokers-calls/cgsi-sees-buying-opportunity-marco-polo-marine,true,marco-polo-marine
5LY,2026-08-18,Marco Polo Marine 3QFY2026 revenue up 13% y-o-y to $35.7 million,Results,https://www.theedgesingapore.com/news/results/marco-polo-marine-3qfy2026-revenue-13-y-o-y-357-million,false,marco-polo-marine
5LY,2026-08-12,Penguin International reports 30.1% y-o-y net profit jump to $9.14 mil for 1HFY2026,Results,https://www.theedgesingapore.com/news/results/penguin-international-reports-301-y-o-y-net-profit-jump-914-mil-1hfy2026,false,marco-polo-marine
5LY,2026-07-24,"Broker's Digest: The Hour Glass, Marco Polo Marine, ComfortDelGro, Addvalue, Oiltek, Singapore Exchange",Broker's Calls,https://www.theedgesingapore.com/capital/brokers-calls/brokers-digest-hour-glass-marco-polo-marine-comfortdelgro-addvalue-oiltek,true,marco-polo-marine
5LY,2026-07-17,RHB keeps Marco Polo Marine at ‘buy’ with 21 cents target,Broker's Calls,https://www.theedgesingapore.com/capital/brokers-calls/rhb-keeps-marco-polo-marine-buy-21-cents-target,true,marco-polo-marine
5LY,2026-07-10,Marco Polo Marine subsidiary to charter out two vessels to Siemens Gamesa,Contracts,https://www.theedgesingapore.com/news/contracts/marco-polo-marine-subsidiary-charter-out-two-vessels-siemens-gamesa,true,marco-polo-marine
5LY,2026-06-12,Record STI reflects strong economy and value-driven corporate activity,Investing ideas,https://www.theedgesingapore.com/capital/investing-ideas/record-sti-reflects-strong-economy-and-value-driven-corporate-activity,true,marco-polo-marine
5LY,2026-06-03,AGT Partners emerges as a substantial shareholder of Marco Polo Marine,Insider moves,https://www.theedgesingapore.com/capital/insider-moves/agt-partners-emerges-substantial-shareholder-marco-polo-marine,true,marco-polo-marine
5LY,2026-05-29,"Marco Polo Marine unlocks value with RTO, new business segment on the cards",Investing ideas,https://www.theedgesingapore.com/capital/investing-ideas/marco-polo-marine-unlocks-value-rto-new-business-segment-cards,true,marco-polo-marine
5LY,2026-05-22,"Broker's Digest: SingPost, Prime US REIT, NTT DC REIT, Marco Polo Marine, CICT",Broker's Calls,https://www.theedgesingapore.com/capital/brokers-calls/brokers-digest-singpost-prime-us-reit-ntt-dc-reit-marco-polo-marine-cict,true,marco-polo-marine
DU4,2026-03-06,Mermaid Maritime taps new growth opportunities in offshore oil and gas,Offshore & Marine,https://www.theedgesingapore.com/news/offshore-marine/mermaid-maritime-taps-new-growth-opportunities-offshore-oil-and-gas,true,mermaid-maritime
DU4,2025-12-26,Oil demand to remain resilient despite immediate headwinds,Sector Focus,https://www.theedgesingapore.com/capital/sector-focus/oil-demand-remain-resilient-despite-immediate-headwinds,true,mermaid-maritime
DU4,2025-11-19,CGSI reduces target price for Mermaid Maritime but keeps ‘add’ call,Broker's Calls,https://www.theedgesingapore.com/capital/brokers-calls/cgsi-reduces-target-price-mermaid-maritime-keeps-add-call,true,mermaid-maritime
DU4,2025-06-26,Heavy trading but little weight as Singapore stocks respond to Middle East tensions,Oil & Gas,https://www.theedgesingapore.com/news/oil-gas/heavy-trading-little-weight-singapore-stocks-respond-middle-east-tensions,true,mermaid-maritime
DU4,2025-02-27,Mermaid Maritime reports earnings of US$14.2 mil for FY2024 from reversal of impairment loss,Results,https://www.theedgesingapore.com/capital/results/mermaid-maritime-reports-earnings-us142-mil-fy2024-reversal-impairment-loss,true,mermaid-maritime
DU4,2024-11-20,Mermaid Maritime appoints Michel Lefebvre as lead independent director ,New appointments,https://www.theedgesingapore.com/news/new-appointments/mermaid-maritime-appoints-michel-lefebvre-lead-independent-director,true,mermaid-maritime
DU4,2024-11-14,"Mermaid Maritime rides on trends in offshore oil and gas, shift towards renewables",SGX Research Series: 10 in 10,https://www.theedgesingapore.com/capital/sgx-research-series-10-10/mermaid-maritime-rides-trends-offshore-oil-and-gas-shift-towards,false,mermaid-maritime
DU4,2024-10-31,O&M players hitch a ride on offshore wind,Offshore & Marine,https://www.theedgesingapore.com/news/offshore-marine/om-players-hitch-ride-offshore-wind,true,mermaid-maritime
DU4,2024-08-15,Mermaid Maritime’s COO: ‘The oil and gas industry remains vital’,Company in the news,https://www.theedgesingapore.com/capital/company-news/mermaid-maritimes-coo--oil-and-gas-industry-remains-vital,true,mermaid-maritime
DU4,2024-08-08,Mermaid Maritime hunts new opportunities in O&M space,Offshore & Marine,https://www.theedgesingapore.com/news/offshore-marine/mermaid-maritime-hunts-new-opportunities-om-space,true,mermaid-maritime
1MZ,2026-08-13,Nam Cheong’s 1HFY2026 net profit jumps 82.9% y-o-y to above RM164 mil,Results,https://www.theedgesingapore.com/news/results/nam-cheongs-1hfy2026-net-profit-jumps-829-y-o-y-above-rm164-mil,false,nam-cheong
1MZ,2026-05-15,"Nam Cheong reports 1QFY2026 patmi of RM78.9 mil, lowers net gearing to 0.17 times",Results,https://www.theedgesingapore.com/news/results/nam-cheong-reports-1qfy2026-patmi-rm789-mil-lowers-net-gearing-017-times,true,nam-cheong
1MZ,2026-04-24,"Broker's Digest: Info-Tech Systems, UMS Integration, Beng Kuang, HRnetGroup, Centurion, Hong Leong Asia, Nam Cheong",Broker's Calls,https://www.theedgesingapore.com/capital/brokers-calls/brokers-digest-info-tech-systems-ums-integration-beng-kuang-hrnetgroup,true,nam-cheong
1MZ,2026-04-22,Nam Cheong’s rally ‘still has further legs’: DBS,Broker's Calls,https://www.theedgesingapore.com/capital/brokers-calls/nam-cheongs-rally-still-has-further-legs-dbs,true,nam-cheong
1MZ,2026-04-16,O&M companies fund growth through diverse ways,Offshore & Marine,https://www.theedgesingapore.com/news/offshore-marine/om-companies-fund-growth-through-diverse-ways,true,nam-cheong
1MZ,2026-04-16,Nam Cheong charts future growth course,Offshore & Marine,https://www.theedgesingapore.com/news/offshore-marine/nam-cheong-charts-future-growth-course,true,nam-cheong
1MZ,2026-04-10,"Broker's Digest: Bumitama, Nam Cheong, UltraGreen.ai, Hafaray, Beng Kuang, Keppel, iFast, NTT DC REIT",Broker's Calls,https://www.theedgesingapore.com/capital/brokers-calls/brokers-digest-bumitama-nam-cheong-ultragreenai-hafaray-beng-kuang-keppel,true,nam-cheong
1MZ,2026-04-07,"CGSI, DBS, maintain respective bullish target prices for Nam Cheong following latest RM102.5 mil charter contracts",Broker's Calls,https://www.theedgesingapore.com/capital/brokers-calls/cgsi-dbs-maintain-respective-bullish-target-prices-nam-cheong-following-latest,true,nam-cheong
1MZ,2026-04-06,Nam Cheong wins charter contracts worth RM102.5 mil,Offshore & Marine,https://www.theedgesingapore.com/news/offshore-marine/nam-cheong-wins-charter-contracts-worth-rm1025-mil,true,nam-cheong
1MZ,2026-03-27,"Broker's Digest: LHN, Addvalue, Manulife US REIT, Frencken, Nam Cheong, TeleChoice, CLCT, Singtel",Broker's Calls,https://www.theedgesingapore.com/capital/brokers-calls/brokers-digest-lhn-addvalue-manulife-us-reit-frencken-nam-cheong-telechoice,true,nam-cheong
MZH,2026-08-21,"Broker's Digest: Info-Tech, Nordic, Frencken, Nanofilm, Starhub, HRnetGroup, Prime US REIT, Centurion, Wilmar",Broker's Calls,https://www.theedgesingapore.com/capital/brokers-calls/brokers-digest-info-tech-nordic-frencken-nanofilm-starhub-hrnetgroup-prime-us,true,nanofilm
MZH,2026-04-30,Dire Straits hasn’t stopped the flow of Money for Nothing,Global Markets,https://www.theedgesingapore.com/views/global-markets/dire-straits-hasnt-stopped-flow-money-nothing,true,nanofilm
MZH,2025-06-16,"Citing tariffs uncertainty, OCBC keeps 59.5 cents fair value on Nanofilm",Broker's Calls,https://www.theedgesingapore.com/capital/brokers-calls/citing-tariffs-uncertainty-ocbc-keeps-595-cents-fair-value-nanofilm,true,nanofilm
MZH,2025-02-28,Analysts trim target prices for Nanofilm Technologies International on lower-than-expected earnings recovery,Broker's Calls,https://www.theedgesingapore.com/capital/brokers-calls/analysts-trim-target-prices-nanofilm-technologies-international-lower-expected,true,nanofilm
MZH,2025-02-25,"Nanofilm reports earnings of $7.74 mil for FY2024, up 147% y-o-y",Results,https://www.theedgesingapore.com/capital/results/nanofilm-reports-earnings-774-mil-fy2024-147-y-o-y,true,nanofilm
MZH,2025-02-12,Nanofilm Technologies plans to acquire Germany-based coating businesses for 3 million euros,M&A,https://www.theedgesingapore.com/news/ma/nanofilm-technologies-plans-acquire-germany-based-coating-businesses-3-million-euros,true,nanofilm
MZH,2024-12-20,"Nanofilm group CEO resigns, exec chairman and founder Shi Xu to take over again",New appointments,https://www.theedgesingapore.com/news/new-appointments/nanofilm-group-ceo-resigns-exec-chairman-and-founder-shi-xu-take-over-again,true,nanofilm
MZH,2024-11-26,"OCBC, citing potential recovery, initiates coverage on Nanofilm with tentative 'hold' call",Broker's Calls,https://www.theedgesingapore.com/capital/brokers-calls/ocbc-citing-potential-recovery-initiates-coverage-nanofilm-tentative-hold-call,true,nanofilm
MZH,2024-08-19,"CGS International downgrades call and target price for Nanofilm, citing 1HFY2024 net loss as a 'negative surprise'",Broker's Calls,https://www.theedgesingapore.com/capital/brokers-calls/cgs-international-downgrades-call-and-target-price-nanofilm-citing-1hfy2024,true,nanofilm
MZH,2024-07-11,"Meaningful contributions from new initiatives expected only from FY2025, DBS keeps ‘hold’ on Nanofilm",Broker's Calls,https://www.theedgesingapore.com/capital/brokers-calls/meaningful-contributions-new-initiatives-expected-only-fy2025-dbs-keeps-hold,true,nanofilm
MZH,2026-04-22,Nanofilm’s 1QFY2026 revenue up 24% y-o-y to $55 mil,Results,https://www.theedgesingapore.com/capital/results/nanofilms-1qfy2026-revenue-24-y-o-y-55-mil,true,nanofilm-technologies
MZH,2026-04-02,"Broker's Digest: CLAR, Nanofilm Technologies, Sats, Seatrium, Q&M Dental, ST Engineering, Zixin Group",Broker's Calls,https://www.theedgesingapore.com/capital/brokers-calls/brokers-digest-clar-nanofilm-technologies-sats-seatrium-qm-dental-st,true,nanofilm-technologies
MZH,2026-01-06,Nanofilm’s subsidiary obtains two-year term loan of RMB50 mil for working capital,Company in the news,https://www.theedgesingapore.com/news/company-news/nanofilms-subsidiary-obtains-two-year-term-loan-rmb50-mil-working-capital,true,nanofilm-technologies
MZH,2025-10-28,Nanofilm Technologies revenue up 20% y-o-y to $72 mil for 3QFY2025,Results,https://www.theedgesingapore.com/capital/results/nanofilm-technologies-revenue-20-y-o-y-72-mil-3qfy2025,true,nanofilm-technologies
MZH,2025-08-13,Nanofilm Technologies reverses into earnings of $1.6 mil for 1HFY2025,Results,https://www.theedgesingapore.com/capital/results/nanofilm-technologies-reverses-earnings-16-mil-1hfy2025,true,nanofilm-technologies
MZH,2025-08-06,OIR increases Nanofilm’s TP to 71.5 cents on sustained investor interest,Broker's Calls,https://www.theedgesingapore.com/capital/brokers-calls/oir-increases-nanofilms-tp-715-cents-sustained-investor-interest,true,nanofilm-technologies
MZH,2025-08-06,"UOBKH stays ‘overweight’ on S’pore tech, singles out Frencken, UMS and Valuetronics as top picks",Broker's Calls,https://www.theedgesingapore.com/capital/brokers-calls/uobkh-stays-overweight-spore-tech-singles-out-frencken-ums-and-valuetronics,true,nanofilm-technologies
MZH,2025-04-24,Nanofilm’s 1QFY2025 garners mixed reactions,Broker's Calls,https://www.theedgesingapore.com/capital/brokers-calls/nanofilms-1qfy2025-garners-mixed-reactions,true,nanofilm-technologies
MZH,2025-04-21,Nanofilm Technologies reports $44 mil revenue in 1QFY2025; direct exposure to US tariffs limited,Results,https://www.theedgesingapore.com/capital/results/nanofilm-technologies-reports-44-mil-revenue-1qfy2025-direct-exposure-us-tariffs,true,nanofilm-technologies
MZH,2025-04-11,Trump’s tariffs trip tech plays,Sector Focus,https://www.theedgesingapore.com/news/sector-focus/trumps-tariffs-trip-tech-plays,true,nanofilm-technologies
MZH,2026-08-14,Nanofilm's reports better 1HFY2026 but shares sold down; DBS maintains 'buy',Broker's Calls,https://www.theedgesingapore.com/capital/brokers-calls/nanofilms-reports-better-1hfy2026-shares-sold-down-dbs-maintains-buy,true,nanofilm-technologies-international
MZH,2026-08-13,Nanofilm's 1HFY2026 earnings up 282% y-o-y on better margins,Results,https://www.theedgesingapore.com/capital/results/nanofilms-1hfy2026-earnings-282-y-o-y-better-margins,false,nanofilm-technologies-international
MZH,2026-03-28,Chao of Tickrs Financial downgrades Nanofilm Technologies to 'hold'; earnings recovery story intact,Broker's Calls,https://www.theedgesingapore.com/capital/brokers-calls/chao-tickrs-financial-downgrades-nanofilm-technologies-hold-earnings-recovery,true,nanofilm-technologies-international
MZH,2026-02-26,Nanofilm revenue jumps 20% to $244.6 million for FY2025 ,Results,https://www.theedgesingapore.com/news/results/nanofilm-revenue-jumps-20-2446-million-fy2025,true,nanofilm-technologies-international
MZH,2025-12-12,"Broker's Digest: Sheng Siong, Nanofilm, Lincotrade & Associates, Singtel, Lum Chang Creations",Broker's Calls,https://www.theedgesingapore.com/capital/brokers-calls/brokers-digest-sheng-siong-nanofilm-lincotrade-associates-singtel-lum-chang,true,nanofilm-technologies-international
MZH,2025-12-04,Tickrs Financial initiates coverage on Nanofilm with ‘buy’ call and target price of 75 cents,Broker's Calls,https://www.theedgesingapore.com/capital/brokers-calls/tickrs-financial-initiates-coverage-nanofilm-buy-call-and-target-price-75,true,nanofilm-technologies-international
MZH,2025-10-22,OCBC raises call on Nanofilm to 'buy' on valuation grounds,Broker's Calls,https://www.theedgesingapore.com/capital/brokers-calls/ocbc-raises-call-nanofilm-buy-valuation-grounds,true,nanofilm-technologies-international
MZH,2025-10-01,Son of group CEO of Nanofilm Technologies promoted to general manager in company,New appointments,https://www.theedgesingapore.com/news/new-appointments/son-group-ceo-nanofilm-technologies-promoted-general-manager-company,true,nanofilm-technologies-international
MZH,2025-09-11,OCBC's Lim raises fair value for Nanofilm Technologies to 79 cents but warns outlook remains uncertain,Broker's Calls,https://www.theedgesingapore.com/capital/brokers-calls/ocbcs-lim-raises-fair-value-nanofilm-technologies-79-cents-warns-outlook,true,nanofilm-technologies-international
CJLU,2026-08-07,"NetLink NBN Trust records profit after tax of $18.1 mil for 1QFY2027, down 22.4% y-o-y",Results,https://www.theedgesingapore.com/capital/results/netlink-nbn-trust-records-profit-after-tax-181-mil-1qfy2027-down-224-y-o-y,false,netlink-nbn-trust
CJLU,2026-07-10,Scarce investments,Investing strategies,https://www.theedgesingapore.com/capital/investing-strategies/scarce-investments,true,netlink-nbn-trust
NIO,2026-01-01,Nio achieves new quarterly record with 4Q2025 deliveries up 71.7% y-o-y,Electric vehicles,https://www.theedgesingapore.com/news/electric-vehicles/nio-achieves-new-quarterly-record-4q2025-deliveries-717-y-o-y,true,nio
NIO,2025-10-17,Briefs: GIC sues Nio in the US; Trump declares trade war; ASML orders beat forecasts,Global Economy,https://www.theedgesingapore.com/news/global-economy/briefs-gic-sues-nio-us-trump-declares-trade-war-asml-orders-beat-forecasts,true,nio
NIO,2025-10-16,GIC accuses EV maker Nio of inflating revenue,Electric vehicles,https://www.theedgesingapore.com/news/electric-vehicles/gic-accuses-ev-maker-nio-inflating-revenue,true,nio
NIO,2025-10-16,GIC files securities lawsuit against EV maker Nio in US,Electric vehicles,https://www.theedgesingapore.com/news/electric-vehicles/gic-files-securities-lawsuit-against-ev-maker-nio-us,true,nio
NIO,2025-09-17,Nio raises US$1.16 bil from equity offering of American depositary shares and Hong Kong Class A ordinary shares,Electric vehicles,https://www.theedgesingapore.com/news/electric-vehicles/nio-raises-us116-bil-equity-offering-american-depositary-shares-and-hong-kong,true,nio
NIO,2025-09-10,Nio to raise US$1 billion selling ADS at US$5.57 and Class A shares at HK$43.36,Equity raising,https://www.theedgesingapore.com/capital/equity-raising/nio-raise-us1-billion-selling-ads-us557-and-class-shares-hk4336,true,nio
NIO,2025-08-18,Wearnes Automotive signs partnership agreement with NIO for Singapore,Motoring news,https://www.theedgesingapore.com/edgegear/motoring-news/wearnes-automotive-signs-partnership-agreement-nio-singapore,true,nio
NIO,2025-06-25,China's electric vehicles: A promising road ahead,Electric vehicles,https://www.theedgesingapore.com/capital/electric-vehicles/chinas-electric-vehicles-promising-road-ahead,true,nio
NIO,2025-04-10,China unleashes stimulus as gloves come off in trade war,China,https://www.theedgesingapore.com/news/china/china-unleashes-stimulus-gloves-come-trade-war,true,nio
NIO,2025-03-28,"Test of STI 4,000 causes dark cloud cover; HSTECH’s corrective phase to continue  ",Right Timing,https://www.theedgesingapore.com/capital/right-timing/test-sti-4000-causes-dark-cloud-cover-hstechs-corrective-phase-continue,true,nio
NIO,2026-02-05,Nio to report first adjusted operating profit for 4QFY2025,Results,https://www.theedgesingapore.com/news/results/nio-report-first-adjusted-operating-profit-4qfy2025,true,nio-inc
NIO,2025-10-01,"Chinese EV maker Nio delivers 34,749 vehicles in Sept, up 64.1% y-o-y ",Electric vehicles,https://www.theedgesingapore.com/news/electric-vehicles/chinese-ev-maker-nio-delivers-34749-vehicles-sept-641-y-o-y,true,nio-inc
NIO,2025-07-01,"Nio delivers 24,925 vehicles in June, up 17.5% y-o-y",Electric vehicles,https://www.theedgesingapore.com/news/electric-vehicles/nio-delivers-24925-vehicles-june-175-y-o-y,true,nio-inc
NIO,2025-05-01,"Chinese EV maker Nio delivers 23,900 vehicles in April",Electric vehicles,https://www.theedgesingapore.com/news/electric-vehicles/chinese-ev-maker-nio-delivers-23900-vehicles-april,true,nio-inc
NIO,2024-11-22,"Morningstar pushes back Nio’s breakeven timeline, reduces fair value estimate following 3QFY2024 earnings release",Broker's Calls,https://www.theedgesingapore.com/capital/brokers-calls/morningstar-pushes-back-nios-breakeven-timeline-reduces-fair-value-estimate,true,nio-inc
NIO,2024-11-20,"Nio reports 3QFY2024 loss of RMB5.1 bil, up 11.1% y-o-y ",Results,https://www.theedgesingapore.com/capital/results/nio-reports-3qfy2024-loss-rmb51-bil-111-y-o-y,true,nio-inc
NIO,2024-10-01,"NIO delivers 21,181 vehicles in September, up 35.4% y-o-y ",Company in the news,https://www.theedgesingapore.com/news/company-news/nio-delivers-21181-vehicles-september-354-y-o-y,true,nio-inc
NIO,2024-09-30,"Nio surges on RMB13.3 bil injection from parent, investors",Company in the news,https://www.theedgesingapore.com/news/company-news/nio-surges-rmb133-bil-injection-parent-investors,true,nio-inc
NIO,2024-05-20,China’s EV makers taking longer to pay bills amid rising stress,Electric vehicles,https://www.theedgesingapore.com/news/electric-vehicles/chinas-ev-makers-taking-longer-pay-bills-amid-rising-stress,true,nio-inc
NIO,2023-12-18,Nio receives US$2.2 bil investment for 294 mil newly issued shares,Company in the news,https://www.theedgesingapore.com/news/company-news/nio-receives-us22-bil-investment-294-mil-newly-issued-shares,true,nio-inc
NTDU,2026-08-21,CFO of NTT DC REIT: The investor who crossed to the other side of the table,kopi-C: the Company brew,https://www.theedgesingapore.com/news/kopi-c-company-brew/cfo-ntt-dc-reit-investor-who-crossed-other-side-table,false,ntt-dc-reit
NTDU,2026-06-26,Asia-Pacific data centre market set to triple by 2030 as AI drives demand: Aprea,Data centres,https://www.theedgesingapore.com/cityandcountry/data-centres/asia-pacific-data-centre-market-set-triple-2030-ai-drives-demand-aprea,true,ntt-dc-reit
NTDU,2026-05-22,"Broker's Digest: SingPost, Prime US REIT, NTT DC REIT, Marco Polo Marine, CICT",Broker's Calls,https://www.theedgesingapore.com/capital/brokers-calls/brokers-digest-singpost-prime-us-reit-ntt-dc-reit-marco-polo-marine-cict,true,ntt-dc-reit
NTDU,2026-05-18,"DBS, UOB Kay Hian raise respective target prices for NTT DC REIT",Broker's Calls,https://www.theedgesingapore.com/capital/brokers-calls/dbs-uob-kay-hian-raise-respective-target-prices-ntt-dc-reit,true,ntt-dc-reit
NTDU,2026-05-12,NTT DC REIT's FY2026 DPU is 2.6% above IPO forecast ,Results,https://www.theedgesingapore.com/capital/results/ntt-dc-reits-fy2026-dpu-26-above-ipo-forecast,true,ntt-dc-reit
NTDU,2026-04-10,"Broker's Digest: Bumitama, Nam Cheong, UltraGreen.ai, Hafaray, Beng Kuang, Keppel, iFast, NTT DC REIT",Broker's Calls,https://www.theedgesingapore.com/capital/brokers-calls/brokers-digest-bumitama-nam-cheong-ultragreenai-hafaray-beng-kuang-keppel,true,ntt-dc-reit
NTDU,2026-04-02,Lai of DBS reiterates NTT DC REIT as top data centre REIT pick following lease renewal,Broker's Calls,https://www.theedgesingapore.com/capital/brokers-calls/lai-dbs-reiterates-ntt-dc-reit-top-data-centre-reit-pick-following-lease,true,ntt-dc-reit
NTDU,2026-03-31,NTT DC REIT renews master lease for SG1 at 23% increase in rent ,REITs,https://www.theedgesingapore.com/news/reits/ntt-dc-reit-renews-master-lease-sg1-23-increase-rent,true,ntt-dc-reit
NTDU,2026-02-19,"Mega-what? Capex, depreciation could rise as data centres focus on AI",Data centres,https://www.theedgesingapore.com/cityandcountry/data-centres/mega-what-capex-depreciation-could-rise-data-centres-focus-ai,true,ntt-dc-reit
NTDU,2026-02-10,"NTT DC REIT reports 9MFY2026 distributable income of US$36.3 mil, 0.4% higher than adjusted IPO forecast",Results,https://www.theedgesingapore.com/capital/results/ntt-dc-reit-reports-9mfy2026-distributable-income-us363-mil-04-higher-adjusted-ipo,true,ntt-dc-reit
O39,2026-08-21,A tale of two REIT markets,REITs,https://www.theedgesingapore.com/views/reits/tale-two-reit-markets,true,ocbc
O39,2026-08-11,OCBC offers platinum and palladium for retail investing,Commodities,https://www.theedgesingapore.com/news/commodities/ocbc-offers-platinum-and-palladium-retail-investing,false,ocbc
O39,2026-08-07,How should we think about OCBC's share price? ,Right Timing,https://www.theedgesingapore.com/capital/right-timing/how-should-we-think-about-ocbcs-share-price,true,ocbc
O39,2026-08-07,Central banks prop up gold as investor demand wanes. A case for gold?,Gold,https://www.theedgesingapore.com/capital/gold/central-banks-prop-gold-investor-demand-wanes-case-gold,true,ocbc
O39,2026-07-31,JP Morgan remains underweight on OCBC; what GEH’s profit and NAV growth mean for its valuation,Banking & finance,https://www.theedgesingapore.com/capital/banking-finance/jp-morgan-remains-underweight-ocbc-what-gehs-profit-and-nav-growth-mean-its,true,ocbc
O39,2026-07-29,OCBC introduces HELIOS to quicken onboarding of wealthy customers to 15 days,Artificial Intelligence,https://www.theedgesingapore.com/news/artificial-intelligence/ocbc-introduces-helios-quicken-onboarding-wealthy-customers-15-days,false,ocbc
O39,2026-07-24,Why playing defence may be the smartest investment move today,Global Markets,https://www.theedgesingapore.com/views/global-markets/why-playing-defence-may-be-smartest-investment-move-today,true,ocbc
O39,2026-07-16,"‘Healthy cocktail’ gives Macquarie the buzz to upgrade STI target by 33% to 6,000 points",Stock Picks 2026,https://www.theedgesingapore.com/capital/stock-picks-2026/healthy-cocktail-gives-macquarie-buzz-upgrade-sti-target-33-6000-points,true,ocbc
O39,2026-07-10,"Stock market euphoria: retail frenzy, AI optimism and the risks ahead",Global Markets,https://www.theedgesingapore.com/views/global-markets/stock-market-euphoria-retail-frenzy-ai-optimism-and-risks-ahead,true,ocbc
O39,2026-07-10,Waking up from a ‘pleasant fiction’ to invest in an era of scarcity,Investing strategies,https://www.theedgesingapore.com/capital/investing-strategies/waking-pleasant-fiction-invest-era-scarcity,true,ocbc
HQU,2026-08-03,Oiltek reports 6.9% y-o-y dip in earnings to RM13.2 million for 1HFY2026,Results,https://www.theedgesingapore.com/news/results/oiltek-reports-69-y-o-y-dip-earnings-rm132-million-1hfy2026,false,oiltek
HQU,2026-04-02,"Watch stocks attract interest, Oiltek is overbought, STI’s consolidation continues ",Right Timing,https://www.theedgesingapore.com/capital/right-timing/watch-stocks-attract-interest-oiltek-overbought-stis-consolidation-continues,true,oiltek
HQU,2025-11-14,Oiltek identifies growth areas through high-tech agriculture,Billion Dollar Club 2025,https://www.theedgesingapore.com/bdc-featured-winners/billion-dollar-club-2025/oiltek-identifies-growth-areas-through-high-tech,false,oiltek
HQU,2025-11-11,"Oiltek reports 3QFY2025 earnings of RM9.5 mil, 6.2% higher y-o-y",Results,https://www.theedgesingapore.com/capital/results/oiltek-reports-3qfy2025-earnings-rm95-mil-62-higher-y-o-y,true,oiltek
HQU,2025-07-22,UOB Kay Hian's Cheong raises target price for Oiltek again to 86 cents,Broker's Calls,https://www.theedgesingapore.com/capital/brokers-calls/uob-kay-hians-cheong-raises-target-price-oiltek-again-86-cents,true,oiltek
HQU,2024-12-27,"Step aside, banks; SGX’s biggest gainer surges over 500% in 2024",Stocks To Watch,https://www.theedgesingapore.com/news/stocks-watch/step-aside-banks-sgxs-biggest-gainer-surges-over-500-2024,true,oiltek
VC2,2026-08-14,Divestments lift Olam’s patmi to $1.9 billion; dividends of seven cents declared,Results,https://www.theedgesingapore.com/news/results/divestments-lift-olams-patmi-19-billion-dividends-seven-cents-declared,false,olam-group
VC2,2026-06-19,Maybank reiterates ‘buy’ call for Olam at unchanged $1.60,Broker's Calls,https://www.theedgesingapore.com/capital/brokers-calls/maybank-reiterates-buy-call-olam-unchanged-160,true,olam-group
VC2,2026-05-15,Olam Group completes Mindsprint sale to Wipro for US$386 million cash,Company in the news,https://www.theedgesingapore.com/news/company-news/olam-group-completes-mindsprint-sale-wipro-us386-million-cash,true,olam-group
VC2,2026-05-15,Buybacks and capital discipline drive value-up,STI watch,https://www.theedgesingapore.com/capital/sti-watch/buybacks-and-capital-discipline-drive-value,true,olam-group
VC2,2026-04-30,Is Olam’s multi-year restructuring finally bearing fruit?,Investing ideas,https://www.theedgesingapore.com/capital/investing-ideas/olams-multi-year-restructuring-finally-bearing-fruit,true,olam-group
VC2,2026-04-27,Olam Group completes 44.58% stake sale in Olam Agri to SALIC for US$1.88 bil,Company in the news,https://www.theedgesingapore.com/news/company-news/olam-group-completes-4458-stake-sale-olam-agri-salic-us188-bil,true,olam-group
VC2,2026-04-24,Lim and Tan shoots $1.35 target price. Is Olam ripe for the picking?,Broker's Calls,https://www.theedgesingapore.com/capital/brokers-calls/lim-and-tan-shoots-135-target-price-olam-ripe-picking,true,olam-group
VC2,2026-04-06,Olam to sell IT services unit to Wipro for US$375 mil,M&A,https://www.theedgesingapore.com/news/ma/olam-sell-it-services-unit-wipro-us375-mil,true,olam-group
VC2,2026-03-27,"Chocolate shrinkflation: Upstream, midstream or downstream, who can better pass on costs to their customers?",Investing strategies,https://www.theedgesingapore.com/capital/investing-strategies/chocolate-shrinkflation-upstream-midstream-or-downstream-who-can-better,true,olam-group
VC2,2026-02-27,Olam reports patmi of $444.1 million for FY2025,Results,https://www.theedgesingapore.com/news/results/olam-reports-patmi-4441-million-fy2025,true,olam-group
TS0U,2024-02-29,"OUE announces special dividend for 60th anniversary, FY2023 net profit falls 57%",Results,https://www.theedgesingapore.com/capital/results/oue-announces-special-dividend-60th-anniversary-fy2023-net-profit-falls-57,true,oue-commercial-reit
TS0U,2024-01-29,OUE REIT maintains 2HFY2023 DPU at 1.04 cents,Results,https://www.theedgesingapore.com/capital/results/oue-reit-maintains-2hfy2023-dpu-104-cents,true,oue-commercial-reit
TS0U,2024-01-04,Hospitality segment continues to boost OUE C-REIT’s performance,REITs,https://www.theedgesingapore.com/news/reits/hospitality-segment-continues-boost-oue-c-reits-performance,true,oue-commercial-reit
TS0U,2023-09-21,"Capital management, cash flow and sustainability key focuses of S-REIT managers at forum ",Special Event,https://www.theedgesingapore.com/capital/special-event/capital-management-cash-flow-and-sustainability-key-focuses-s-reit-managers,false,oue-commercial-reit
TS0U,2023-08-23,OUE Commercial REIT taps on team diversity to deliver targets,kopi-C: the Company brew,https://www.theedgesingapore.com/news/kopi-c-company-brew/oue-commercial-reit-taps-team-diversity-deliver-targets,false,oue-commercial-reit
TS0U,2023-05-04,OUE Commercial REIT's revenue and NPI in 1QFY2023 boosted by Hilton Singapore ,Results,https://www.theedgesingapore.com/capital/results/oue-commercial-reits-revenue-and-npi-1qfy2023-boosted-hilton-singapore,true,oue-commercial-reit
TS0U,2022-11-23,New broom sweeps clean at OUE Commercial REIT,REITs,https://www.theedgesingapore.com/capital/reits/new-broom-sweeps-clean-oue-commercial-reit,true,oue-commercial-reit
TS0U,2022-08-17,OUE C-REIT to refinance existing debt with new $978 million sustainability-linked loan,"Environmental, Social and Governance",https://www.theedgesingapore.com/news/environmental-social-and-governance/oue-c-reit-refinance-existing-debt-new-978-million,true,oue-commercial-reit
TS0U,2022-08-10,"OUE's 1H earnings up almost threefold, trades at P/NAV of 0.30x ",Results,https://www.theedgesingapore.com/capital/results/oues-1h-earnings-almost-threefold-trades-pnav-030x,true,oue-commercial-reit
TS0U,2021-11-22,New CEO of OUE Commercial REIT's manager appointed ,REITs,https://www.theedgesingapore.com/news/reits/new-ceo-oue-commercial-reits-manager-appointed,true,oue-commercial-reit
SK6U,2026-04-24,Does Paragon need $300 mil to $600 mil of AEI?,Frankly Speaking,https://www.theedgesingapore.com/views/frankly-speaking/does-paragon-need-300-mil-600-mil-aei,true,paragon-reit
SK6U,2025-09-30,Raffles Medical Group appoints Paragon REIT’s Woo Yeng Yeng as CFO,New appointments,https://www.theedgesingapore.com/news/new-appointments/raffles-medical-group-appoints-paragon-reits-woo-yeng-yeng-cfo,true,paragon-reit
SK6U,2025-05-06,"Strategic reviews and potential privatisations in SG, UK REIT sector",REIT Watch,https://www.theedgesingapore.com/capital/reit-watch/strategic-reviews-and-potential-privatisations-sg-uk-reit-sector,true,paragon-reit
SK6U,2025-04-22,Paragon REIT unitholders vote to accept privatisation offer,REITs,https://www.theedgesingapore.com/capital/reits/paragon-reit-unitholders-vote-accept-privatisation-offer,true,paragon-reit
SK6U,2025-03-27,Paragon independent directors urge unitholders to vote in favour of privatisation deal,Delistings,https://www.theedgesingapore.com/news/delistings/paragon-independent-directors-urge-unitholders-vote-favour-privatisation-deal,true,paragon-reit
SK6U,2025-02-14,PrimePartners Corporate Finance appointed IFA for Paragon REIT privatisation,REITs,https://www.theedgesingapore.com/news/reits/primepartners-corporate-finance-appointed-ifa-paragon-reit-privatisation,true,paragon-reit
SK6U,2025-02-13,Stand pat as Paragon REIT goes private,Broker's Calls,https://www.theedgesingapore.com/capital/brokers-calls/stand-pat-paragon-reit-goes-private,true,paragon-reit
SK6U,2025-02-13,Paragon REIT’s privatisation points to the continued decimation of listed entities here,REITs,https://www.theedgesingapore.com/news/reits/paragon-reits-privatisation-points-continued-decimation-listed-entities-here,true,paragon-reit
SK6U,2025-02-11,Cuscaden Peak offers to privatise Paragon REIT at 98 cents per unit (update),Offer,https://www.theedgesingapore.com/news/offer/cuscaden-peak-offers-privatise-paragon-reit-98-cents-unit-update,true,paragon-reit
SK6U,2025-01-14,Purchaser exercises call option to divest Paragon REIT’s Figtree Grove,REITs,https://www.theedgesingapore.com/news/reits/purchaser-exercises-call-option-divest-paragon-reits-figtree-grove,true,paragon-reit
C2PU,2026-07-06,OCBC's Lim maintains Parkway Life REIT at 'add' following nursing home divestment,Broker's Calls,https://www.theedgesingapore.com/capital/brokers-calls/ocbcs-lim-maintains-parkway-life-reit-add-following-nursing-home-divestment,true,parkway-life-reit
C2PU,2026-05-29,Revenue-sharing to ‘structurally accelerate’ DPU growth for Parkway Life REIT: DBS,Investing ideas,https://www.theedgesingapore.com/capital/investing-ideas/revenue-sharing-structurally-accelerate-dpu-growth-parkway-life-reit-dbs,true,parkway-life-reit
C2PU,2026-04-24,IHH Healthcare’s $350 mil upgrade of Mt Elizabeth Hospital necessary to tap future demand,Healthcare,https://www.theedgesingapore.com/news/healthcare/ihh-healthcares-350-mil-upgrade-mt-elizabeth-hospital-necessary-tap-future-demand,true,parkway-life-reit
C2PU,2026-04-14,"Higher inflation to help lift Parkway Life REIT's income, says DBS",Broker's Calls,https://www.theedgesingapore.com/capital/brokers-calls/higher-inflation-help-lift-parkway-life-reits-income-says-dbs,true,parkway-life-reit
C2PU,2025-08-06,Parkway Life REIT's 1HFY2025 DPU up 1.5% y-o-y to 7.65 cents,Results,https://www.theedgesingapore.com/capital/results/parkway-life-reits-1hfy2025-dpu-15-y-o-y-765-cents,true,parkway-life-reit
C2PU,2025-04-24,Parkway Life REIT's 1QFY2025 shows it is in the 'pink of health',Broker's Calls,https://www.theedgesingapore.com/capital/brokers-calls/parkway-life-reits-1qfy2025-shows-it-pink-health,true,parkway-life-reit
C2PU,2025-02-05,Parkway Life REIT 2HFY2024 DPU dips 1.3% y-o-y to 7.38 cents,Results,https://www.theedgesingapore.com/capital/results/parkway-life-reit-2hfy2024-dpu-dips-13-y-o-y-738-cents,true,parkway-life-reit
C2PU,2024-11-26,DBS raises target price for Parkway Life REIT to $4.80,Broker's Calls,https://www.theedgesingapore.com/capital/brokers-calls/dbs-raises-target-price-parkway-life-reit-480,true,parkway-life-reit
C2PU,2024-10-25,"Broker's Digest: Keppel DC REIT, Parkway Life REIT, PropNex",Broker's Calls,https://www.theedgesingapore.com/capital/brokers-calls/brokers-digest-keppel-dc-reit-parkway-life-reit-propnex,true,parkway-life-reit
C2PU,2024-10-18,"Parkway Life REIT ‘outperformed' S-REITs ytd, but need accretive acquisitions to be re-rated: CGSI and Citi analysts",Broker's Calls,https://www.theedgesingapore.com/capital/brokers-calls/parkway-life-reit-outperformed-s-reits-ytd-need-accretive-acquisitions-be-re,true,parkway-life-reit
C2PU,2026-04-30,PLife REIT’s distributable income in 1Q2026 rises 15.1% y-o-y despite revenue and NPI decline ,Results,https://www.theedgesingapore.com/capital/results/plife-reits-distributable-income-1q2026-rises-151-y-o-y-despite-revenue-and-npi,true,parkwaylife-reit
C2PU,2026-04-17,"Broker's Digest: Infinity Development, Parkway Life REIT, Sheng Siong Group, Singtel, Delfi, Sembcorp Industries",Broker's Calls,https://www.theedgesingapore.com/capital/brokers-calls/brokers-digest-infinity-development-parkway-life-reit-sheng-siong-group,true,parkwaylife-reit
C2PU,2026-02-02,ParkwayLife REIT's FY2025 DPU rose 2.5% y-o-y to 15.29 cents ,Results,https://www.theedgesingapore.com/capital/results/parkwaylife-reits-fy2025-dpu-rose-25-y-o-y-1529-cents,true,parkwaylife-reit
C2PU,2025-10-17,ParkwayLife REIT's manager announces board changes ,REIT Watch,https://www.theedgesingapore.com/news/reit-watch/parkwaylife-reits-manager-announces-board-changes,true,parkwaylife-reit
C2PU,2024-10-30,Parkway Life REIT’s French acquisition to be more than 1.6% accretive to DPU,REITs,https://www.theedgesingapore.com/capital/reits/parkway-life-reits-french-acquisition-be-more-16-accretive-dpu,true,parkwaylife-reit
C2PU,2023-01-27,ParkwayLife REIT reports 2.1% rise in FY2022 DPU,Results,https://www.theedgesingapore.com/capital/results/parkwaylife-reit-reports-21-rise-fy2022-dpu,true,parkwaylife-reit
C2PU,2022-04-22,ParkwayLife REIT's revenue and NPI inch higher in 1Q2022,Results,https://www.theedgesingapore.com/capital/results/parkwaylife-reits-revenue-and-npi-inch-higher-1q2022,true,parkwaylife-reit
C2PU,2022-01-27,"ParkwayLife REIT: Weathering 2022 with locked-in income, capital management",Stocks To Watch,https://www.theedgesingapore.com/issues/stocks-watch/parkwaylife-reit-weathering-2022-locked-income-capital-management,true,parkwaylife-reit
C2PU,2022-01-06,Gainers and losers in 2021,REITs,https://www.theedgesingapore.com/capital/reits/gainers-and-losers-2021,true,parkwaylife-reit
C2PU,2021-09-30,ParkwayLife REIT's unitholders vote overwhelmingly in favour of new master lease,REITs,https://www.theedgesingapore.com/news/reits/parkwaylife-reits-unitholders-vote-overwhelmingly-favour-new-master-lease,true,parkwaylife-reit
PCT,2026-02-20,Our 2026 picks: PC Partner — GPU manufacturer flying under the radar,Stocks To Watch,https://www.theedgesingapore.com/news/stocks-watch/our-2026-picks-pc-partner--gpu-manufacturer-flying-under-radar,true,pc-partner
PCT,2026-02-08,"Tickrs initiates coverage on PC Partner with ‘buy’ call and $2.20 TP, FY2025 profit to ‘surge’ 72%",Broker's Calls,https://www.theedgesingapore.com/capital/brokers-calls/tickrs-initiates-coverage-pc-partner-buy-call-and-220-tp-fy2025-profit-,true,pc-partner
PCT,2026-01-16,PC Partner’s shift to Singapore to secure Nvidia chip supply; earnings growth seen to continue,Investing ideas,https://www.theedgesingapore.com/capital/investing-ideas/pc-partners-shift-singapore-secure-nvidia-chip-supply-earnings-growth-seen,true,pc-partner
PCT,2026-01-12,"KGI projects 76% upside for PC Partner, initiates coverage on the back of gaming and AI hardware catalysts",Broker's Calls,https://www.theedgesingapore.com/news/brokers-calls/kgi-projects-76-upside-pc-partner-initiates-coverage-back-gaming-and-ai-hardware,true,pc-partner
PCT,2026-01-07,"PC Partner’s listing of shares on HKEX to be withdrawn on Jan 14, last day of dealing on Jan 8",Markets,https://www.theedgesingapore.com/news/markets/pc-partners-listing-shares-hkex-be-withdrawn-jan-14-last-day-dealing-jan-8,true,pc-partner
PCT,2025-11-03,"PC Partner receives approval from HKEX to delist from Hong Kong, subject to shareholders approval at EGM",Delistings,https://www.theedgesingapore.com/news/delistings/pc-partner-receives-approval-hkex-delist-hong-kong-subject-shareholders-approval-egm,true,pc-partner
PCT,2025-08-20,"Graphics card-maker PC Partner posts 28.5% higher revenue, 29% higher attributable profit in 1HFY2025",Results,https://www.theedgesingapore.com/capital/results/graphics-card-maker-pc-partner-posts-285-higher-revenue-29-higher-attributable,true,pc-partner
PCT,2025-02-13,HK-based PC Partner guides for growth in net profit for full year,Results,https://www.theedgesingapore.com/capital/results/hk-based-pc-partner-guides-growth-net-profit-full-year,true,pc-partner
PCT,2024-11-14,HK-based PC Partner aims to delist from HK following SGX secondary listing,Manufacturing,https://www.theedgesingapore.com/news/manufacturing/hk-based-pc-partner-aims-delist-hk-following-sgx-secondary-listing,true,pc-partner
OXMU,2026-08-21,"Broker's Digest: Info-Tech, Nordic, Frencken, Nanofilm, Starhub, HRnetGroup, Prime US REIT, Centurion, Wilmar",Broker's Calls,https://www.theedgesingapore.com/capital/brokers-calls/brokers-digest-info-tech-nordic-frencken-nanofilm-starhub-hrnetgroup-prime-us,true,prime-us-reit
OXMU,2026-08-16,"Tan of DBS, citing operational improvements, keeps 'buy' on Prime US REIT with 33 US cents target price",Broker's Calls,https://www.theedgesingapore.com/capital/brokers-calls/tan-dbs-citing-operational-improvements-keeps-buy-prime-us-reit-33-us-cents,true,prime-us-reit
OXMU,2026-08-12,Prime US REIT raises DPU to 0.5 US cents in 1H2026 from 0.12 US cents a year ago ,Results,https://www.theedgesingapore.com/capital/results/prime-us-reit-raises-dpu-05-us-cents-1h2026-012-us-cents-year-ago,false,prime-us-reit
OXMU,2026-05-22,"Broker's Digest: SingPost, Prime US REIT, NTT DC REIT, Marco Polo Marine, CICT",Broker's Calls,https://www.theedgesingapore.com/capital/brokers-calls/brokers-digest-singpost-prime-us-reit-ntt-dc-reit-marco-polo-marine-cict,true,prime-us-reit
OXMU,2026-05-18,Tan of DBS maintains 'buy' on Prime US REIT and 33 US cents target price with ongoing operational improvements,Broker's Calls,https://www.theedgesingapore.com/capital/brokers-calls/tan-dbs-maintains-buy-prime-us-reit-and-33-us-cents-target-price-ongoing,true,prime-us-reit
OXMU,2026-05-12,Prime US REIT announced 3.3% q-o-q rise in NPI in 1Q2026,Results,https://www.theedgesingapore.com/capital/results/prime-us-reit-announced-33-q-o-q-rise-npi-1q2026,true,prime-us-reit
OXMU,2026-04-06,Prime US REIT signs S&P Global as tenant for 11 years,REITs,https://www.theedgesingapore.com/news/reits/prime-us-reit-signs-sp-global-tenant-11-years,true,prime-us-reit
OXMU,2026-02-12,DBS maintains Prime US REIT at 'buy' and 35 US cents target price following higher payout ratio,Broker's Calls,https://www.theedgesingapore.com/capital/brokers-calls/dbs-maintains-prime-us-reit-buy-and-35-us-cents-target-price-following-higher,true,prime-us-reit
OXMU,2026-02-11,Prime US REIT reports higher DPU with lifting of payout ratio,REITs,https://www.theedgesingapore.com/capital/reits/prime-us-reit-reports-higher-dpu-lifting-payout-ratio,true,prime-us-reit
OXMU,2025-11-11,"Prime US REIT portfolio occupancy at 80.7% as at end Sept, WALE at 4.9 years in business update",Results,https://www.theedgesingapore.com/capital/results/prime-us-reit-portfolio-occupancy-807-end-sept-wale-49-years-business-update,true,prime-us-reit
OYY,2026-08-24,"Higher income ceilings to widen BTO, EC buyer pool, but analysts see limited market impact",Residential,https://www.theedgesingapore.com/cityandcountry/residential/higher-income-ceilings-widen-bto-ec-buyer-pool-analysts-see-limited,false,propnex
OYY,2026-08-20,"$4,000 psf no longer a stretch for CCR, but still far from norm",Residential,https://www.theedgesingapore.com/cityandcountry/residential/4000-psf-no-longer-stretch-ccr-still-far-norm,true,propnex
OYY,2026-08-13,"PropNex records 1HFY2026 earnings of $40.9 mil, down 3.1% y-o-y",Results,https://www.theedgesingapore.com/capital/results/propnex-records-1hfy2026-earnings-409-mil-down-31-y-o-y,false,propnex
OYY,2026-07-28,"Lifting of 15-month wait-out period to benefit agencies PropNex, Apac Realty: DBS",Residential,https://www.theedgesingapore.com/cityandcountry/residential/lifting-15-month-wait-out-period-benefit-agencies-propnex-apac-realty-dbs,true,propnex
OYY,2026-07-21,Two-pax households made up a third of buyers in PropNex’s million-dollar HDB survey,Residential,https://www.theedgesingapore.com/cityandcountry/residential/two-pax-households-made-third-buyers-propnexs-million-dollar-hdb-survey,true,propnex
OYY,2026-07-09,URA launches Town Hall Link white site; government to take on infrastructure works to attract developers,Property,https://www.theedgesingapore.com/cityandcountry/property/ura-launches-town-hall-link-white-site-government-take-infrastructure-works,true,propnex
OYY,2026-07-03,"Fewer GCB deals in 1H2026, but larger quantums lift average psf near record: PropNex",Property,https://www.theedgesingapore.com/cityandcountry/property/fewer-gcb-deals-1h2026-larger-quantums-lift-average-psf-near-record-propnex,true,propnex
OYY,2026-06-30,HDB launches EC site at Admiralty Walk for public tender,Property,https://www.theedgesingapore.com/cityandcountry/property/hdb-launches-ec-site-admiralty-walk-public-tender,false,propnex
OYY,2026-06-12,"CDL, Hong Leong JV tops bids for Peck Hay Road GLS site with second-highest residential bid on record",Property,https://www.theedgesingapore.com/cityandcountry/property/cdl-hong-leong-jv-tops-bids-peck-hay-road-gls-site-second-highest,false,propnex
OYY,2026-06-11,Treasure island no more? Sentosa Cove trails District 4 as loss-making sales mount,District Watch,https://www.theedgesingapore.com/cityandcountry/district-watch/treasure-island-no-more-sentosa-cove-trails-district-4-loss-making,true,propnex
DM0,2026-08-10,"PSC Corp’s earnings declined 16.7% y-o-y to $10.7 mil, declares special dividend of 7.2 cents",Results,https://www.theedgesingapore.com/capital/results/psc-corps-earnings-declined-167-y-o-y-107-mil-declares-special-dividend-72-cents,false,psc-corporation
DM0,2026-04-07,SIC takes no further action on PSC Corp’s Sam Goi following breach of condition for share buyback exemption,Company in the news,https://www.theedgesingapore.com/news/company-news/sic-takes-no-further-action-psc-corps-sam-goi-following-breach-condition-share,true,psc-corporation
DM0,2025-07-10,PSC Corp’s Sam Goi makes mandatory conditional cash offer of 40 cents for shares in the company,Offer,https://www.theedgesingapore.com/news/offer/psc-corps-sam-goi-makes-mandatory-conditional-cash-offer-40-cents-shares-company,true,psc-corporation
DM0,2024-03-22,"PSC Corp's Sam Goi acquires 164,900 shares at 35.593 cents each",Insider moves,https://www.theedgesingapore.com/capital/insider-moves/psc-corps-sam-goi-acquires-164900-shares-35593-cents-each,true,psc-corporation
DM0,2024-02-28,PSC reports higher earnings despite lower revenue; to pay special dividend,Results,https://www.theedgesingapore.com/capital/results/psc-reports-higher-earnings-despite-lower-revenue-pay-special-dividend,true,psc-corporation
DM0,2022-10-14,PSC Corporation terminates agreement to acquire Dean Fa Food Co,"Deals, joint ventures & alliances",https://www.theedgesingapore.com/news/deals-joint-ventures-alliances/psc-corporation-terminates-agreement-acquire-dean-fa-food-co,true,psc-corporation
DM0,2022-08-10,PSC Corporation reports 41.9% higher earnings of $12.7 mil on one-time other income gain,Results,https://www.theedgesingapore.com/capital/results/psc-corporation-reports-419-higher-earnings-127-mil-one-time-other-income-gain,true,psc-corporation
DM0,2022-06-07,PSC Corp to acquire food manufacturing businesses for $95.1 million ,M&A,https://www.theedgesingapore.com/news/ma/psc-corp-acquire-food-manufacturing-businesses-951-million,true,psc-corporation
DM0,2022-04-28,Mainboard-listed Hanwell Holdings to be known as PSC Corporation from May,Company in the news,https://www.theedgesingapore.com/news/company-news/mainboard-listed-hanwell-holdings-be-known-psc-corporation-may,true,psc-corporation
Q01,2026-07-10,Cashed-up QAF is daily bread for investors to chew on,Investing ideas,https://www.theedgesingapore.com/capital/investing-ideas/cashed-qaf-daily-bread-investors-chew,true,qaf
Q01,2026-05-20,"QAF’s subsidiary, Gardenia Foods, shifts bakery production to Johor Bahru, Malaysia",Company in the news,https://www.theedgesingapore.com/news/company-news/qafs-subsidiary-gardenia-foods-shifts-bakery-production-johor-bahru-malaysia,true,qaf
Q01,2025-02-21,Bread manufacturer and distributor QAF Limited posts 26% higher earnings for FY2024 of $34.7 mil,Results,https://www.theedgesingapore.com/capital/results/bread-manufacturer-and-distributor-qaf-limited-posts-26-higher-earnings-fy2024-347,true,qaf
Q01,2024-08-08,QAF posts 154% surge in 1HFY2024 earnings to $12.4 mil; declares 1 cent dividend,Results,https://www.theedgesingapore.com/capital/results/qaf-posts-154-surge-1hfy2024-earnings-124-mil-declares-1-cent-dividend,true,qaf
Q01,2022-11-30,CGS-CIMB takes a closer look at QAF in an unrated report,Broker's Calls,https://www.theedgesingapore.com/capital/brokers-calls/cgs-cimb-takes-closer-look-qaf-unrated-report,true,qaf
Q01,2022-07-20,QAF expects 'significant improvement' in 1HFY2022 with flood damage insurance payout,Results,https://www.theedgesingapore.com/capital/results/qaf-expects-significant-improvement-1hfy2022-flood-damage-insurance-payout,true,qaf
Q01,2019-05-10,QAF posts 47% drop in 1Q earnings to $1.6 mil on higher costs,Results,https://www.theedgesingapore.com/capital/results/qaf-posts-47-drop-1q-earnings-16-mil-higher-costs,true,qaf
Q01,2019-03-16,Right timing: Blue-chips and STI test supports,Right Timing,https://www.theedgesingapore.com/capital/right-timing/right-timing-blue-chips-and-sti-test-supports,true,qaf
Q01,2018-02-23,QAF's 4Q earnings fall 96% to $2.1 mil on absence of one-off gain,Results,https://www.theedgesingapore.com/capital/results/qafs-4q-earnings-fall-96-21-mil-absence-one-gain,true,qaf
Q01,2017-11-10,QAF's 3Q earnings fall 62% to $7.5 mil on higher costs & expenses ,Results,https://www.theedgesingapore.com/capital/results/qafs-3q-earnings-fall-62-75-mil-higher-costs-expenses,true,qaf
BSL,2026-07-31,"Broker's Digest: Aztech Global, Raffles Medical, YZJ Shipbuilding, HPH Trust, iFAST, SGX, Singtel",Broker's Calls,https://www.theedgesingapore.com/capital/brokers-calls/brokers-digest-aztech-global-raffles-medical-yzj-shipbuilding-hph-trust-ifast,true,raffles-medical-group
BSL,2026-07-10,"RHB remains upbeat on Raffles Medical’s growth story, cites insurance unit as ‘overlooked’ catalyst",Investing ideas,https://www.theedgesingapore.com/capital/investing-ideas/rhb-remains-upbeat-raffles-medicals-growth-story-cites-insurance-unit-,true,raffles-medical-group
BSL,2026-04-10,Proposed new private hospital of limited impact on existing healthcare hospital operators: DBS,Broker's Calls,https://www.theedgesingapore.com/news/brokers-calls/proposed-new-private-hospital-limited-impact-existing-healthcare-hospital,true,raffles-medical-group
BSL,2026-01-30,"Brokers' Digest: Info-Tech Systems, Centurion Corp, Raffles Medical Group, Coliwoo Holdings, Seatrium",Broker's Calls,https://www.theedgesingapore.com/capital/brokers-calls/brokers-digest-info-tech-systems-centurion-corp-raffles-medical-group-coliwoo,true,raffles-medical-group
BSL,2026-01-23,RHB keeps ‘buy’ on Raffles Medical Group citing potential earning growth in 2HFY2025,Broker's Calls,https://www.theedgesingapore.com/capital/brokers-calls/rhb-keeps-buy-raffles-medical-group-citing-potential-earning-growth-2hfy2025,true,raffles-medical-group
BSL,2026-01-09,"Broker's Digest: Raffles Medical Group, iFast, Lendlease REIT",Broker's Calls,https://www.theedgesingapore.com/capital/brokers-calls/brokers-digest-raffles-medical-group-ifast-lendlease-reit,true,raffles-medical-group
5WH,2026-02-16,"Rex International reports 12,010.5 boepd in Jan 2026 from Norway, Oman and Germany",Oil & Gas,https://www.theedgesingapore.com/news/oil-gas/rex-international-reports-120105-boepd-jan-2026-norway-oman-and-germany,true,rex-international
5WH,2026-02-02,Slew of announcements should buoy spirits of Rex International shareholders,Oil & Gas,https://www.theedgesingapore.com/news/oil-gas/slew-announcements-should-buoy-spirits-rex-international-shareholders,true,rex-international
5WH,2026-01-13,Rex International subsidiary seeks deferment on bond payments; expects Sèmè Field production to start end-January,Oil & Gas,https://www.theedgesingapore.com/news/oil-gas/rex-international-subsidiary-seeks-deferment-bond-payments-expects-sm-field,true,rex-international
5WH,2025-12-24,Production delays continue at Rex International’s Sèmè Field,Oil & Gas,https://www.theedgesingapore.com/news/oil-gas/production-delays-continue-rex-internationals-sm-field,true,rex-international
5WH,2025-12-10,"Rex International reports 10,417 boepd in Nov from Norway, Oman and Germany",Oil & Gas,https://www.theedgesingapore.com/news/oil-gas/rex-international-reports-10417-boepd-nov-norway-oman-and-germany,true,rex-international
5WH,2025-10-01,Rex International increases stake in Lime Petroleum to 89.74% via share swap agreement,Oil & Gas,https://www.theedgesingapore.com/news/oil-gas/rex-international-increases-stake-lime-petroleum-8974-share-swap-agreement,true,rex-international
5WH,2025-09-10,"Rex International reports 12,230 boepd from Norway, Oman and Germany in August",Oil & Gas,https://www.theedgesingapore.com/news/oil-gas/rex-international-reports-12230-boepd-norway-oman-and-germany-august,true,rex-international
5WH,2025-08-05,Operator working with Rex International’s subsidiary spuds production wells in Norway,Oil & Gas,https://www.theedgesingapore.com/news/oil-gas/operator-working-rex-internationals-subsidiary-spuds-production-wells-norway,true,rex-international
5WH,2025-07-07,"Rex International’s June output at 9,998 boepd",Oil & Gas,https://www.theedgesingapore.com/news/oil-gas/rex-internationals-june-output-9998-boepd,true,rex-international
5WH,2025-06-30,Rex’s subsidiary to explore debt financing alternatives for Oman activities,Oil & Gas,https://www.theedgesingapore.com/news/oil-gas/rexs-subsidiary-explore-debt-financing-alternatives-oman-activities,true,rex-international
5WH,2026-02-19,"Rex International guides for FY2025 net loss; subsidiary Lime Petroleum weighs merger, restructuring among other options",Results,https://www.theedgesingapore.com/news/results/rex-international-guides-fy2025-net-loss-subsidiary-lime-petroleum-weighs-merger,true,rex-international-holding
5WH,2025-08-11,"Rex International reports 13,719 boepd from Norway, Oman and Germany for July",Oil & Gas,https://www.theedgesingapore.com/news/oil-gas/rex-international-reports-13719-boepd-norway-oman-and-germany-july,true,rex-international-holding
5WH,2025-06-17,"Rex International’s May output at 10,874 boepd",Oil & Gas,https://www.theedgesingapore.com/news/oil-gas/rex-internationals-may-output-10874-boepd,true,rex-international-holding
5WH,2025-04-07,Rex International’s Lime Petroleum Holding signs jack-up rig contract for drilling campaign in Benin,Oil & Gas,https://www.theedgesingapore.com/news/oil-gas/rex-internationals-lime-petroleum-holding-signs-jack-rig-contract-drilling-campaign,true,rex-international-holding
5WH,2025-01-06,"Rex International’s oil production came up to 13,036 boepd in December 2024",Oil & Gas,https://www.theedgesingapore.com/news/oil-gas/rex-internationals-oil-production-came-13036-boepd-december-2024,true,rex-international-holding
5WH,2024-09-23,Rex International Holding enters joint study agreement with co-founder of Helios Aragon ,Oil & Gas,https://www.theedgesingapore.com/news/oil-gas/rex-international-holding-enters-joint-study-agreement-co-founder-helios-aragon,true,rex-international-holding
5WH,2024-06-19,Rex to hold stakes in Lime Petroleum and Porto Novo Resources under new JVCo,Oil & Gas,https://www.theedgesingapore.com/news/oil-gas/rex-hold-stakes-lime-petroleum-and-porto-novo-resources-under-new-jvco,true,rex-international-holding
AP4,2026-08-21,Glove makers face prolonged recovery amid intense Chinese competition,Malaysia,https://www.theedgesingapore.com/capital/malaysia/glove-makers-face-prolonged-recovery-amid-intense-chinese-competition,true,riverstone
AP4,2026-08-12,"Riverstone’s 2QFY2026 net profit up 60.2% y-o-y to RM65.8 mil, declares interim dividend of 5 sen",Results,https://www.theedgesingapore.com/capital/results/riverstones-2qfy2026-net-profit-602-y-o-y-rm658-mil-declares-interim-dividend-5-sen,false,riverstone
AP4,2026-05-09,"Riverstone Holdings reports lower earnings of RM41.1 mil for 1QFY2026, down 27.1% y-o-y",Results,https://www.theedgesingapore.com/capital/results/riverstone-holdings-reports-lower-earnings-rm411-mil-1qfy2026-down-271-y-o-y,true,riverstone
AP4,2024-08-29,Will glovemakers enjoy a Mpox-induced demand spike?,Capital markets,https://www.theedgesingapore.com/news/capital-markets/will-glovemakers-enjoy-mpox-induced-demand-spike,true,riverstone
AP4,2024-06-18,"Growth set to accelerate, RHB maintains 'overweight' on rubber products with Riverstone as top pick",Broker's Calls,https://www.theedgesingapore.com/capital/brokers-calls/growth-set-accelerate-rhb-maintains-overweight-rubber-products-riverstone-top,true,riverstone
AP4,2024-04-02,RHB stays ‘overweight’ on rubber products sector with Riverstone as top pick,Broker's Calls,https://www.theedgesingapore.com/capital/brokers-calls/rhb-stays-overweight-rubber-products-sector-riverstone-top-pick,true,riverstone
AP4,2021-09-28,Rubber products sector supernormal earnings on final legs: RHB ,Broker's Calls,https://www.theedgesingapore.com/capital/brokers-calls/rubber-products-sector-supernormal-earnings-final-legs-rhb,true,riverstone
AP4,2021-03-01,Riverstone leaving no stone unturned as it beats expectations for 4Q20: Analysts,Broker's Calls,https://www.theedgesingapore.com/capital/brokers-calls/riverstone-leaving-no-stone-unturned-it-beats-expectations-4q20-analysts,true,riverstone
AP4,2020-11-23,"Glove shortage to persist into 2021, remain positive on glove stocks: CGS-CIMB",Broker's Calls,https://www.theedgesingapore.com/capital/brokers-calls/glove-shortage-persist-2021-remain-positive-glove-stocks-cgs-cimb,true,riverstone
AP4,2020-07-15,Riverstone Holdings fuelled for greater growth with strong demand and tight supply: DBS ,Broker's Calls,https://www.theedgesingapore.com/capital/brokers-calls/riverstone-holdings-fuelled-greater-growth-strong-demand-and-tight-supply-dbs,true,riverstone
AP4,2026-07-22,UOBKH maintains ‘buy’ on glove maker Riverstone; ASP normalisation and shareholder returns remain as key focus,Broker's Calls,https://www.theedgesingapore.com/capital/brokers-calls/uobkh-maintains-buy-glove-maker-riverstone-asp-normalisation-and-shareholder,true,riverstone-holdings
AP4,2026-06-26,Glove maker Riverstone quietly benefiting from the AI boom,Artificial Intelligence,https://www.theedgesingapore.com/news/artificial-intelligence/glove-maker-riverstone-quietly-benefiting-ai-boom,false,riverstone-holdings
AP4,2026-02-25,"Riverstone Holdings reports lower earnings of RM207.8 mil for FY2025, down 27.6% y-o-y",Results,https://www.theedgesingapore.com/capital/results/riverstone-holdings-reports-lower-earnings-rm2078-mil-fy2025-down-276-y-o-y,true,riverstone-holdings
AP4,2026-01-16,Lion Global sees Singapore’s small- mid-cap emerging as an asset class,Investing strategies,https://www.theedgesingapore.com/capital/investing-strategies/lion-global-sees-singapores-small-mid-cap-emerging-asset-class,true,riverstone-holdings
AP4,2025-11-10,Riverstone Holdings net profit down 28% y-o-y for 3QFY2025 to RM52 mil; interim dividend of 2.5 sens declared,Results,https://www.theedgesingapore.com/capital/results/riverstone-holdings-net-profit-down-28-y-o-y-3qfy2025-rm52-mil-interim-dividend-25,true,riverstone-holdings
AP4,2025-10-14,CGSI's Tng flags lower earnings from currency shifts but keeps 'add' and 91 cents target price on Riverstone,Broker's Calls,https://www.theedgesingapore.com/capital/brokers-calls/cgsis-tng-flags-lower-earnings-currency-shifts-keeps-add-and-91-cents-target,true,riverstone-holdings
AP4,2025-10-08,Riverstone shares surge on UOB Kay Hian's higher target price of 98 cents led by AI-end demand,Broker's Calls,https://www.theedgesingapore.com/capital/brokers-calls/riverstone-shares-surge-uob-kay-hians-higher-target-price-98-cents-led-ai-end,true,riverstone-holdings
AP4,2025-08-07,Riverstone Holdings reports lower earnings of RM144.7 mil for 1HFY2025,Results,https://www.theedgesingapore.com/capital/results/riverstone-holdings-reports-lower-earnings-rm1447-mil-1hfy2025,true,riverstone-holdings
S56,2026-07-29,Samudera Shipping reports lower y-o-y net profit despite higher revenue for 1HFY2026,Results,https://www.theedgesingapore.com/news/results/samudera-shipping-reports-lower-y-o-y-net-profit-despite-higher-revenue-1hfy2026,false,samudera-shipping-line
S56,2026-06-04,Samudera disposing two vessels for US$22.95 million,Company in the news,https://www.theedgesingapore.com/news/company-news/samudera-disposing-two-vessels-us2295-million,true,samudera-shipping-line
S56,2026-04-08,Samudera Shipping launches service connecting Japan and Korea,Offshore & Marine,https://www.theedgesingapore.com/news/offshore-marine/samudera-shipping-launches-service-connecting-japan-and-korea,true,samudera-shipping-line
S56,2025-12-16,Samudera Shipping Line sets up new shipping activities company in Japan called Blue Ocean Shipping,Company in the news,https://www.theedgesingapore.com/news/company-news/samudera-shipping-line-sets-new-shipping-activities-company-japan-called-blue,true,samudera-shipping-line
S56,2025-10-29,"Samudera Shipping Line reports higher y-o-y container shipping volumes of 503,000 TEU for 3QFY2025",Results,https://www.theedgesingapore.com/capital/results/samudera-shipping-line-reports-higher-y-o-y-container-shipping-volumes-503000-teu,true,samudera-shipping-line
S56,2025-09-02,Samudera Shipping Line to acquire second-hand container vessel for US$50.36 mil,Company in the news,https://www.theedgesingapore.com/news/company-news/samudera-shipping-line-acquire-second-hand-container-vessel-us5036-mil,true,samudera-shipping-line
S56,2025-07-29,Samudera Shipping Line doubles net profit y-o-y to US$41.8 mil in 1HFY2025,Results,https://www.theedgesingapore.com/capital/results/samudera-shipping-line-doubles-net-profit-y-o-y-us418-mil-1hfy2025,true,samudera-shipping-line
S56,2024-11-12,Samudera Shipping repeats clean sweep of sector awards,Billion Dollar Club 2026,https://www.theedgesingapore.com/bdc-sector-winners/billion-dollar-club-2024/samudera-shipping-repeats-clean-sweep-sector-awards,false,samudera-shipping-line
S56,2024-07-29,"Samudera Shipping Line reports 1HFY2024 earnings of US$21.0 mil, 68.3% lower y-o-y",Results,https://www.theedgesingapore.com/capital/results/samudera-shipping-line-reports-1hfy2024-earnings-us210-mil-683-lower-y-o-y,true,samudera-shipping-line
S56,2024-06-20,"Samudera Shipping navigates market volatility with higher productivity, efficiency",Offshore & Marine,https://www.theedgesingapore.com/news/offshore-marine/samudera-shipping-navigates-market-volatility-higher-productivity-efficiency,true,samudera-shipping-line
S58,2026-07-03,Sats’ rally to above pre-war levels prompts divergent views,Investing ideas,https://www.theedgesingapore.com/capital/investing-ideas/sats-rally-above-pre-war-levels-prompts-divergent-views,true,sats
S58,2026-07-01,"Maybank's Liu, citing 'meaningful' growth from new central kitchen, raises target price for Sats to $5.09",Broker's Calls,https://www.theedgesingapore.com/capital/brokers-calls/maybanks-liu-citing-meaningful-growth-new-central-kitchen-raises-target-price,true,sats
S58,2026-06-29,OCBC's Lim downgrades Sats to 'hold' following recent gains,Broker's Calls,https://www.theedgesingapore.com/capital/brokers-calls/ocbcs-lim-downgrades-sats-hold-following-recent-gains,true,sats
S58,2026-06-26,"Broker's Digest: Zixin, SATS, Beng Kuang, CSE Global, Olam, Info-Tech, Food Empire",Broker's Calls,https://www.theedgesingapore.com/capital/brokers-calls/brokers-digest-zixin-sats-beng-kuang-cse-global-olam-info-tech-food-empire,true,sats
S58,2026-06-12,Record STI reflects strong economy and value-driven corporate activity,Investing ideas,https://www.theedgesingapore.com/capital/investing-ideas/record-sti-reflects-strong-economy-and-value-driven-corporate-activity,true,sats
S58,2026-06-05,Resilient platform at Sats inspires higher target price; elevated input costs could cause margin compression,Investing ideas,https://www.theedgesingapore.com/capital/investing-ideas/resilient-platform-sats-inspires-higher-target-price-elevated-input-costs,true,sats
S58,2026-06-05,Does NTA mean anything?,Frankly Speaking,https://www.theedgesingapore.com/views/frankly-speaking/does-nta-mean-anything,true,sats
S58,2026-05-29,Can Sats sustain growth amid global supply chain disruption?,Frankly Speaking,https://www.theedgesingapore.com/views/frankly-speaking/can-sats-sustain-growth-amid-global-supply-chain-disruption,true,sats
S58,2026-05-25,SATS earnings up 17% y-o-y to $285.2 mil for FY2026; declares final dividend of 5 cents,Results,https://www.theedgesingapore.com/capital/results/sats-earnings-17-y-o-y-2852-mil-fy2026-declares-final-dividend-5-cents,true,sats
S58,2026-05-06,Sats acquires additional 40% stake in Nanjing Weizhou Airline Food Corp for $58.3 mil,M&A,https://www.theedgesingapore.com/news/ma/sats-acquires-additional-40-stake-nanjing-weizhou-airline-food-corp-583-mil,true,sats
5E2,2026-08-13,Seatrium signs LOI with Golar for 3rd FLNG conversion ,Contracts,https://www.theedgesingapore.com/news/contracts/seatrium-signs-loi-golar-3rd-flng-conversion,false,seatrium
S51,2026-08-13,Seatrium signs LOI with Golar for 3rd FLNG conversion ,Contracts,https://www.theedgesingapore.com/news/contracts/seatrium-signs-loi-golar-3rd-flng-conversion,false,seatrium
5E2,2026-08-07,"Seatrium eyes leading share in gas projects; new orders a matter of timing, not demand",Oil & Gas,https://www.theedgesingapore.com/news/oil-gas/seatrium-eyes-leading-share-gas-projects-new-orders-matter-timing-not-demand,true,seatrium
S51,2026-08-07,"Seatrium eyes leading share in gas projects; new orders a matter of timing, not demand",Oil & Gas,https://www.theedgesingapore.com/news/oil-gas/seatrium-eyes-leading-share-gas-projects-new-orders-matter-timing-not-demand,true,seatrium
5E2,2026-08-03,"CGSI, Citi and Maybank remain positive on Seatrium while awaiting new contract wins",Broker's Calls,https://www.theedgesingapore.com/capital/brokers-calls/cgsi-citi-and-maybank-remain-positive-seatrium-while-awaiting-new-contract,true,seatrium
S51,2026-08-03,"CGSI, Citi and Maybank remain positive on Seatrium while awaiting new contract wins",Broker's Calls,https://www.theedgesingapore.com/capital/brokers-calls/cgsi-citi-and-maybank-remain-positive-seatrium-while-awaiting-new-contract,true,seatrium
5E2,2026-08-03,JP Morgan maintains underweight rating on Seatrium following 1H2026 sterling results,Broker's Calls,https://www.theedgesingapore.com/capital/brokers-calls/jp-morgan-maintains-underweight-rating-seatrium-following-1h2026-sterling,true,seatrium
S51,2026-08-03,JP Morgan maintains underweight rating on Seatrium following 1H2026 sterling results,Broker's Calls,https://www.theedgesingapore.com/capital/brokers-calls/jp-morgan-maintains-underweight-rating-seatrium-following-1h2026-sterling,true,seatrium
5E2,2026-07-31,Seatrium net profit soars 158% y-o-y to $373 million for 1HFY2026,Results,https://www.theedgesingapore.com/news/results/seatrium-net-profit-soars-158-y-o-y-373-million-1hfy2026,false,seatrium
S51,2026-07-31,Seatrium net profit soars 158% y-o-y to $373 million for 1HFY2026,Results,https://www.theedgesingapore.com/news/results/seatrium-net-profit-soars-158-y-o-y-373-million-1hfy2026,false,seatrium
5E2,2026-07-29,JP Morgan ‘underweight’ on Seatrium despite stronger profit guidance ,Broker's Calls,https://www.theedgesingapore.com/capital/brokers-calls/jp-morgan-underweight-seatrium-despite-stronger-profit-guidance,true,seatrium
S51,2026-07-29,JP Morgan ‘underweight’ on Seatrium despite stronger profit guidance ,Broker's Calls,https://www.theedgesingapore.com/capital/brokers-calls/jp-morgan-underweight-seatrium-despite-stronger-profit-guidance,true,seatrium
5E2,2026-07-27,Ho of DBS maintains 'buy' and $3 on Seatrium following positive earnings alert,Broker's Calls,https://www.theedgesingapore.com/capital/brokers-calls/ho-dbs-maintains-buy-and-3-seatrium-following-positive-earnings-alert,true,seatrium
S51,2026-07-27,Ho of DBS maintains 'buy' and $3 on Seatrium following positive earnings alert,Broker's Calls,https://www.theedgesingapore.com/capital/brokers-calls/ho-dbs-maintains-buy-and-3-seatrium-following-positive-earnings-alert,true,seatrium
5E2,2026-07-24,Seatrium guides for ‘material’ y-o-y improvement in NPAT for 1HFY2026,Results,https://www.theedgesingapore.com/news/results/seatrium-guides-material-y-o-y-improvement-npat-1hfy2026,true,seatrium
S51,2026-07-24,Seatrium guides for ‘material’ y-o-y improvement in NPAT for 1HFY2026,Results,https://www.theedgesingapore.com/news/results/seatrium-guides-material-y-o-y-improvement-npat-1hfy2026,true,seatrium
5E2,2026-07-16,"‘Healthy cocktail’ gives Macquarie the buzz to upgrade STI target by 33% to 6,000 points",Stock Picks 2026,https://www.theedgesingapore.com/capital/stock-picks-2026/healthy-cocktail-gives-macquarie-buzz-upgrade-sti-target-33-6000-points,true,seatrium
S51,2026-07-16,"‘Healthy cocktail’ gives Macquarie the buzz to upgrade STI target by 33% to 6,000 points",Stock Picks 2026,https://www.theedgesingapore.com/capital/stock-picks-2026/healthy-cocktail-gives-macquarie-buzz-upgrade-sti-target-33-6000-points,true,seatrium
5E2,2026-07-03,Seatrium moves closer to bringing new floating energy solution to market,Energy,https://www.theedgesingapore.com/news/energy/seatrium-moves-closer-bringing-new-floating-energy-solution-market,true,seatrium
S51,2026-07-03,Seatrium moves closer to bringing new floating energy solution to market,Energy,https://www.theedgesingapore.com/news/energy/seatrium-moves-closer-bringing-new-floating-energy-solution-market,true,seatrium
U96,2026-05-19,Sembcorp announces Phase 1 of Wilton International Data Centre ,Data centres,https://www.theedgesingapore.com/news/data-centres/sembcorp-announces-phase-1-wilton-international-data-centre,true,sembcorp
U96,2026-04-15,UOB Kay Hian doubles down on Sembcorp with higher target price of $8.06,Broker's Calls,https://www.theedgesingapore.com/capital/brokers-calls/uob-kay-hian-doubles-down-sembcorp-higher-target-price-806,true,sembcorp
U96,2025-12-19,Sembcorp’s acquisition of Alinta met with worries over impact on balance sheet ,Infrastructure,https://www.theedgesingapore.com/news/infrastructure/sembcorps-acquisition-alinta-met-worries-over-impact-balance-sheet,true,sembcorp
U96,2025-10-10,Sembcorp Industries powers Asia’s green transition,Investing ideas,https://www.theedgesingapore.com/capital/investing-ideas/sembcorp-industries-powers-asias-green-transition,true,sembcorp
U96,2025-08-08,Sembcorp's 1H2025 net profit before EI and FX is unchanged y-o-y at $491 mil,Results,https://www.theedgesingapore.com/capital/results/sembcorps-1h2025-net-profit-ei-and-fx-unchanged-y-o-y-491-mil,true,sembcorp
U96,2024-12-30,Sembcorp's solar project in Oman clears acceptance test and is ready for commercial operation,Energy,https://www.theedgesingapore.com/news/energy/sembcorps-solar-project-oman-clears-acceptance-test-and-ready-commercial-operation,true,sembcorp
U96,2024-11-08,Sembcorp to sell SembEnviro to Indonesia’s TBS Energi Utama for $405 mil,Company in the news,https://www.theedgesingapore.com/news/company-news/sembcorp-sell-sembenviro-indonesias-tbs-energi-utama-405-mil,true,sembcorp
U96,2024-09-23,EMA gives nod to Sembcorp’s plan to acquire 30% interest in Senoko Energy,M&A,https://www.theedgesingapore.com/news/ma/ema-gives-nod-sembcorps-plan-acquire-30-interest-senoko-energy,true,sembcorp
U96,2024-09-19,"Maybank maintains ‘buy’ on Sembcorp, raises TP to $6",Broker's Calls,https://www.theedgesingapore.com/capital/brokers-calls/maybank-maintains-buy-sembcorp-raises-tp-6,true,sembcorp
U96,2024-02-22,"Sembcorp, Keppel promise sustainable dividends, green power",Infrastructure,https://www.theedgesingapore.com/news/infrastructure/sembcorp-keppel-promise-sustainable-dividends-green-power,true,sembcorp
U96,2026-07-24,"STI can reach 6,800 because of ‘Orchard Road effect’: Maybank Securities",Investing strategies,https://www.theedgesingapore.com/capital/investing-strategies/sti-can-reach-6800-because-orchard-road-effect-maybank-securities,true,sembcorp-industries
U96,2026-06-19,"Broker's Digest: Centurion Corp, Sembcorp, LHN, ThaiBev, Wee Hur, UI Boustead REIT, Lincotrade",Broker's Calls,https://www.theedgesingapore.com/capital/brokers-calls/brokers-digest-centurion-corp-sembcorp-lhn-thaibev-wee-hur-ui-boustead-reit,true,sembcorp-industries
U96,2026-06-12,CGS International maintains 'add' call on Sembcorp with target price of $7.68,Broker's Calls,https://www.theedgesingapore.com/capital/brokers-calls/cgs-international-maintains-add-call-sembcorp-target-price-768,true,sembcorp-industries
U96,2026-06-12,"Broker's Digest: Tai Sin, OKP Holdings, CDL, Food Empire, Pan-United, Sanli Environmental, Sembcorp",Broker's Calls,https://www.theedgesingapore.com/capital/brokers-calls/brokers-digest-tai-sin-okp-holdings-cdl-food-empire-pan-united-sanli,true,sembcorp-industries
U96,2026-06-08,Maybank's Krishna Guha raises target price for Sembcorp to $6,Broker's Calls,https://www.theedgesingapore.com/capital/brokers-calls/maybanks-krishna-guha-raises-target-price-sembcorp-6,true,sembcorp-industries
U96,2026-04-06,PhillipCapital replaces Singtel with Sembcorp in latest quarterly portfolio,Investing ideas,https://www.theedgesingapore.com/capital/investing-ideas/phillipcapital-replaces-singtel-sembcorp-latest-quarterly-portfolio,true,sembcorp-industries
U96,2026-03-18,CGS International reiterates Sembcorp as top pick with $7.68 target price,Broker's Calls,https://www.theedgesingapore.com/capital/brokers-calls/cgs-international-reiterates-sembcorp-top-pick-768-target-price,true,sembcorp-industries
U96,2026-03-13,Sembcorp’s prospects lifted by Middle East conflict and Alinta acquisition,Investing ideas,https://www.theedgesingapore.com/capital/investing-ideas/sembcorps-prospects-lifted-middle-east-conflict-and-alinta-acquisition,true,sembcorp-industries
U96,2026-03-09,Sembcorp refutes reports that its Fujairah 1 plant in UAE damaged; no gas imports from Middle East scheduled this year,Energy,https://www.theedgesingapore.com/news/energy/sembcorp-refutes-reports-its-fujairah-1-plant-uae-damaged-no-gas-imports-middle-east,true,sembcorp-industries
U96,2026-01-28,Sembcorp expands power supply agreement to Micron,Energy,https://www.theedgesingapore.com/news/energy/sembcorp-expands-power-supply-agreement-micron,true,sembcorp-industries
S68,2026-08-14,Borderless capital: How the SGX-Nasdaq Global Listing Bridge redefines regional listing strategies,Capital markets,https://www.theedgesingapore.com/views/capital-markets/borderless-capital-how-sgx-nasdaq-global-listing-bridge-redefines-regional,true,sgx
S68,2026-08-07,Two AI hardware listings came to Singapore. But not for SGX ,Tech,https://www.theedgesingapore.com/views/tech/two-ai-hardware-listings-came-singapore-not-sgx,true,sgx
S68,2026-07-31,Football tips to navigate the market,Global Markets,https://www.theedgesingapore.com/views/global-markets/football-tips-navigate-market,true,sgx
S68,2026-07-31,The next-generation investor has arrived — and Singapore’s small caps are built for them,Markets,https://www.theedgesingapore.com/views/markets/next-generation-investor-has-arrived--and-singapores-small-caps-are-built-them,true,sgx
S68,2026-07-29,EGP Energy marks stock market debut with energising pop,IPO,https://www.theedgesingapore.com/news/ipo/egp-energy-marks-stock-market-debut-energising-pop,false,sgx
S68,2026-07-27,Singapore charts streamlined sustainability disclosures with focus on climate,Sustainability,https://www.theedgesingapore.com/news/sustainability/singapore-charts-streamlined-sustainability-disclosures-focus-climate,false,sgx
S68,2026-07-24,New deal with MSCI fits SGX's 'strategic growth narrative'; potential for 'meaningful' earnings upside: DBS,Broker's Calls,https://www.theedgesingapore.com/capital/brokers-calls/new-deal-msci-fits-sgxs-strategic-growth-narrative-potential-meaningful,true,sgx
S68,2026-07-24,"Quicktakes: New SDRs, AI playbook for PDPA, Zhongji Innolight IPO, TSMC, 01.ai, EGP Energy",News,https://www.theedgesingapore.com/news/news/quicktakes-new-sdrs-ai-playbook-pdpa-zhongji-innolight-ipo-tsmc-01ai-egp-energy,false,sgx
S68,2026-07-23,SGX inks new licensing deal with MSCI for equity derivatives franchise,Markets,https://www.theedgesingapore.com/news/markets/sgx-inks-new-licensing-deal-msci-equity-derivatives-franchise,true,sgx
S68,2026-07-21,RHB slightly raises target price for SGX on record June statistics and divestment of Scientific Beta,Broker's Calls,https://www.theedgesingapore.com/capital/brokers-calls/rhb-slightly-raises-target-price-sgx-record-june-statistics-and-divestment,true,sgx
OV8,2026-08-07,"Sheng Siong still well-liked, but analysts flag slowing earnings growth",Investing ideas,https://www.theedgesingapore.com/capital/investing-ideas/sheng-siong-still-well-liked-analysts-flag-slowing-earnings-growth,true,sheng-siong
OV8,2026-07-31,"Despite the neutral stance, analysts are raising their target price on Sheng Siong following recent 1HFY2026 results",Broker's Calls,https://www.theedgesingapore.com/capital/brokers-calls/despite-neutral-stance-analysts-are-raising-their-target-price-sheng-siong,true,sheng-siong
OV8,2026-07-17,"STI at 5,000 and beyond",Singapore economy,https://www.theedgesingapore.com/news/singapore-economy/sti-5000-and-beyond,true,sheng-siong
OV8,2026-05-05,RHB's Yeo raises target price for Sheng Siong to $3.45 on earnings growth from new stores and resilient margins,Broker's Calls,https://www.theedgesingapore.com/capital/brokers-calls/rhbs-yeo-raises-target-price-sheng-siong-345-earnings-growth-new-stores-and,true,sheng-siong
OV8,2026-04-17,"Broker's Digest: Infinity Development, Parkway Life REIT, Sheng Siong Group, Singtel, Delfi, Sembcorp Industries",Broker's Calls,https://www.theedgesingapore.com/capital/brokers-calls/brokers-digest-infinity-development-parkway-life-reit-sheng-siong-group,true,sheng-siong
OV8,2026-03-04,CGS International bumps Sheng Siong to ‘buy’ on better economies of scale,Broker's Calls,https://www.theedgesingapore.com/capital/brokers-calls/cgs-international-bumps-sheng-siong-buy-better-economies-scale,true,sheng-siong
OV8,2026-03-03,Another strong year expected for Sheng Siong,Broker's Calls,https://www.theedgesingapore.com/capital/brokers-calls/another-strong-year-expected-sheng-siong,true,sheng-siong
OV8,2026-02-27,Sheng Siong posts 8.7% growth in FY2025 earnings to $149.5 mil,Results,https://www.theedgesingapore.com/capital/results/sheng-siong-posts-87-growth-fy2025-earnings-1495-mil,true,sheng-siong
OV8,2026-02-10,"OCBC downgrades Sheng Siong to ‘hold’ but raises target price, pending insights from FY2025 results",Broker's Calls,https://www.theedgesingapore.com/capital/brokers-calls/ocbc-downgrades-sheng-siong-hold-raise-target-price-pending-insights-fy2025,true,sheng-siong
OV8,2025-11-03,More growth ahead expected for Sheng Siong,Broker's Calls,https://www.theedgesingapore.com/capital/brokers-calls/more-growth-ahead-expected-sheng-siong,true,sheng-siong
OV8,2026-07-29,"Sheng Siong reports earnings of $81 mil for 1HFY2026, up 11.9% y-o-y",Results,https://www.theedgesingapore.com/capital/results/sheng-siong-reports-earnings-81-mil-1hfy2026-119-y-o-y,false,sheng-siong-group
OV8,2026-07-10,"Broker's Digest: FCT, Parkway Life REIT, Sembcorp Industries, DFI Retail, Sheng Siong, HRnetGroup, China Sunsine",Broker's Calls,https://www.theedgesingapore.com/capital/brokers-calls/brokers-digest-fct-parkway-life-reit-sembcorp-industries-dfi-retail-sheng,true,sheng-siong-group
OV8,2026-07-06,RHB's Yeo raises target price for Sheng Siong to $3.59 on new store openings,Broker's Calls,https://www.theedgesingapore.com/capital/brokers-calls/rhbs-yeo-raises-target-price-sheng-siong-359-new-store-openings,true,sheng-siong-group
OV8,2026-05-08,Higher target prices for Sheng Siong on earnings growth from new stores,Investing ideas,https://www.theedgesingapore.com/capital/investing-ideas/higher-target-prices-sheng-siong-earnings-growth-new-stores,true,sheng-siong-group
OV8,2026-04-08,"With more cost of living support, CGSI raises target price for Sheng Siong to $3.40",Broker's Calls,https://www.theedgesingapore.com/capital/brokers-calls/more-cost-living-support-cgsi-raises-target-price-sheng-siong-340,true,sheng-siong-group
OV8,2026-03-06,"Brokers' Digest: Info-Tech Systems, CNMC Goldmine Holdings, Delfi, Singapore Post, Sheng Siong Group",Broker's Calls,https://www.theedgesingapore.com/capital/brokers-calls/brokers-digest-info-tech-systems-cnmc-goldmine-holdings-delfi-singapore-post,true,sheng-siong-group
OV8,2026-02-12,Sheng Siong shares down just 1 cent after another $500 in CDC vouchers unveiled at Budget 2026 ,Budget 2026,https://www.theedgesingapore.com/news/budget-2026/sheng-siong-shares-down-just-1-cent-after-another-500-cdc-vouchers-unveiled-budget,true,sheng-siong-group
OV8,2025-10-22,DBS raises target price for Sheng Siong following on-site visit of inaugural CBD store,Broker's Calls,https://www.theedgesingapore.com/capital/brokers-calls/dbs-raises-target-price-sheng-siong-following-site-visit-inaugural-cbd-store,true,sheng-siong-group
OV8,2025-10-13,Maybank Securities keeps Sheng Siong at 'buy' and $2.30 target price,Broker's Calls,https://www.theedgesingapore.com/capital/brokers-calls/maybank-securities-keeps-sheng-siong-buy-and-230-target-price,true,sheng-siong-group
OV8,2025-07-30,Sheng Siong Group reports 3.4% y-o-y higher earnings for 1HFY2025 of $72.35 million,Results,https://www.theedgesingapore.com/capital/results/sheng-siong-group-reports-34-y-o-y-higher-earnings-1hfy2025-7235-million,true,sheng-siong-group
C6L,2026-05-14,Singapore Airlines’ FY2026’s net profit declines by 57.4% to $1.18 billion despite record revenue,Results,https://www.theedgesingapore.com/capital/results/singapore-airlines-fy2026s-net-profit-declines-574-118-billion-despite-record,true,sia
C6L,2026-03-06,"Analysts like SIA’s stabilising passenger yield, but Air India stays a drag",Investing ideas,https://www.theedgesingapore.com/capital/investing-ideas/analysts-sias-stabilising-passenger-yield-air-india-stays-drag,true,sia
C6L,2026-02-24,SIA reports 3QFY2026 earnings of $505 mil; revenue reaches quarterly record,Results,https://www.theedgesingapore.com/capital/results/sia-reports-3qfy2026-earnings-505-mil-revenue-reaches-quarterly-record,true,sia
C6L,2025-07-15,SIA's group-wide passenger load factor for June reaches 88.7% with school and summer holidays,Aviation & Engineering,https://www.theedgesingapore.com/news/aviation-engineering/sias-group-wide-passenger-load-factor-june-reaches-887-school-and-summer,true,sia
C6L,2024-11-08,"SIA’s 1HFY2024/2025 earnings down 48.5% y-o-y to $742 mil, maintains interim dividend of 10 cents per share",Results,https://www.theedgesingapore.com/news/results/sias-1hfy20242025-earnings-down-485-y-o-y-742-mil-maintains-interim-dividend-10-cents,true,sia
C6L,2024-07-15,Maybank initiates ‘hold’ on SIA with TP of $7.10 on the back of ‘peakish’ earnings post-pandemic,Broker's Calls,https://www.theedgesingapore.com/capital/brokers-calls/maybank-initiates-hold-sia-tp-710-back-peakish-earnings-post-pandemic,true,sia
C6L,2024-05-10,"SIA Engineering reports full year earnings of $97.1 million, up 46.2% y-o-y",Results,https://www.theedgesingapore.com/capital/results/sia-engineering-reports-full-year-earnings-971-million-462-y-o-y,true,sia
C6L,2024-04-11,SIA resumes share buybacks after nearly eight years; abrdn trims stake in AEM Holdings,Insider moves,https://www.theedgesingapore.com/capital/insider-moves/sia-resumes-share-buybacks-after-nearly-eight-years-abrdn-trims-stake-aem,true,sia
C6L,2024-02-21,SIA shares drop following earnings miss and analysts' downgrades,Broker's Calls,https://www.theedgesingapore.com/capital/brokers-calls/sia-shares-drop-following-earnings-miss-and-analysts-downgrades,true,sia
C6L,2024-02-05,The world's chip industry poised to bounce back after tough 2023,Semiconductor,https://www.theedgesingapore.com/news/semiconductor/worlds-chip-industry-poised-bounce-back-after-tough-2023,true,sia
S59,2026-07-23,SIA Engineering 1QFY2027 earnings down 6.1% y-o-y to $40.3 mil,Results,https://www.theedgesingapore.com/capital/results/sia-engineering-1qfy2027-earnings-down-61-y-o-y-403-mil,true,sia-engineering
S59,2026-07-03,SIA Engineering and Air India ink MOU to explore MRO collaboration,Company in the news,https://www.theedgesingapore.com/news/company-news/sia-engineering-and-air-india-ink-mou-explore-mro-collaboration,true,sia-engineering
S59,2026-05-22,SIA Engineering to feel impact from higher costs; analysts lower target prices,Investing ideas,https://www.theedgesingapore.com/capital/investing-ideas/sia-engineering-feel-impact-higher-costs-analysts-lower-target-prices,true,sia-engineering
S59,2026-05-11,SIA Engineering's FY2026 earnings up 21% to $168.9 mil,Results,https://www.theedgesingapore.com/capital/results/sia-engineerings-fy2026-earnings-21-1689-mil,true,sia-engineering
S59,2026-05-08,"Broker's Digest: Elite UK REIT, ISDN Holdings, ESR-REIT, YZJ Maritime, Reclaims Global, CLI, SIA Engineering, Venture",Broker's Calls,https://www.theedgesingapore.com/capital/brokers-calls/brokers-digest-elite-uk-reit-isdn-holdings-esr-reit-yzj-maritime-reclaims,true,sia-engineering
S59,2026-03-05,SIA Engineering displaces CLAS from STI reserve list; no changes to index,Markets,https://www.theedgesingapore.com/news/markets/sia-engineering-displaces-clas-sti-reserve-list-no-changes-index,true,sia-engineering
S59,2026-02-27,"Brokers' Digest: Marco Polo, iFAST, UHREIT, Addvalue, SGX, BRC Asia, SIA Engineering, ISOTeam, Starhub",Broker's Calls,https://www.theedgesingapore.com/capital/brokers-calls/brokers-digest-marco-polo-ifast-uhreit-addvalue-sgx-brc-asia-sia-engineering,true,sia-engineering
S59,2026-02-20,"OCBC upgrades, CGSI maintains bullishness on SIA Engineering after 9MFY2026 update",Broker's Calls,https://www.theedgesingapore.com/capital/brokers-calls/ocbc-upgrades-cgsi-maintains-bullishness-sia-engineering-after-9mfy2026-update,true,sia-engineering
S59,2025-09-19,"Brokers’ Digest: Hong Leong Asia, Marco Polo Marine, Pan-United Corp, SIA Engineering, UOL",Broker's Calls,https://www.theedgesingapore.com/capital/brokers-calls/brokers-digest-hong-leong-asia-marco-polo-marine-pan-united-corp-sia,true,sia-engineering
S59,2025-09-15,PhillipCapital's Liu and Chew initiate coverage on SIA Engineering on MRO upcycle,Broker's Calls,https://www.theedgesingapore.com/capital/brokers-calls/phillipcapitals-liu-and-chew-initiate-coverage-sia-engineering-mro-upcycle,true,sia-engineering
5CP,2024-12-10,Innovative structure used in taking Silverlake Axis private may spark a trend,Markets,https://www.theedgesingapore.com/news/markets/innovative-structure-used-taking-silverlake-axis-private-may-spark-trend,true,silverlake-axis
5CP,2024-09-26,Briefs: Hanwha Group explains offer price for Dyna-Mac; No increase in offer for Silverlake Axis; Anwar speaks in Johor,Singapore news,https://www.theedgesingapore.com/news/singapore-news/briefs-hanwha-group-explains-offer-price-dyna-mac-no-increase-offer-silverlake,true,silverlake-axis
5CP,2024-08-29,"Brokers’ digest: Haidilao International Holding, CSE Global, Delfi",Broker's Calls,https://www.theedgesingapore.com/capital/brokers-calls/brokers-digest-haidilao-international-holding-cse-global-delfi,true,silverlake-axis
5CP,2024-08-28,CGS International reiterates 'reduce' call on Silverlake Axis after privatisation announcement,Broker's Calls,https://www.theedgesingapore.com/capital/brokers-calls/cgs-international-reiterates-reduce-call-silverlake-axis-after-privatisation,true,silverlake-axis
5CP,2024-08-23,Silverlake Axis says it secured 65 contracts worth $33 mil with existing customers in 4QFY2024,Contracts,https://www.theedgesingapore.com/news/contracts/silverlake-axis-says-it-secured-65-contracts-worth-33-mil-existing-customers-4qfy2024,true,silverlake-axis
5CP,2024-08-22,"Silverlake Axis cannot survive another 30 years just on banking services, says new CEO Cassandra Goh",Banking & finance,https://www.theedgesingapore.com/news/banking-finance/silverlake-axis-cannot-survive-another-30-years-just-banking-services-says-new,true,silverlake-axis
5CP,2024-02-19,"Silverlake Axis's quality of earnings improving, analysts maintain 'buy' with lower TPs",Broker's Calls,https://www.theedgesingapore.com/capital/brokers-calls/silverlake-axiss-quality-earnings-improving-analysts-maintain-buy-lower-tps,true,silverlake-axis
5CP,2024-02-15,"Silverlake Axis records RM89.3 mil earnings for 1HFY2024, down 11% y-o-y",Results,https://www.theedgesingapore.com/capital/results/silverlake-axis-records-rm893-mil-earnings-1hfy2024-down-11-y-o-y,true,silverlake-axis
5CP,2023-11-21,Silverlake Axis boasts robust pipeline,Broker's Calls,https://www.theedgesingapore.com/capital/brokers-calls/silverlake-axis-boasts-robust-pipeline,true,silverlake-axis
5CP,2023-11-15,Silverlake Axis earnings down 15% y-o-y in 1QFY2024; recurring revenue stays strong,Results,https://www.theedgesingapore.com/capital/results/silverlake-axis-earnings-down-15-y-o-y-1qfy2024-recurring-revenue-stays-strong,true,silverlake-axis
A26,2025-05-11,Privatisation offer for Sinarmas Land raised to 37.5 cents,Offer,https://www.theedgesingapore.com/news/offer/privatisation-offer-sinarmas-land-raised-375-cents,true,sinarmas-land
A26,2025-05-06,W Capital Markets maintains valuation methodologies as sound in forming view as IFA for Sinarmas Land privatisation ,Offer,https://www.theedgesingapore.com/news/offer/w-capital-markets-maintains-valuation-methodologies-sound-forming-view-ifa-sinarmas-land,true,sinarmas-land
A26,2025-05-05,SIAS disagrees with IFA and IDs' views over 'exploitative' privatisation offer for Sinarmas Land,Offer,https://www.theedgesingapore.com/news/offer/sias-disagrees-ifa-and-ids-views-over-exploitative-privatisation-offer-sinarmas-land,true,sinarmas-land
A26,2025-04-27,"Privatisation offer for Sinarmas Land 'not fair' but 'reasonable', says IFA W Capital Markets",Company in the news,https://www.theedgesingapore.com/news/company-news/privatisation-offer-sinarmas-land-not-fair-reasonable-says-ifa-w-capital-markets,true,sinarmas-land
A26,2025-04-03,Sinarmas Land appoints W Capital Markets as its independent financial advisor ,Offer,https://www.theedgesingapore.com/news/offer/sinarmas-land-appoints-w-capital-markets-its-independent-financial-advisor,true,sinarmas-land
A26,2025-03-28,Sinarmas Land shares surge as high as 23% after privatisation offer,Offer,https://www.theedgesingapore.com/news/offer/sinarmas-land-shares-surge-high-23-after-privatisation-offer,true,sinarmas-land
A26,2025-03-27,Billionaire Widjaja family offers to take Sinarmas Land private for 31 cents per share,Offer,https://www.theedgesingapore.com/news/offer/billionaire-widjaja-family-offers-take-sinarmas-land-private-31-cents-share,true,sinarmas-land
A26,2024-11-12,"Overall winner Civmec provides best returns, Sinarmas Land tops for PAT",Billion Dollar Club 2026,https://www.theedgesingapore.com/bdc-sector-winners/billion-dollar-club-2024/overall-winner-civmec-provides-best-returns-sinarmas,false,sinarmas-land
A26,2024-05-30,Unearthing value in property stocks and REITs,REIT Watch,https://www.theedgesingapore.com/capital/reit-watch/unearthing-value-property-stocks-and-reits,true,sinarmas-land
A26,2024-04-11,Buying interest in one of our undervalued stocks,Right Timing,https://www.theedgesingapore.com/capital/right-timing/buying-interest-one-our-undervalued-stocks,true,sinarmas-land
C6L,2026-07-15,Yap of CGSI raises target price for SIA to $7.65,Broker's Calls,https://www.theedgesingapore.com/capital/brokers-calls/yap-cgsi-raises-target-price-sia-765,true,singapore-airlines
C6L,2026-05-25,Cabin culture,Dine in,https://www.theedgesingapore.com/options/dine/cabin-culture,true,singapore-airlines
C6L,2026-05-22,SIA Engineering to feel impact from higher costs; analysts lower target prices,Investing ideas,https://www.theedgesingapore.com/capital/investing-ideas/sia-engineering-feel-impact-higher-costs-analysts-lower-target-prices,true,singapore-airlines
C6L,2026-05-22,"PhillipCapital's Hashim lowers target price for SIA to $6.43, citing higher fuel costs and Air India",Broker's Calls,https://www.theedgesingapore.com/capital/brokers-calls/phillipcapitals-hashim-lowers-target-price-sia-643-citing-higher-fuel-costs,true,singapore-airlines
C6L,2026-01-29,Singapore Airlines and Malaysia Airlines formalise joint business partnership,Aviation & Engineering,https://www.theedgesingapore.com/news/aviation-engineering/singapore-airlines-and-malaysia-airlines-formalise-joint-business,true,singapore-airlines
C6L,2026-01-15,SIA Group combined passenger carriage up 4.8% y-o-y to 3.8 mil in Dec 2025,Company in the news,https://www.theedgesingapore.com/news/company-news/sia-group-combined-passenger-carriage-48-y-o-y-38-mil-dec-2025,true,singapore-airlines
C6L,2025-11-21,Temasek’s dividend extraction moves bring cheers to market,Markets,https://www.theedgesingapore.com/views/markets/temaseks-dividend-extraction-moves-bring-cheers-market,true,singapore-airlines
S08,2026-05-18,OCBC's Lim maintains 'hold' on SingPost; awaits operational improvements,Broker's Calls,https://www.theedgesingapore.com/capital/brokers-calls/ocbcs-lim-maintains-hold-singpost-awaits-operational-improvements,true,singapore-post
S08,2026-02-26,OCBC's Lim trims SingPost's fair value to 40 cents following 3QFY2026 updates,Broker's Calls,https://www.theedgesingapore.com/capital/brokers-calls/ocbcs-lim-trims-singposts-fair-value-40-cents-following-3qfy2026-updates,true,singapore-post
S08,2025-09-15,OCBC's Lim cuts SingPost fair value second time in a month to 44 cents on Alibaba overhang,Broker's Calls,https://www.theedgesingapore.com/capital/brokers-calls/ocbcs-lim-cuts-singpost-fair-value-second-time-month-44-cents-alibaba-overhang,true,singapore-post
S08,2025-08-22,OCBC's Lim cuts fair value for SingPost to 49.5 cents,Broker's Calls,https://www.theedgesingapore.com/capital/brokers-calls/ocbcs-lim-cuts-fair-value-singpost-495-cents,true,singapore-post
S08,2025-08-22,Global mail services halt US deliveries ahead of de minimis end,Global Economy,https://www.theedgesingapore.com/news/global-economy/global-mail-services-halt-us-deliveries-ahead-de-minimis-end,true,singapore-post
S08,2025-08-22,SingPost reports 60% lower operating profit in 1QFY2026 business update,Results,https://www.theedgesingapore.com/capital/results/singpost-reports-60-lower-operating-profit-1qfy2026-business-update,true,singapore-post
S08,2025-08-01,"With new growth path uncertain, focus on SingPost's break-up value, says OCBC's Lim",Broker's Calls,https://www.theedgesingapore.com/capital/brokers-calls/new-growth-path-uncertain-focus-singposts-break-value-says-ocbcs-lim,true,singapore-post
S08,2025-05-15,SingPost to pay 9 cents in special dividend from proceeds of divestment in Australia,Results,https://www.theedgesingapore.com/capital/results/singpost-pay-9-cents-special-dividend-proceeds-divestment-australia,true,singapore-post
S08,2025-05-07,Maybank expects SingPost to pay special dividends of at least 10 cents per share,Broker's Calls,https://www.theedgesingapore.com/capital/brokers-calls/maybank-expects-singpost-pay-special-dividends-least-10-cents-share,true,singapore-post
S08,2025-03-18,Consolidation of SingPost's operations may free up space to generate rental income of $9 million per year: Maybank,Broker's Calls,https://www.theedgesingapore.com/capital/brokers-calls/consolidation-singposts-operations-may-free-space-generate-rental-income-9,true,singapore-post
S08,2026-06-12,E-commerce logistics hub gives SingPost flexibility to value up its floor space,Corporate moves,https://www.theedgesingapore.com/news/corporate-moves/e-commerce-logistics-hub-gives-singpost-flexibility-value-its-floor-space,true,singpost
S08,2026-05-29,"Zero-cost 10-min sustainability disclosure for SMEs, potential Scope 3 solution for listed firms: Green 100",Sustainability,https://www.theedgesingapore.com/news/sustainability/zero-cost-10-min-sustainability-disclosure-smes-potential-scope-3-solution,true,singpost
S08,2026-03-06,"Brokers' Digest: Info-Tech Systems, CNMC Goldmine Holdings, Delfi, Singapore Post, Sheng Siong Group",Broker's Calls,https://www.theedgesingapore.com/capital/brokers-calls/brokers-digest-info-tech-systems-cnmc-goldmine-holdings-delfi-singapore-post,true,singpost
S08,2025-11-10,"SingPost reports lower earnings, continues strategic review under new group CEO Chong",Results,https://www.theedgesingapore.com/news/results/singpost-reports-lower-earnings-continues-strategic-review-under-new-group-ceo-chong,true,singpost
Z74,2026-08-21,"Singtel off to ‘strong start’ for FY2027, operational improvements continue while RE:AI ebitda may reach $200 mil",Investing ideas,https://www.theedgesingapore.com/capital/investing-ideas/singtel-strong-start-fy2027-operational-improvements-continue-while-reai,true,singtel
Z74,2026-08-14,Analysts stay positive on Singtel as 1QFY2027 earnings beat expectations,Broker's Calls,https://www.theedgesingapore.com/capital/brokers-calls/analysts-stay-positive-singtel-1qfy2027-earnings-beat-expectations,true,singtel
Z74,2026-08-13,Singtel 1QFY2027 earnings down 71.6% y-o-y in absence of exceptional gains,Results,https://www.theedgesingapore.com/capital/results/singtel-1qfy2027-earnings-down-716-y-o-y-absence-exceptional-gains,false,singtel
Z74,2026-07-31,"Broker's Digest: Aztech Global, Raffles Medical, YZJ Shipbuilding, HPH Trust, iFAST, SGX, Singtel",Broker's Calls,https://www.theedgesingapore.com/capital/brokers-calls/brokers-digest-aztech-global-raffles-medical-yzj-shipbuilding-hph-trust-ifast,true,singtel
Z74,2026-07-30,DBS keeps Singtel's target price at $5.46 following Optus stake sale talks,Broker's Calls,https://www.theedgesingapore.com/capital/brokers-calls/dbs-keeps-singtels-target-price-546-following-optus-stake-sale-talks,true,singtel
Z74,2026-06-30,Singtel weighs REIT as long-term funding option for AI infrastructure,Telecommunications,https://www.theedgesingapore.com/news/telecommunications/singtel-weighs-reit-long-term-funding-option-ai-infrastructure,true,singtel
Z74,2026-06-26,"Singtel’s Thai associate is its new divestment tap to fund capex, dividends and buybacks",Investing ideas,https://www.theedgesingapore.com/capital/investing-ideas/singtels-thai-associate-its-new-divestment-tap-fund-capex-dividends-and,true,singtel
Z74,2026-06-23,Singtel's partial sale of Gulf Development stake reaps $140 million gain,Telecommunications,https://www.theedgesingapore.com/news/telecommunications/singtels-partial-sale-gulf-development-stake-reaps-140-million-gain,true,singtel
Z74,2026-06-23,Singtel to sell up to $979.6 million Gulf Development shares ,Telecommunications,https://www.theedgesingapore.com/news/telecommunications/singtel-sell-9796-million-gulf-development-shares,true,singtel
Z74,2026-06-10,Singtel Digital InfraCo’s RE:AI and WEKA to jointly deliver sovereign AI solutions across Asean,Artificial Intelligence,https://www.theedgesingapore.com/digitaledge/artificial-intelligence/singtel-digital-infracos-reai-and-weka-jointly-deliver,true,singtel
S63,2026-08-21,ST Engineering’s earnings quicken on better efficiency; new systems to help drive growth,Investing ideas,https://www.theedgesingapore.com/capital/investing-ideas/st-engineerings-earnings-quicken-better-efficiency-new-systems-help-drive,true,st-engineering
S63,2026-05-19,Analysts maintain bullish view on ST Engineering; UOBKH's Chen raises target price to $11.75,Broker's Calls,https://www.theedgesingapore.com/capital/brokers-calls/analysts-maintain-bullish-view-st-engineering-uobkhs-chen-raises-target-price,true,st-engineering
S63,2026-05-18,ST Engineering's 1QFY2026 earnings up by more than 15% y-o-y,Results,https://www.theedgesingapore.com/capital/results/st-engineerings-1qfy2026-earnings-more-15-y-o-y,true,st-engineering
S63,2026-04-28,"Singapore turns to satellites, AI and robotics to bolster public safety",Digital Economy,https://www.theedgesingapore.com/digitaledge/digital-economy/singapore-turns-satellites-ai-and-robotics-bolster-public-safety,true,st-engineering
S63,2026-04-27,ST Engineering wins $4.8 bil in new contracts in 1QFY2026,Contracts,https://www.theedgesingapore.com/news/contracts/st-engineering-wins-48-bil-new-contracts-1qfy2026,true,st-engineering
S63,2026-04-11,ST Engineering licenses Poland's Niewiadów for 40-mm grenade production,Contracts,https://www.theedgesingapore.com/news/contracts/st-engineering-licenses-polands-niewiadw-40-mm-grenade-production,true,st-engineering
S63,2026-04-01,ST Engineering wins $600 mil contract to help build missile gun boats for Kuwait,Contracts,https://www.theedgesingapore.com/news/contracts/st-engineering-wins-600-mil-contract-help-build-missile-gun-boats-kuwait,true,st-engineering
S63,2026-03-25,"RHB raises target price for ST Engineering to $12.30, remains relatively 'conservative'",Broker's Calls,https://www.theedgesingapore.com/capital/brokers-calls/rhb-raises-target-price-st-engineering-1230-remains-relatively-conservative,true,st-engineering
S63,2026-03-13,Nordic Group emerges as an alternative defence and security play to ST Engineering,Investing ideas,https://www.theedgesingapore.com/capital/investing-ideas/nordic-group-emerges-alternative-defence-and-security-play-st-engineering,true,st-engineering
S63,2026-03-13,ST Engineering to deploy new traffic management system for LTA,Contracts,https://www.theedgesingapore.com/news/contracts/st-engineering-deploy-new-traffic-management-system-lta,true,st-engineering
P40U,2026-07-29,Starhill Global REIT’s FY2026 DPU up 0.8% y-o-y to 3.68 cents,Results,https://www.theedgesingapore.com/capital/results/starhill-global-reits-fy2026-dpu-08-y-o-y-368-cents,false,starhill-global-reit
P40U,2026-07-06,City & Country’s Movers & Shakers 2Q2026,Property,https://www.theedgesingapore.com/cityandcountry/property/city-countrys-movers-shakers-2q2026,false,starhill-global-reit
P40U,2026-06-17,RHB's Natarajan maintains 'buy' on Starhill Global REIT,Broker's Calls,https://www.theedgesingapore.com/capital/brokers-calls/rhbs-natarajan-maintains-buy-starhill-global-reit,true,starhill-global-reit
P40U,2026-06-08,"Starhill Global REIT names Kemmy Tan, previously of M+S, its new CEO",New appointments,https://www.theedgesingapore.com/news/new-appointments/starhill-global-reit-names-kemmy-tan-previously-ms-its-new-ceo,true,starhill-global-reit
P40U,2026-02-06,"Brokers' Digest: Starhill Global REIT, Coliwoo, CSE Global, Nordic, Genting Singapore",Broker's Calls,https://www.theedgesingapore.com/capital/brokers-calls/brokers-digest-starhill-global-reit-coliwoo-cse-global-nordic-genting,true,starhill-global-reit
P40U,2026-02-03,RHB raises Starhill Global REIT’s TP to 66 cents from 60 cents previously,Broker's Calls,https://www.theedgesingapore.com/capital/brokers-calls/rhb-raises-starhill-global-reits-tp-66-cents-60-cents-previously,true,starhill-global-reit
P40U,2026-01-29,Starhill Global REIT's 1HFY2026 DPU held steady at 1.8 cents,Results,https://www.theedgesingapore.com/capital/results/starhill-global-reits-1hfy2026-dpu-held-steady-18-cents,true,starhill-global-reit
P40U,2025-11-25,uSMART initiates ‘buy’ on Starhill Global REIT with target price of 67 cents,Broker's Calls,https://www.theedgesingapore.com/capital/brokers-calls/usmart-initiates-buy-starhill-global-reit-target-price-67-cents,true,starhill-global-reit
P40U,2025-08-28,RHB raises target price for StarHill Global REIT to 60 cents,Broker's Calls,https://www.theedgesingapore.com/capital/brokers-calls/rhb-raises-target-price-starhill-global-reit-60-cents,true,starhill-global-reit
P40U,2025-08-15,Starhill Global REIT obtains A$100 mil sustainability-linked term loan facility,REITs,https://www.theedgesingapore.com/news/reits/starhill-global-reit-obtains-a100-mil-sustainability-linked-term-loan-facility,true,starhill-global-reit
CC3,2026-08-21,"Broker's Digest: Info-Tech, Nordic, Frencken, Nanofilm, Starhub, HRnetGroup, Prime US REIT, Centurion, Wilmar",Broker's Calls,https://www.theedgesingapore.com/capital/brokers-calls/brokers-digest-info-tech-nordic-frencken-nanofilm-starhub-hrnetgroup-prime-us,true,starhub
CC3,2026-08-14,StarHub's 1HFY2026 earnings outlook splits analysts as price competition persists,Broker's Calls,https://www.theedgesingapore.com/capital/brokers-calls/starhubs-1hfy2026-earnings-outlook-splits-analysts-price-competition-persists,true,starhub
CC3,2026-08-13,StarHub eyes full Ensign exit as consumer competition squeezes earnings,Telecommunications,https://www.theedgesingapore.com/news/telecommunications/starhub-eyes-full-ensign-exit-consumer-competition-squeezes-earnings,false,starhub
CC3,2026-08-13,StarHub 1HFY2026 earnings rise more than fourfold on Ensign gain,Results,https://www.theedgesingapore.com/capital/results/starhub-1hfy2026-earnings-rise-more-fourfold-ensign-gain,false,starhub
CC3,2026-07-31,Prospects of revisiting merger with M1 prompt DBS to upgrade StarHub,Investing ideas,https://www.theedgesingapore.com/capital/investing-ideas/prospects-revisiting-merger-m1-prompt-dbs-upgrade-starhub,true,starhub
CC3,2026-07-27,DBS upgrades StarHub to 'buy' on prospect of M1 merger,Broker's Calls,https://www.theedgesingapore.com/capital/brokers-calls/dbs-upgrades-starhub-buy-prospect-m1-merger,true,starhub
CC3,2026-06-24,Matt Williams to replace Nikhil Eapen as new StarHub CEO,New appointments,https://www.theedgesingapore.com/news/new-appointments/matt-williams-replace-nikhil-eapen-new-starhub-ceo,true,starhub
CC3,2026-05-22,Is Singtel keen on M1? It does not really matter,Frankly Speaking,https://www.theedgesingapore.com/views/frankly-speaking/singtel-keen-m1-it-does-not-really-matter,true,starhub
CC3,2026-05-15,StarHub CEO on staying the dividend course through headwinds  By Julian Wong,kopi-C: the Company brew,https://www.theedgesingapore.com/news/kopi-c-company-brew/starhub-ceo-staying-dividend-course-through-headwinds-julian-wong,false,starhub
CC3,2026-05-15,"Broker's Digest: AIMS, Aoxin, AvePoint, Beng Kuang, MUST, Starhub, UMS",Broker's Calls,https://www.theedgesingapore.com/capital/brokers-calls/brokers-digest-aims-aoxin-avepoint-beng-kuang-must-starhub-ums,true,starhub
5GD,2021-04-16,"Broker's Digest: SIA, Sheng Siong, Sunpower, AusGroup, Jiutian Chemical Group",Broker's Calls,https://www.theedgesingapore.com/capital/brokers-calls/brokers-digest-sia-sheng-siong-sunpower-ausgroup-jiutian-chemical-group,true,sunpower
5GD,2021-04-09,"UOB Kay Hian remains positive on Sunpower Group, touts it as 'year of transformation'",Broker's Calls,https://www.theedgesingapore.com/capital/brokers-calls/uob-kay-hian-remains-positive-sunpower-group-touts-it-year-transformation,true,sunpower
5GD,2021-03-30,Sunpower to raise $0.9 mil through proposed placement with key employees,Company in the news,https://www.theedgesingapore.com/news/company-news/sunpower-raise-09-mil-through-proposed-placement-key-employees,true,sunpower
5GD,2021-03-22,Sunpower secures M&S contract worth RMB180 mil from existing customer,Contracts,https://www.theedgesingapore.com/news/contracts/sunpower-secures-ms-contract-worth-rmb180-mil-existing-customer,true,sunpower
5GD,2021-01-11,Analysts positive on Sunpower Group's M&S divestment,Broker's Calls,https://www.theedgesingapore.com/capital/brokers-calls/uob-kh-positive-sunpower-after-sale-ms-business,true,sunpower
5GD,2019-04-22,Sunpower's Guo discusses China’s future and top-down approach,China,https://www.theedgesingapore.com/capital/china-focus/sunpowers-guo-discusses-china’s-future-and-top-down-approach,true,sunpower
5GD,2019-04-03,Sunpower secures $7 mil M&S project from new client in China,Contracts,https://www.theedgesingapore.com/news/contracts/sunpower-secures-7-mil-ms-project-new-client-china,true,sunpower
5GD,2017-03-31,"Frasers Centrepoint, Sunpower, China Fibretech, CWG, Vibrant, Figtree",Stocks To Watch,https://www.theedgesingapore.com/stocks-watch/frasers-centrepoint-sunpower-china-fibretech-cwg-vibrant-figtree,true,sunpower
5GD,2017-01-17,"ST Engineering, CapitaLand, GLP, FCL, Vard, Sunpower, Koh Brothers",Stocks To Watch,https://www.theedgesingapore.com/article/st-engineering-capitaland-glp-fcl-vard-sunpower-koh-brothers,true,sunpower
5GD,2016-09-21,"GSH Corp, Ocean Sky, IFS Capital, Japfa, Sunpower",Stocks To Watch,https://www.theedgesingapore.com/article/gsh-corp-ocean-sky-ifs-capital-japfa-sunpower,true,sunpower
T82U,2026-07-31,"Keppel REIT downplays ORQ stake acquisition, to focus on divestments for the rest of the year",Corporate moves,https://www.theedgesingapore.com/news/corporate-moves/keppel-reit-downplays-orq-stake-acquisition-focus-divestments-rest-year,true,suntec-reit
T82U,2026-07-23,"Suntec REIT reports 1HFY2026 DPU of 3.936 cents, 24.8% up y-o-y",Results,https://www.theedgesingapore.com/capital/results/suntec-reit-reports-1hfy2026-dpu-3936-cents-248-y-o-y,true,suntec-reit
T82U,2026-04-27,"JP Morgan, DBS and RHB remain positive on Suntec REIT but Morgan Stanley has a $1.10 target",Broker's Calls,https://www.theedgesingapore.com/capital/brokers-calls/jp-morgan-dbs-and-rhb-remain-positive-suntec-reit-morgan-stanley-has-110,true,suntec-reit
T82U,2026-04-23,Suntec REIT’s 1QFY2026 DPU grew by 23.9% y-o-y to 1.936 cents,Results,https://www.theedgesingapore.com/capital/results/suntec-reits-1qfy2026-dpu-grew-239-y-o-y-1936-cents,true,suntec-reit
T82U,2026-04-16,"DBS Group Research sees 9 Penang Road ‘an obvious pipeline’ for Suntec REIT, but unlikely in the near-term",Broker's Calls,https://www.theedgesingapore.com/capital/brokers-calls/dbs-group-research-sees-9-penang-road--obvious-pipeline-suntec-reit-unlikely,true,suntec-reit
T82U,2026-03-20,Yau of DBS sees multiple benefits for Hongkong Land from $541 mil stake in Suntec REIT,Broker's Calls,https://www.theedgesingapore.com/capital/brokers-calls/yau-dbs-sees-multiple-benefits-hongkong-land-541-mil-stake-suntec-reit,true,suntec-reit
T82U,2026-03-09,Acquisition of Suntec REIT's manager given go-ahead by MAS,REITs,https://www.theedgesingapore.com/news/reits/acquisition-suntec-reits-manager-given-go-ahead-mas,true,suntec-reit
T82U,2026-02-13,Keppel REIT rules out near-term equity fundraising and sets 2026 cost of borrowing targets,Corporate moves,https://www.theedgesingapore.com/news/corporate-moves/keppel-reit-rules-out-near-term-equity-fundraising-and-sets-2026-cost-borrowing,true,suntec-reit
T82U,2026-02-05,Suntec REIT plans to return home,REITs,https://www.theedgesingapore.com/news/reits/suntec-reit-plans-return-home,true,suntec-reit
T82U,2026-01-26,Analysts generally remain positive on Suntec REIT’s outlook following strong set of FY2025 results,Broker's Calls,https://www.theedgesingapore.com/capital/brokers-calls/analysts-generally-remain-positive-suntec-reits-outlook-following-strong-set,true,suntec-reit
Y92,2026-08-24,"RHB's Yeo keeps Thai Beverage at ""buy"" with 56 cents target price on long-term growth",Broker's Calls,https://www.theedgesingapore.com/capital/brokers-calls/rhbs-yeo-keeps-thai-beverage-buy-56-cents-target-price-long-term-growth,true,thai-beverage
Y92,2026-06-19,"Broker's Digest: Centurion Corp, Sembcorp, LHN, ThaiBev, Wee Hur, UI Boustead REIT, Lincotrade",Broker's Calls,https://www.theedgesingapore.com/capital/brokers-calls/brokers-digest-centurion-corp-sembcorp-lhn-thaibev-wee-hur-ui-boustead-reit,true,thai-beverage
Y92,2026-06-10,RHB's Yeo trims Thai Beverage's target price to 56 cents,Broker's Calls,https://www.theedgesingapore.com/capital/brokers-calls/rhbs-yeo-trims-thai-beverages-target-price-56-cents,true,thai-beverage
Y92,2026-05-22,Maybank upgrades Thai Beverage on attractive valuations and cyclical recovery,Investing ideas,https://www.theedgesingapore.com/capital/investing-ideas/maybank-upgrades-thai-beverage-attractive-valuations-and-cyclical-recovery,true,thai-beverage
Y92,2026-05-19,Maybank Securities upgrades Thai Beverage on attractive valuations and cyclical recovery,Broker's Calls,https://www.theedgesingapore.com/capital/brokers-calls/maybank-securities-upgrades-thai-beverage-attractive-valuations-and-cyclical,true,thai-beverage
Y92,2026-05-14,Thai Beverage's 1HFY2026 earnings lower on impairment,Results,https://www.theedgesingapore.com/capital/results/thai-beverages-1hfy2026-earnings-lower-impairment,true,thai-beverage
Y92,2026-01-20,ThaiBev may list spirits business in Thailand later this year; DBS suggests beer listing on SGX more likely,Broker's Calls,https://www.theedgesingapore.com/capital/brokers-calls/thaibev-may-list-spirits-business-thailand-later-year-dbs-suggests-beer,true,thai-beverage
Y92,2025-12-04,"ThaiBev ends FY2025 with less fizz, prompting target price cuts",Investing ideas,https://www.theedgesingapore.com/capital/investing-ideas/thaibev-ends-fy2025-less-fizz-prompting-target-price-cuts,true,thai-beverage
Y92,2025-11-27,"RHB's Yeo trims Thai Beverage target price to 62 cents, sees better FY2026",Broker's Calls,https://www.theedgesingapore.com/capital/brokers-calls/rhbs-yeo-trims-thai-beverage-target-price-62-cents-sees-better-fy2026,true,thai-beverage
Y92,2025-08-17,German breweries are forced to adapt as Gen Z goes alkoholfrei,Europe,https://www.theedgesingapore.com/news/europe/german-breweries-are-forced-adapt-gen-z-goes-alkoholfrei,true,thai-beverage
A50,2025-10-17,Did the STI outperform the S&P 500 in the last 5 years? And a table of stocks awaiting better times,Right Timing,https://www.theedgesingapore.com/capital/right-timing/did-sti-outperform-sp-500-last-5-years-and-table-stocks-awaiting-better-times,true,thomson-medical-group
A50,2025-08-29,Thomson Medical Group posts net loss for FY2025 from Vietnam acquisition; revenue grows 12.4% y-o-y to $394.6 mil,Results,https://www.theedgesingapore.com/capital/results/thomson-medical-group-posts-net-loss-fy2025-vietnam-acquisition-revenue-grows-124-y,true,thomson-medical-group
A50,2025-08-25,Thomson Medical Group launches RM18 bil Johor Bay development,Property,https://www.theedgesingapore.com/news/property/thomson-medical-group-launches-rm18-bil-johor-bay-development,true,thomson-medical-group
A50,2025-08-09,Thomson Medical to report 2HFY2025 and FY2025 losses,Results,https://www.theedgesingapore.com/news/results/thomson-medical-report-2hfy2025-and-fy2025-losses,true,thomson-medical-group
A50,2025-02-18,"PhillipCapital downgrades Thomson Medical to 'neutral', earnings recovery to be 'gradual'",Broker's Calls,https://www.theedgesingapore.com/capital/brokers-calls/phillipcapital-downgrades-thomson-medical-neutral-earnings-recovery-be-gradual,true,thomson-medical-group
A50,2024-10-21,Thomson Medical prices $160 mil of notes due 2029 at 4.65% ,Company in the news,https://www.theedgesingapore.com/news/company-news/thomson-medical-prices-160-mil-notes-due-2029-465,true,thomson-medical-group
A50,2024-08-27,"'A transitional year' for Thomson Medical Group, as Maybank lowers target price to 6 cents",Broker's Calls,https://www.theedgesingapore.com/capital/brokers-calls/transitional-year-thomson-medical-group-maybank-lowers-target-price-6-cents,true,thomson-medical-group
A50,2024-07-15,Thomson Medical Group launches and prices $45 mil worth of notes,Company in the news,https://www.theedgesingapore.com/news/company-news/thomson-medical-group-launches-and-prices-45-mil-worth-notes,true,thomson-medical-group
A50,2024-04-04,Thomson Medical restores public float with sale of 50 mil shares,Company in the news,https://www.theedgesingapore.com/news/company-news/thomson-medical-restores-public-float-sale-50-mil-shares,true,thomson-medical-group
A50,2024-02-15,DBS bullish on growth potential of Thomson Medical Group following FV Hospital acquisition,Broker's Calls,https://www.theedgesingapore.com/capital/brokers-calls/dbs-bullish-growth-potential-thomson-medical-group-following-fv-hospital,true,thomson-medical-group
BVA,2026-08-21,Glove makers face prolonged recovery amid intense Chinese competition,Malaysia,https://www.theedgesingapore.com/capital/malaysia/glove-makers-face-prolonged-recovery-amid-intense-chinese-competition,true,top-glove
BVA,2026-06-08,"AEM, Top Glove, UIBREIT and PC Partner included in iEdge Singapore Next 50 following latest quarterly review",Markets,https://www.theedgesingapore.com/news/markets/aem-top-glove-uibreit-and-pc-partner-included-iedge-singapore-next-50-following-latest,true,top-glove
BVA,2024-08-29,Will glovemakers enjoy a Mpox-induced demand spike?,Capital markets,https://www.theedgesingapore.com/news/capital-markets/will-glovemakers-enjoy-mpox-induced-demand-spike,true,top-glove
BVA,2023-12-21,Maybank downgrades Top Glove to ‘sell’ as share price has outpaced its fundamentals,Broker's Calls,https://www.theedgesingapore.com/capital/brokers-calls/maybank-downgrades-top-glove-sell-share-price-has-outpaced-its-fundamentals,true,top-glove
BVA,2023-06-08,Top Glove unlikely to turn profitable in the near term: Maybank,Broker's Calls,https://www.theedgesingapore.com/capital/brokers-calls/top-glove-unlikely-turn-profitable-near-term-maybank,true,top-glove
BVA,2023-03-17,"The worst is over for Top Glove, UOBKH upgrades to 'buy' with higher TP of 95 sen",Broker's Calls,https://www.theedgesingapore.com/capital/brokers-calls/worst-over-top-glove-uobkh-upgrades-buy-higher-tp-95-sen,true,top-glove
BVA,2022-04-28,Top Glove’s listing application in HKEX officially lapses ,IPO,https://www.theedgesingapore.com/news/ipo/top-gloves-listing-application-hkex-officially-lapses,true,top-glove
BVA,2021-11-26,Glove makers and Medtecs International surge on possible new virus variant,Covid-19,https://www.theedgesingapore.com/news/covid-19/glove-makers-and-medtecs-international-surge-possible-new-virus-variant,true,top-glove
BVA,2021-09-23,"Broker's Digest: CDL, Raffles Medical Group, PropNex, Centurion Corp, Top Glove",Broker's Calls,https://www.theedgesingapore.com/capital/brokers-calls/brokers-digest-cdl-raffles-medical-group-propnex-centurion-corp-top-glove,true,top-glove
BVA,2021-09-20,"UOB KH cuts target price for Top Glove, but maintains 'hold' call",Broker's Calls,https://www.theedgesingapore.com/capital/brokers-calls/uob-kh-cuts-target-price-top-glove-maintains-hold-call,true,top-glove
BVA,2023-12-20,"Top Glove remains in the red, with narrower losses of RM57.7 mil for 1QFY202",Results,https://www.theedgesingapore.com/capital/results/top-glove-remains-red-narrower-losses-rm577-mil-1qfy202,true,top-glove-corporation
BVA,2023-10-06,Top Glove reports RM926.6 mil loss in FY2023,Results,https://www.theedgesingapore.com/capital/results/top-glove-reports-rm9266-mil-loss-fy2023,true,top-glove-corporation
BVA,2022-06-10,Top Glove sees 99.2% plunge in 3QFY2022 earnings of $4.8 mil upon normalisation,Results,https://www.theedgesingapore.com/capital/results/top-glove-sees-992-plunge-3qfy2022-earnings-48-mil-upon-normalisation,true,top-glove-corporation
BVA,2021-09-10,Top Glove Malaysia gets clearance to resume exports of gloves to the US,Company in the news,https://www.theedgesingapore.com/news/company-news/top-glove-malaysia-gets-clearance-resume-exports-gloves-us,true,top-glove-corporation
BVA,2021-09-10,Top Glove tops for earnings and share price growth; strong focus on ESG helps generate well-rounded score,Billion Dollar Club 2021,https://www.theedgesingapore.com/billion-dollar-club/billion-dollar-club-2021/top-glove-tops-earnings-share-price-growth-strong,true,top-glove-corporation
BVA,2021-06-04,"Thai, Chinese glove makers muscle in as demand spikes",Covid-19,https://www.theedgesingapore.com/issues/covid-19/thai-chinese-glove-makers-demand-spikes,true,top-glove-corporation
BVA,2021-02-24,These billionaire fortunes are fading with the Covid-19 vaccine rollout,Covid-19,https://www.theedgesingapore.com/capital/covid-19/these-billionaire-fortunes-are-fading-covid-19-vaccine-rollout,true,top-glove-corporation
BVA,2020-07-15,Riverstone Holdings fuelled for greater growth with strong demand and tight supply: DBS ,Broker's Calls,https://www.theedgesingapore.com/capital/brokers-calls/riverstone-holdings-fuelled-greater-growth-strong-demand-and-tight-supply-dbs,true,top-glove-corporation
BVA,2019-12-18,Top Glove kept at 'buy' despite continued pressure on margins: AmBank,Broker's Calls,https://www.theedgesingapore.com/capital/brokers-calls/top-glove-kept-buy-despite-continued-pressure-margins-ambank,true,top-glove-corporation
BVA,2019-12-17,Top Glove posts 1.2% rise in 1Q earnings to $36.4 mil,Results,https://www.theedgesingapore.com/capital/results/top-glove-posts-12-rise-1q-earnings-364-mil,true,top-glove-corporation
UIBU,2026-08-07,"Broker's Digest: Hongkong Land, Apac Realty, Lum Chang Creations, Jardine C&C, UI Boustead REIT",Broker's Calls,https://www.theedgesingapore.com/capital/brokers-calls/brokers-digest-hongkong-land-apac-realty-lum-chang-creations-jardine-cc-ui,true,ui-boustead-reit
UIBU,2026-08-04,Analysts look beyond NPI miss and remain upbeat on UI Boustead REIT,Broker's Calls,https://www.theedgesingapore.com/capital/brokers-calls/analysts-look-beyond-npi-miss-and-remain-upbeat-ui-boustead-reit,true,ui-boustead-reit
UIBU,2026-07-27,UI Boustead REIT reports net property income of $29.2 mil; 4.3% lower than IPO forecast,Results,https://www.theedgesingapore.com/capital/results/ui-boustead-reit-reports-net-property-income-292-mil-43-lower-ipo-forecast,false,ui-boustead-reit
UIBU,2026-07-13,UI Boustead REIT and JustCo among top 10 SEA IPOs as region more than doubles proceeds y-o-y for 1H2026: Deloitte report,IPO,https://www.theedgesingapore.com/news/ipo/ui-boustead-reit-and-justco-among-top-10-sea-ipos-region-more-doubles-proceeds-y-o-y-1h2026,false,ui-boustead-reit
UIBU,2026-06-19,"Broker's Digest: Centurion Corp, Sembcorp, LHN, ThaiBev, Wee Hur, UI Boustead REIT, Lincotrade",Broker's Calls,https://www.theedgesingapore.com/capital/brokers-calls/brokers-digest-centurion-corp-sembcorp-lhn-thaibev-wee-hur-ui-boustead-reit,true,ui-boustead-reit
UIBU,2026-06-15,Koh of UOBKH maintains 'buy' on UIBREIT with growing presence in 'high value' aerospace industry,Broker's Calls,https://www.theedgesingapore.com/capital/brokers-calls/koh-uobkh-maintains-buy-uibreit-growing-presence-high-value-aerospace-industry,true,ui-boustead-reit
UIBU,2026-06-08,"AEM, Top Glove, UIBREIT and PC Partner included in iEdge Singapore Next 50 following latest quarterly review",Markets,https://www.theedgesingapore.com/news/markets/aem-top-glove-uibreit-and-pc-partner-included-iedge-singapore-next-50-following-latest,true,ui-boustead-reit
UIBU,2026-06-05,"Broker's Digest: Mapletree Industrial Trust, IHH, Elite UK REIT, Addvalue, Nordic, Valuetronics, UI Boustead REIT",Broker's Calls,https://www.theedgesingapore.com/capital/brokers-calls/brokers-digest-mapletree-industrial-trust-ihh-elite-uk-reit-addvalue-nordic,true,ui-boustead-reit
UIBU,2026-06-02,"Citing stable yield and visible growth, Maybank initiates ‘buy’ on UI Boustead REIT ",Broker's Calls,https://www.theedgesingapore.com/capital/brokers-calls/citing-stable-yield-and-visible-growth-maybank-initiates-buy-ui-boustead,true,ui-boustead-reit
UIBU,2026-05-29,"Broker's Digest: Delfi, CSE Global, Ever Glory, SIA, ISDN, TeleChoice, CapitaLand Ascendas REIT, UI Boustead REIT",Broker's Calls,https://www.theedgesingapore.com/capital/brokers-calls/brokers-digest-delfi-cse-global-ever-glory-sia-isdn-telechoice-capitaland,true,ui-boustead-reit
558,2026-05-12,DBS maintains 'buy' and $2.92 target price on UMS Integration; shares surge near 14%,Broker's Calls,https://www.theedgesingapore.com/capital/brokers-calls/dbs-maintains-buy-and-292-target-price-ums-integration-shares-surge-near-14,true,ums
558,2025-04-11,Trump’s tariffs trip tech plays,Sector Focus,https://www.theedgesingapore.com/news/sector-focus/trumps-tariffs-trip-tech-plays,true,ums
558,2025-04-08,DBS identifies Singapore tech’s winners and losers from Trump’s tariff roulette,Sector Focus,https://www.theedgesingapore.com/news/sector-focus/dbs-identifies-singapore-techs-winners-and-losers-trumps-tariff-roulette,true,ums
558,2024-05-09,"Brokers’ Digest: Food Empire, Boustead Singapore, Venture, Japfa, FEHT, Seatrium, CDLHT, Winking Studios, AEM, Keppel",Broker's Calls,https://www.theedgesingapore.com/capital/brokers-calls/brokers-digest-food-empire-boustead-singapore-venture-japfa-feht-seatrium,true,ums
558,2022-10-19,Analysts remain 'overweight' on tech manufacturers despite negative outlook in near-term,Broker's Calls,https://www.theedgesingapore.com/capital/brokers-calls/analysts-remain-overweight-tech-manufacturers-despite-negative-outlook-near,true,ums
558,2022-05-11,DBS keeps UMS's earnings forecast unchanged after record 1QFY2022,Broker's Calls,https://www.theedgesingapore.com/capital/brokers-calls/dbs-keeps-umss-earnings-forecast-unchanged-after-record-1qfy2022,true,ums
558,2022-02-28,"UMS reports 593% rise in 4Q earnings, doubles dividend from FY2020",Results,https://www.theedgesingapore.com/news/results/ums-reports-593-rise-4q-earnings-doubles-dividend-fy2020,true,ums
558,2021-08-25,"UMS, Frencken, AEM and Venture Corp are Maybank Kim Eng's top semiconductor picks amid chip shortage",Semiconductor,https://www.theedgesingapore.com/capital/semiconductor/ums-frencken-aem-and-venture-corp-are-maybank-kim-engs-top-semiconductor-picks,true,ums
558,2021-03-01,This firm’s key customer leads the WFE market as of 2020,Broker's Calls,https://www.theedgesingapore.com/capital/brokers-calls/firms-key-customer-leads-wfe-market-2020,true,ums
558,2020-07-22,KGI upgrades UMS Holdings to 'neutral',Broker's Calls,https://www.theedgesingapore.com/capital/brokers-calls/kgi-upgrades-ums-holdings-neutral,true,ums
558,2025-05-09,UMS Integration maintains earnings of $9.8 mi for 1QFY2025; Malaysia saw a 287% sales surge,Results,https://www.theedgesingapore.com/capital/results/ums-integration-maintains-earnings-98-mi-1qfy2025-malaysia-saw-287-sales-surge,true,ums-holdings
558,2025-04-08,"Founder and CEO of semiconductor firm UMS Integration increases stake in company by purchasing 199,800 shares",Insider moves,https://www.theedgesingapore.com/news/insider-moves/founder-and-ceo-semiconductor-firm-ums-integration-increases-stake-company,true,ums-holdings
558,2025-02-28,"UMS Integration reports earnings of $40.6 mil for FY2024, down 32% y-o-y",Results,https://www.theedgesingapore.com/capital/results/ums-integration-reports-earnings-406-mil-fy2024-down-32-y-o-y,true,ums-holdings
558,2024-12-31,UMS Holdings applies for secondary listing on Main Market of Bursa Malaysia,IPO,https://www.theedgesingapore.com/news/ipo/ums-holdings-applies-secondary-listing-main-market-bursa-malaysia,true,ums-holdings
558,2024-12-27,"Global AI boom surges, but local semiconductor players face delayed recovery",Semiconductor,https://www.theedgesingapore.com/news/semiconductor/global-ai-boom-surges-local-semiconductor-players-face-delayed-recovery,true,ums-holdings
558,2024-11-15,Applied Materials forecast spurs concern about chip spending,Semiconductor,https://www.theedgesingapore.com/news/semiconductor/applied-materials-forecast-spurs-concern-about-chip-spending,true,ums-holdings
558,2024-11-12,Analysts upgrade UMS to ‘hold’ with higher TPs despite disappointing 3QFY2024 results,Broker's Calls,https://www.theedgesingapore.com/capital/brokers-calls/analysts-upgrade-ums-hold-higher-tps-despite-disappointing-3qfy2024-results,true,ums-holdings
558,2024-11-08,UMS reports 32% y-o-y decline in 3QFY2024 earnings to $10.4 mil,Results,https://www.theedgesingapore.com/news/results/ums-reports-32-y-o-y-decline-3qfy2024-earnings-104-mil,true,ums-holdings
558,2024-11-05,RHB anticipates FY2025 recovery for UMS in line with semiconductor revival,Broker's Calls,https://www.theedgesingapore.com/capital/brokers-calls/rhb-anticipates-fy2025-recovery-ums-line-semiconductor-revival,true,ums-holdings
558,2024-09-13,"UMS founder and CEO Andy Luong acquires 600,000 shares from the market for $589,500",Insider moves,https://www.theedgesingapore.com/capital/insider-moves/ums-founder-and-ceo-andy-luong-acquires-600000-shares-market-589500,true,ums-holdings
558,2026-08-18,"DBS, Maybank and RHB ramp up target prices for UMS Integration after 'stellar' 2Q",Broker's Calls,https://www.theedgesingapore.com/capital/brokers-calls/dbs-maybank-and-rhb-ramp-target-prices-ums-integration-after-stellar-2q,true,ums-integration
558,2026-08-13,UMS Integration 2QFY2026 earnings up 89% y-o-y; 1HFY2026 up 66%,Results,https://www.theedgesingapore.com/capital/results/ums-integration-2qfy2026-earnings-89-y-o-y-1hfy2026-66,false,ums-integration
558,2026-08-07,"Macquarie Capital sees STI heading towards 6,000, bullish on tech manufacturing counters",Investing strategies,https://www.theedgesingapore.com/capital/investing-strategies/macquarie-capital-sees-sti-heading-towards-6000-bullish-tech,true,ums-integration
558,2026-06-06,UMS plans to set up JV in Vietnam to complement existing facilities in Singapore and Malaysia,Semiconductor,https://www.theedgesingapore.com/news/semiconductor/ums-plans-set-jv-vietnam-complement-existing-facilities-singapore-and-malaysia,true,ums-integration
558,2026-05-15,"Broker's Digest: AIMS, Aoxin, AvePoint, Beng Kuang, MUST, Starhub, UMS",Broker's Calls,https://www.theedgesingapore.com/capital/brokers-calls/brokers-digest-aims-aoxin-avepoint-beng-kuang-must-starhub-ums,true,ums-integration
558,2026-04-30,Dire Straits hasn’t stopped the flow of Money for Nothing,Global Markets,https://www.theedgesingapore.com/views/global-markets/dire-straits-hasnt-stopped-flow-money-nothing,true,ums-integration
558,2026-04-24,"Broker's Digest: Info-Tech Systems, UMS Integration, Beng Kuang, HRnetGroup, Centurion, Hong Leong Asia, Nam Cheong",Broker's Calls,https://www.theedgesingapore.com/capital/brokers-calls/brokers-digest-info-tech-systems-ums-integration-beng-kuang-hrnetgroup,true,ums-integration
558,2026-04-16,CGSI reinforces bullish call on UMS Integration with higher target price,Broker's Calls,https://www.theedgesingapore.com/capital/brokers-calls/cgsi-reinforces-bullish-call-ums-integration-higher-target-price,true,ums-integration
558,2026-03-03,"“Super ramp is here”, Maybank maintains ‘buy’ on UMS Integration with higher target price of $1.88",Broker's Calls,https://www.theedgesingapore.com/capital/brokers-calls/super-ramp-here-maybank-maintains-buy-ums-integration-higher-target-price,true,ums-integration
U11,2026-08-15,UOB raises $1.4 mil for charities through 2026 UOB Heartbeat Run in Singapore,Charity,https://www.theedgesingapore.com/news/charity/uob-raises-14-mil-charities-through-2026-uob-heartbeat-run-singapore,false,uob
U11,2026-08-07,"UOB’s 2Q net profit rose 10% y-o-y and 3% q-o-q, in line with estimates",Results,https://www.theedgesingapore.com/capital/results/uobs-2q-net-profit-rose-10-y-o-y-and-3-q-o-q-line-estimates,false,uob
U11,2026-08-05,UOB to divest UOBAM to Allianz Global Investors for $555 mil,M&A,https://www.theedgesingapore.com/news/ma/uob-divest-uobam-allianz-global-investors-555-mil,false,uob
U11,2026-07-28,EGP Energy IPO 1.7 times subscribed,IPO,https://www.theedgesingapore.com/news/ipo/egp-energy-ipo-17-times-subscribed,false,uob
U11,2026-07-24,UOB strengthens Hong Kong's role with new Hong Kong CEO,Banking & finance,https://www.theedgesingapore.com/news/banking-finance/uob-strengthens-hong-kongs-role-new-hong-kong-ceo,true,uob
U11,2026-07-24,"Quicktakes: New SDRs, AI playbook for PDPA, Zhongji Innolight IPO, TSMC, 01.ai, EGP Energy",News,https://www.theedgesingapore.com/news/news/quicktakes-new-sdrs-ai-playbook-pdpa-zhongji-innolight-ipo-tsmc-01ai-egp-energy,false,uob
U11,2026-07-16,"‘Healthy cocktail’ gives Macquarie the buzz to upgrade STI target by 33% to 6,000 points",Stock Picks 2026,https://www.theedgesingapore.com/capital/stock-picks-2026/healthy-cocktail-gives-macquarie-buzz-upgrade-sti-target-33-6000-points,true,uob
U11,2026-07-09,Banks' rally pushes market cap of DBS just whisker off $200 bil mark,Banking & finance,https://www.theedgesingapore.com/news/banking-finance/banks-rally-pushes-market-cap-dbs-just-whisker-200-bil-mark,true,uob
U11,2026-07-01,UOB Vietnam breaks ground on new HQ in Ho Chi Minh City  ,Banking & finance,https://www.theedgesingapore.com/cityandcountry/banking-finance/uob-vietnam-breaks-ground-new-hq-ho-chi-minh-city-,true,uob
U11,2026-06-10,JP Morgan downgrades DBS to neutral following China’s new regulation on outbound investment,Broker's Calls,https://www.theedgesingapore.com/capital/brokers-calls/jp-morgan-downgrades-dbs-neutral-following-chinas-new-regulation-outbound,true,uob
U10,2026-08-11,"‘Buy’ maintained for Venture: DBS, RHB and UOBKH",Broker's Calls,https://www.theedgesingapore.com/capital/brokers-calls/buy-maintained-venture-dbs-rhb-and-uobkh,true,uob-kay-hian
U10,2026-07-31,CSE Global’s clear earnings growth thanks to AWS rates it numerous ‘buy’ calls,Investing ideas,https://www.theedgesingapore.com/capital/investing-ideas/cse-globals-clear-earnings-growth-thanks-aws-rates-it-numerous-buy-calls,true,uob-kay-hian
U10,2026-07-28,EGP Energy IPO 1.7 times subscribed,IPO,https://www.theedgesingapore.com/news/ipo/egp-energy-ipo-17-times-subscribed,false,uob-kay-hian
U10,2026-07-28,Analysts maintain positive stance on CSE Global following recent site visit,Broker's Calls,https://www.theedgesingapore.com/capital/brokers-calls/analysts-maintain-positive-stance-cse-global-following-recent-site-visit,true,uob-kay-hian
U10,2026-07-22,UOBKH maintains ‘buy’ on glove maker Riverstone; ASP normalisation and shareholder returns remain as key focus,Broker's Calls,https://www.theedgesingapore.com/capital/brokers-calls/uobkh-maintains-buy-glove-maker-riverstone-asp-normalisation-and-shareholder,true,uob-kay-hian
U10,2026-07-21,UOB Kay Hian maintains ‘buy’ for Oiltek at unchanged $2.78,Broker's Calls,https://www.theedgesingapore.com/capital/brokers-calls/uob-kay-hian-maintains-buy-oiltek-unchanged-278,true,uob-kay-hian
U10,2026-07-20,UOBKH maintains Beng Kuang at ‘buy’ at unchanged 75 cents target,Broker's Calls,https://www.theedgesingapore.com/capital/brokers-calls/uobkh-maintains-beng-kuang-buy-unchanged-75-cents-target,true,uob-kay-hian
U10,2026-05-29,"Marco Polo Marine unlocks value with RTO, new business segment on the cards",Investing ideas,https://www.theedgesingapore.com/capital/investing-ideas/marco-polo-marine-unlocks-value-rto-new-business-segment-cards,true,uob-kay-hian
U10,2026-05-20,Analysts maintain ‘buy’ on Lendlease REIT following 3QFY2026 business update,Broker's Calls,https://www.theedgesingapore.com/capital/brokers-calls/analysts-maintain-buy-lendlease-reit-following-3qfy2026-business-update,true,uob-kay-hian
U10,2026-05-15,Buybacks and capital discipline drive value-up,STI watch,https://www.theedgesingapore.com/capital/sti-watch/buybacks-and-capital-discipline-drive-value,true,uob-kay-hian
U14,2026-08-24,"CGSI keeps ‘add’ on CDL, UOL, CLI with higher income ceilings for BTO flats, ECs",Broker's Calls,https://www.theedgesingapore.com/cityandcountry/brokers-calls/cgsi-keeps-add-cdl-uol-cli-higher-income-ceilings-bto-flats-ecs,true,uol-group
U14,2026-08-21,Wake me up when September ends,Property,https://www.theedgesingapore.com/cityandcountry/property/wake-me-when-september-ends,true,uol-group
U14,2026-08-14,"Crisis, reform and resilience in Southeast Asia",Investing strategies,https://www.theedgesingapore.com/capital/investing-strategies/crisis-reform-and-resilience-southeast-asia,true,uol-group
U14,2026-08-12,UOL to update on proposed Marina Square redevelopment by 3QFY2026,Property,https://www.theedgesingapore.com/cityandcountry/property/uol-update-proposed-marina-square-redevelopment-3qfy2026,false,uol-group
U14,2026-08-12,UOL patmi rises 23% y-o-y to $252.2 mil in 1HFY2026,Results,https://www.theedgesingapore.com/capital/results/uol-patmi-rises-23-y-o-y-2522-mil-1hfy2026,false,uol-group
U14,2026-07-10,Scarce investments,Investing strategies,https://www.theedgesingapore.com/capital/investing-strategies/scarce-investments,true,uol-group
U14,2026-05-28,"UOL, Pan Pacific Hotels ink three-year MOU with National Arts Council to bring arts experiences into properties",Art,https://www.theedgesingapore.com/cityandcountry/art/uol-pan-pacific-hotels-ink-three-year-mou-national-arts-council-bring-arts,true,uol-group
U14,2026-05-15,UOB to sell property interests worth $387 mil in Novena Square to SingLand and former Faber House to UOL Group,Property,https://www.theedgesingapore.com/news/property/uob-sell-property-interests-worth-387-mil-novena-square-singland-and-former-faber,true,uol-group
U14,2026-04-20,JP Morgan upgrades UOL to overweight with $12 target ,Broker's Calls,https://www.theedgesingapore.com/capital/brokers-calls/jp-morgan-upgrades-uol-overweight-12-target,true,uol-group
U14,2026-04-02,"JP Morgan downgrades Keppel, CDL and UOL on spillover impact from Middle East risk",Investing ideas,https://www.theedgesingapore.com/capital/investing-ideas/jp-morgan-downgrades-keppel-cdl-and-uol-spillover-impact-middle-east-risk,true,uol-group
T6I,2026-04-10,"Trending with institutional investors, ValueMax changes perceptions of the pawnbroking business",Corporate moves,https://www.theedgesingapore.com/news/corporate-moves/trending-institutional-investors-valuemax-changes-perceptions-pawnbroking,true,valuemax
T6I,2026-01-29,"Gold digging, pawning and jewellery retail lift off with gold",Gold,https://www.theedgesingapore.com/news/gold/gold-digging-pawning-and-jewellery-retail-lift-gold,false,valuemax
T6I,2025-08-12,ValueMax earnings up 35.5% y-o-y for 1HFY2025 from increased retail and trading of jewellery and gold,Results,https://www.theedgesingapore.com/capital/results/valuemax-earnings-355-y-o-y-1hfy2025-increased-retail-and-trading-jewellery-and-gold,true,valuemax
T6I,2025-07-17,"ValueMax ‘proxy’ to growing gold prices, outlet expansion to fuel growth, says RHB",Broker's Calls,https://www.theedgesingapore.com/capital/brokers-calls/valuemax-proxy-growing-gold-prices-outlet-expansion-fuel-growth-says-rhb,true,valuemax
T6I,2025-03-06,"ValueMax Group launches three commercial papers on ADDX and SDAX, all priced at 4.3% p.a.",Company in the news,https://www.theedgesingapore.com/news/company-news/valuemax-group-launches-three-commercial-papers-addx-and-sdax-all-priced-43-pa,true,valuemax
T6I,2024-12-03,ValueMax to raise up to $100 mil through two 3-month digital commercial papers ,Fintech,https://www.theedgesingapore.com/news/fintech/valuemax-raise-100-mil-through-two-3-month-digital-commercial-papers,true,valuemax
T6I,2024-06-11,"ValueMax to raise up to $75 mil through three-month SDAX, ADDX commercial papers",Fintech,https://www.theedgesingapore.com/news/fintech/valuemax-raise-75-mil-through-three-month-sdax-addx-commercial-papers,true,valuemax
T6I,2024-03-14,"ValueMax to raise up to $100 mil through three-month SDAX, ADDX digital commercial papers",Fintech,https://www.theedgesingapore.com/news/fintech/valuemax-raise-100-mil-through-three-month-sdax-addx-digital-commercial-papers,true,valuemax
T6I,2024-02-20,"ValueMax announces FY2023 earnings of $52.9 mil, up 19% y-o-y",Results,https://www.theedgesingapore.com/capital/results/valuemax-announces-fy2023-earnings-529-mil-19-y-o-y,true,valuemax
T6I,2023-12-07,ValueMax to raise up to $70 mil through three and four-month digital commercial papers,Fintech,https://www.theedgesingapore.com/news/fintech/valuemax-raise-70-mil-through-three-and-four-month-digital-commercial-papers,true,valuemax
V03,2019-01-08,"Venture Corp the safest bet amid tech sector volatility, says Maybank ",Broker's Calls,https://www.theedgesingapore.com/capital/brokers-calls/venture-corp-safest-bet-amid-tech-sector-volatility-says-maybank,true,venture
V03,2017-05-02,"DBS, CCT, Manulife REIT, Sheng Siong, Sabana REIT, Oxley, Micro-Mechanics, Venture, Tianjin Zhongxin, UIC, Jardine C&C",Stocks To Watch,https://www.theedgesingapore.com/stocks-watch/dbs-cct-manulife-reit-sheng-siong-sabana-reit-oxley-micro-mechanics-venture-tianjin,true,venture
V03,2017-01-03,4 investment themes to navigate a growth-challenged 1H17,Investing strategies,https://www.theedgesingapore.com/article/4-investment-themes-navigate-growth-challenged-1h17,true,venture
V03,2016-11-14,7 stocks to give you an edge against a rising greenback,Broker's Calls,https://www.theedgesingapore.com/article/7-stocks-give-you-edge-against-rising-greenback,true,venture
V03,2026-08-14,"Broker's Digest: Venture, ESR-REIT, Ever Glory, Sasseur REIT, Delfi, Jardine Matheson, Elite UK REIT",Broker's Calls,https://www.theedgesingapore.com/capital/brokers-calls/brokers-digest-venture-esr-reit-ever-glory-sasseur-reit-delfi-jardine-matheson,true,venture-corporation
V03,2026-05-06,"Analysts upbeat on Venture Corporation after 1QFY2026 results, shares surge more than 11%",Broker's Calls,https://www.theedgesingapore.com/capital/brokers-calls/analysts-upbeat-venture-corporation-after-1qfy2026-results-shares-surge-more,true,venture-corporation
V03,2026-05-05,"Venture Corporation reports revenue of $628.5 mil for 1QFY2026, up 1.9% y-o-y",Results,https://www.theedgesingapore.com/capital/results/venture-corporation-reports-revenue-6285-mil-1qfy2026-19-y-o-y,true,venture-corporation
V03,2026-03-04,"With recovery in sight, analysts increase target prices for Venture Corporation",Broker's Calls,https://www.theedgesingapore.com/capital/brokers-calls/recovery-sight-analysts-increase-target-prices-venture-corporation,true,venture-corporation
V03,2026-02-20,Our 2026 picks: Venture Corporation — Seasoned warhorse biding time before next charge,Stocks To Watch,https://www.theedgesingapore.com/news/stocks-watch/our-2026-picks-venture-corporation--seasoned-warhorse-biding-time-next-charge,true,venture-corporation
V03,2025-11-13,"Venture Corp reports 3QFY2025 net profit of $55.6 mil, 8.3% lower y-o-y",Results,https://www.theedgesingapore.com/capital/results/venture-corp-reports-3qfy2025-net-profit-556-mil-83-lower-y-o-y,true,venture-corporation
V03,2025-08-06,"Venture Corporation reports lower earnings of $113 mil for 1HFY2025, down 8.6% y-o-y",Results,https://www.theedgesingapore.com/capital/results/venture-corporation-reports-lower-earnings-113-mil-1hfy2025-down-86-y-o-y,true,venture-corporation
V03,2025-05-14,Venture Corporation’s revenue declines 7.5% y-o-y to $616.6 mil for 1QFY2025,Results,https://www.theedgesingapore.com/capital/results/venture-corporations-revenue-declines-75-y-o-y-6166-mil-1qfy2025,true,venture-corporation
V03,2025-04-26,"Brokers' Digest: ISDN, Wilmar, ISOTeam, CapitaLand Ascendas REIT, UOB, SIA, Venture, Singtel",Broker's Calls,https://www.theedgesingapore.com/capital/brokers-calls/brokers-digest-isdn-wilmar-isoteam-capitaland-ascendas-reit-uob-sia-venture,true,venture-corporation
V03,2025-04-09,"CGSI downgrades Venture Corp to 'hold', applies GFC-era valuation multiple",Broker's Calls,https://www.theedgesingapore.com/capital/brokers-calls/cgsi-downgrades-venture-corp-hold-applies-gfc-era-valuation-multiple,true,venture-corporation
E3B,2026-06-19,"Broker's Digest: Centurion Corp, Sembcorp, LHN, ThaiBev, Wee Hur, UI Boustead REIT, Lincotrade",Broker's Calls,https://www.theedgesingapore.com/capital/brokers-calls/brokers-digest-centurion-corp-sembcorp-lhn-thaibev-wee-hur-ui-boustead-reit,true,wee-hur
E3B,2026-06-10,Wee Hur's entry into HK's student accommodation market a 'strategically positive development': Ng of DBS,Broker's Calls,https://www.theedgesingapore.com/capital/brokers-calls/wee-hurs-entry-hks-student-accommodation-market-strategically-positive,true,wee-hur
E3B,2026-04-10,DBS initiates ‘buy’ on Wee Hur Holdings with TP of 90 cents,Broker's Calls,https://www.theedgesingapore.com/capital/brokers-calls/dbs-initiates-buy-wee-hur-holdings-tp-90-cents,true,wee-hur
E3B,2025-11-26,CGS International raises target price for Wee Hur to 95 cents on higher orderbook prospects,Broker's Calls,https://www.theedgesingapore.com/capital/brokers-calls/cgs-international-raises-target-price-wee-hur-95-cents-higher-orderbook,true,wee-hur
E3B,2025-05-30,Wee Hur establishes $500 mil multicurrency medium term note programme,Debt and defaults,https://www.theedgesingapore.com/news/debt-and-defaults/wee-hur-establishes-500-mil-multicurrency-medium-term-note-programme,true,wee-hur
E3B,2025-05-10,"Brokers’ Digest: Venture Corp, Aztech Global, Elite UK REIT, Wee Hur, CDLHT, Sheng Siong, CSE Global",Broker's Calls,https://www.theedgesingapore.com/capital/brokers-calls/brokers-digest-venture-corp-aztech-global-elite-uk-reit-wee-hur-cdlht-sheng,true,wee-hur
E3B,2024-10-17, Wee Hur clarifies reports on potential sale of Australian PBSA business ,Company in the news,https://www.theedgesingapore.com/news/company-news/wee-hur-clarifies-reports-potential-sale-australian-pbsa-business,false,wee-hur
E3B,2020-05-08,Locking down the workforce ,Singapore economy,https://www.theedgesingapore.com/news/singapore-economy/locking-down-workforce,true,wee-hur
E3B,2020-03-16,Wee Hur eyes acquisition of Canberra property at purchase price of $25 mil,Property,https://www.theedgesingapore.com/news/property/wee-hur-eyes-acquisition-canberra-property-purchase-price-25-mil,true,wee-hur
E3B,2018-01-05,"With $9 bil of public civil engineering contracts up for grabs, what are CIMB's top sector picks?",Broker's Calls,https://www.theedgesingapore.com/capital/brokers-calls/9-bil-public-civil-engineering-contracts-grabs-what-are-cimbs-top-sector-picks,true,wee-hur
F34,2026-08-17,Aletheia's Tiruchelvam maintains 'buy' and $5 target price on Wilmar on resilient crush margins,Broker's Calls,https://www.theedgesingapore.com/capital/brokers-calls/aletheias-tiruchelvam-maintains-buy-and-5-target-price-wilmar-resilient-crush,false,wilmar-international
F34,2026-08-14,RHB and DBS remain 'neutral' on Wilmar despite better 2QFY2026,Broker's Calls,https://www.theedgesingapore.com/capital/brokers-calls/rhb-and-dbs-remain-neutral-wilmar-despite-better-2qfy2026,true,wilmar-international
F34,2026-08-12,Wilmar reports 2.3% y-o-y higher patmi of US$609 million for 1HFY2026,Results,https://www.theedgesingapore.com/news/results/wilmar-reports-23-y-o-y-higher-patmi-us609-million-1hfy2026,false,wilmar-international
F34,2026-04-10,Oiltek’s spectacular run-up shows up mispricing at parent companies’ level,Investing ideas,https://www.theedgesingapore.com/capital/investing-ideas/oilteks-spectacular-run-shows-mispricing-parent-companies-level,true,wilmar-international
F34,2026-03-13,"Brokers' Digest: 17Live, Singtel, Innotek, ASL Marine, IREIT Global, Ever Glory, Wilmar",Broker's Calls,https://www.theedgesingapore.com/capital/brokers-calls/brokers-digest-17live-singtel-innotek-asl-marine-ireit-global-ever-glory,true,wilmar-international
F34,2026-03-10,Maybank Securities upgrades Wilmar to 'buy' on improving earnings and regulatory overhang 'largely behind',Broker's Calls,https://www.theedgesingapore.com/capital/brokers-calls/maybank-securities-upgrades-wilmar-buy-improving-earnings-and-regulatory,true,wilmar-international
F34,2026-02-26,Wilmar International's FY2025 earnings reached US$1.4 bil; one-offs result in net gain of US$103.8 mil,Results,https://www.theedgesingapore.com/capital/results/wilmar-internationals-fy2025-earnings-reached-us14-bil-one-offs-result-net-gain,true,wilmar-international
F34,2025-11-11,Wilmar International’s wholly-owned subsidiary Lence to acquire 13% of shares in AWL Agri Business for $860 mil,M&A,https://www.theedgesingapore.com/news/ma/wilmar-internationals-wholly-owned-subsidiary-lence-acquire-13-shares-awl-agri-business-860,true,wilmar-international
F34,2025-11-07,"With cooking oil fine levied, analysts are turning positive on Wilmar following strong core earnings recovery ",Investing ideas,https://www.theedgesingapore.com/capital/investing-ideas/cooking-oil-fine-levied-analysts-are-turning-positive-wilmar-following,true,wilmar-international
F34,2025-10-09,The worst could be over for Wilmar International,Broker's Calls,https://www.theedgesingapore.com/capital/brokers-calls/worst-could-be-over-wilmar-international,true,wilmar-international
BQF,2026-06-26,"XMH Holdings proposes 11 cents total dividends as earnings jump 24.9% y-o-y to $31.9 mil, announces share split",Results,https://www.theedgesingapore.com/news/results/xmh-holdings-proposes-11-cents-total-dividends-earnings-jump-249-y-o-y-319-mil,true,xmh-holdings
BQF,2025-12-15,XMH Holdings records 40% y-o-y increase in revenue to $94 million for six months ended Oct 31,Results,https://www.theedgesingapore.com/news/results/xmh-holdings-records-40-y-o-y-increase-revenue-94-million-six-months-ended-oct-31,true,xmh-holdings
BQF,2025-09-21,XMH Holdings unit in Indonesia served with 143.9 billion rupiah tax bill,Company in the news,https://www.theedgesingapore.com/news/company-news/xmh-holdings-unit-indonesia-served-1439-billion-rupiah-tax-bill,true,xmh-holdings
BQF,2025-09-15,XMH Holdings to book gain of $10 million selling 14.8% stake in subsidiary to Mitsubishi unit,Company in the news,https://www.theedgesingapore.com/news/company-news/xmh-holdings-book-gain-10-million-selling-148-stake-subsidiary-mitsubishi-unit,true,xmh-holdings
BQF,2024-12-12,"XMH Holdings reports 1HFY2025 earnings of $12.6 mil, up 94.5% y-o-y",Results,https://www.theedgesingapore.com/capital/results/xmh-holdings-reports-1hfy2025-earnings-126-mil-945-y-o-y,true,xmh-holdings
BQF,2023-12-08,XMH Holdings posts six-fold earnings increase to $6.5 mil for 1HFY2024,Results,https://www.theedgesingapore.com/capital/results/xmh-holdings-posts-six-fold-earnings-increase-65-mil-1hfy2024,true,xmh-holdings
BQF,2023-09-06,Venture Corp makes rare buybacks; Credence Capital exits XMH Holdings,Insider moves,https://www.theedgesingapore.com/capital/insider-moves/venture-corp-makes-rare-buybacks-credence-capital-exits-xmh-holdings,false,xmh-holdings
BQF,2023-07-26,XMH chairman and MD Tan buys more shares; Teo of Marco Polo Marine raises personal stake,Insider moves,https://www.theedgesingapore.com/capital/insider-moves/xmh-chairman-and-md-tan-buys-more-shares-teo-marco-polo-marine-raises-personal,false,xmh-holdings
BQF,2023-06-27,XMH Holdings swings back into the black with 2HFY2023 earnings of $3.14 mil,Results,https://www.theedgesingapore.com/capital/results/xmh-holdings-swings-back-black-2hfy2023-earnings-314-mil,true,xmh-holdings
BQF,2022-12-12,XMH posts earnings of $1.1 mil for 1HFY2023,Results,https://www.theedgesingapore.com/capital/results/xmh-posts-earnings-11-mil-1hfy2023,true,xmh-holdings
8YZ,2026-06-26,"YZJ Maritime conducts share buyback with purchase of 426,300 shares from market",Buybacks,https://www.theedgesingapore.com/news/buybacks/yzj-maritime-conducts-share-buyback-purchase-426300-shares-market,true,yangzijiang-maritime
8YZ,2026-04-16,Yangzijiang Maritime to sell 4 tankers while adding another 8 newbuilds,Offshore & Marine,https://www.theedgesingapore.com/news/offshore-marine/yangzijiang-maritime-sell-4-tankers-while-adding-another-8-newbuilds,true,yangzijiang-maritime
8YZ,2026-04-14,Yangzijiang Maritime secures leasing agreements for 13 vessels with total contract value of US$89.9 mil,Offshore & Marine,https://www.theedgesingapore.com/news/offshore-marine/yangzijiang-maritime-secures-leasing-agreements-13-vessels-total-contract-value,true,yangzijiang-maritime
8YZ,2026-03-01,YZJ Financial reports $5.2 mil loss in FY2025 on ECL allowances; YZJ Maritime makes net profit of US$129.7 mil,Results,https://www.theedgesingapore.com/capital/results/yzj-financial-reports-52-mil-loss-fy2025-ecl-allowances-yzj-maritime-makes-net,true,yangzijiang-maritime
8YZ,2025-11-18,Yangzijiang Maritime closes at 67 cents on debut day of trading; reaches intra-day high of 71 cents,IPO,https://www.theedgesingapore.com/news/ipo/yangzijiang-maritime-closes-67-cents-debut-day-trading-reaches-intra-day-high-71-cents,true,yangzijiang-maritime
8YZ,2025-11-17,Yangzijiang Maritime signs contracts for sale of four vessels for US$180 mil,Offshore & Marine,https://www.theedgesingapore.com/news/offshore-marine/yangzijiang-maritime-signs-contracts-sale-four-vessels-us180-mil,true,yangzijiang-maritime
8YZ,2025-10-31,Yangzijiang Maritime seeks to raise $5.2 mil via private placement at 60 cents per share; to list on Mainboard on Nov 18,Spinoff and listing,https://www.theedgesingapore.com/news/spinoff-and-listing/yangzijiang-maritime-seeks-raise-52-mil-private-placement-60-cents-share,true,yangzijiang-maritime
8YZ,2025-08-28,Yangzijiang Maritime prepares for sail,Corporate moves,https://www.theedgesingapore.com/news/corporate-moves/yangzijiang-maritime-prepares-sail,true,yangzijiang-maritime
BS6,2026-08-14,Yangzijiang Shipbuilding inspires higher target prices on impressive margin growth,Investing ideas,https://www.theedgesingapore.com/capital/investing-ideas/yangzijiang-shipbuilding-inspires-higher-target-prices-impressive-margin,true,yangzijiang-shipbuilding
BS6,2026-08-11,DBS and CGSI raise targets for YZJ Shipbuilding on the back of record earnings and 'eye-popping' shipbuilding margin,Broker's Calls,https://www.theedgesingapore.com/capital/brokers-calls/dbs-and-cgsi-raise-targets-yzj-shipbuilding-back-record-earnings-and-eye,true,yangzijiang-shipbuilding
BS6,2026-08-11,Ho of DBS maintains target price of 88 cents for YZJ Maritime,Broker's Calls,https://www.theedgesingapore.com/capital/brokers-calls/ho-dbs-maintains-target-price-88-cents-yzj-maritime,true,yangzijiang-shipbuilding
BS6,2026-08-06,Yangzijiang Shipbuilding announces record RMB5.37 billion net profit for 1HFY2026,Results,https://www.theedgesingapore.com/news/results/yangzijiang-shipbuilding-announces-record-rmb537-billion-net-profit-1hfy2026,false,yangzijiang-shipbuilding
BS6,2026-05-07,‘More exciting’ growth options for offshore and marine small/mid caps: UOB Kay Hian,Offshore & Marine,https://www.theedgesingapore.com/capital/offshore-marine/more-exciting-growth-options-offshore-and-marine-smallmid-caps-uob-kay,true,yangzijiang-shipbuilding
BS6,2026-04-01,Yangzijiang Shipbuilding says it has ‘no plans’ to undertake equity fund-raising transactions outside of Singapore,Company in the news,https://www.theedgesingapore.com/news/company-news/yangzijiang-shipbuilding-says-it-has-no-plans-undertake-equity-fund-raising,true,yangzijiang-shipbuilding
BS6,2026-03-20,"Broker's Digest: Huationg, Geo Energy, ST Engineering, Oiltek, Yangzijiang",Broker's Calls,https://www.theedgesingapore.com/capital/brokers-calls/brokers-digest-huationg-geo-energy-st-engineering-oiltek-yangzijiang,true,yangzijiang-shipbuilding
BS6,2026-03-11,DBS maintains 'buy' on Yangzijiang after plans to take 10% stake in 'landlord of the ocean',Broker's Calls,https://www.theedgesingapore.com/capital/brokers-calls/dbs-maintains-buy-yangzijiang-after-plans-take-10-stake-landlord-ocean,true,yangzijiang-shipbuilding
BS6,2026-03-10,Yangzijiang Shipbuilding to invest US$825.7 mil for 10% stake in longtime customer Seaspan Corp,M&A,https://www.theedgesingapore.com/news/ma/yangzijiang-shipbuilding-invest-us8257-mil-10-stake-longtime-customer-seaspan-corp,true,yangzijiang-shipbuilding
BS6,2026-03-06,"Yangzijiang promises quality earnings, dividend growth and inexpensive valuation",Investing ideas,https://www.theedgesingapore.com/capital/investing-ideas/yangzijiang-promises-quality-earnings-dividend-growth-and-inexpensive,true,yangzijiang-shipbuilding
BS6,2024-12-26,Yangzijiang Financial Holding resumes share buybacks after one-month break,Insider moves,https://www.theedgesingapore.com/capital/insider-moves/yangzijiang-financial-holding-resumes-share-buybacks-after-one-month-break,true,yangzijiang-shipbuilding-holdings
BS6,2024-04-03,KGI Securities reiterates 'buy' call and $2 target price on Yangzijiang Shipbuilding,Broker's Calls,https://www.theedgesingapore.com/capital/brokers-calls/kgi-securities-reiterates-buy-call-and-2-target-price-yangzijiang-shipbuilding,true,yangzijiang-shipbuilding-holdings
BS6,2023-08-12,Yangzijiang Financial Holding reports better 1HFY2023 results on fair value gains and share buybacks,Results,https://www.theedgesingapore.com/capital/results/yangzijiang-financial-holding-reports-better-1hfy2023-results-fair-value-gains-and,true,yangzijiang-shipbuilding-holdings
BS6,2019-09-13,Brief respite in US-China trade war; Fed rate cut not likely in upcoming FOMC meeting,Markets,https://www.theedgesingapore.com/capital/markets/brief-respite-us-china-trade-war-fed-rate-cut-not-likely-upcoming-fomc-meeting,true,yangzijiang-shipbuilding-holdings
BS6,2018-03-16,Yangzijiang learns to look beyond containerships and dry bulkers to sustain earnings in tough times,Broker's Calls,https://www.theedgesingapore.com/capital/brokers-calls/yangzijiang-learns-look-beyond-containerships-and-dry-bulkers-sustain-earnings,true,yangzijiang-shipbuilding-holdings
BS6,2017-10-27,Keppel’s results and brightening outlook to support O&M share prices,Broker's Calls,https://www.theedgesingapore.com/capital/brokers-calls/keppels-results-and-brightening-outlook-support-om-share-prices,true,yangzijiang-shipbuilding-holdings
BS6,2017-06-27,Why Singapore could be the region’s most exposed country to impact of China’s A-share inclusion ,Global Markets,https://www.theedgesingapore.com/global-markets/why-singapore-could-be-region’s-most-exposed-country-impact-china’s-share-inclusion,true,yangzijiang-shipbuilding-holdings
BS6,2017-03-07,Singapore stocks are floating on foam: Bloomberg Gadfly,Commentary,https://www.theedgesingapore.com/commentary/singapore-stocks-are-floating-foam-bloomberg-gadfly,true,yangzijiang-shipbuilding-holdings
BS6,2016-11-09,Yangzijiang posts 59% fall in 3Q earnings to $58 mil,Results,https://www.theedgesingapore.com/article/yangzijiang-posts-59-fall-3q-earnings-58-mil,true,yangzijiang-shipbuilding-holdings
BS6,2016-08-24,Who are the winners in PPL deal?,Broker's Calls,https://www.theedgesingapore.com/article/who-are-winners-ppl-deal,true,yangzijiang-shipbuilding-holdings
Z25,2024-10-15,"DBS downgrades Yanlord Land Group to 'hold', but upgrades TP to 70 cents",Broker's Calls,https://www.theedgesingapore.com/capital/brokers-calls/dbs-downgrades-yanlord-land-group-hold-upgrades-tp-70-cents,true,yanlord-land
Z25,2020-09-08,Yanlord announces over 75% y-o-y increase in precontracted sales in August,Property,https://www.theedgesingapore.com/news/property/yanlord-announces-over-75-y-o-y-increase-precontracted-sales-august,true,yanlord-land
Z25,2020-07-17,"Yanlord Land ‘red hot’, set to outperform sales target with strong summer sales: KGI",Broker's Calls,https://www.theedgesingapore.com/capital/brokers-calls/yanlord-land-‘red-hot’-set-outperform-sales-target-strong-summer-sales-kgi,true,yanlord-land
Z25,2019-10-25,Market chatter suggests Yanlord is poised to make a general offer for United Engineers ,Corporate moves,https://www.theedgesingapore.com/news/corporate-moves/market-chatter-suggests-yanlord-poised-make-general-offer-united-engineers,false,yanlord-land
Z25,2019-07-02,Yanlord says all units of Yanlord Gardens sold out on first day; pre-sales of $282 mil achieved,Property,https://www.theedgesingapore.com/news/property/yanlord-says-all-units-yanlord-gardens-sold-out-first-day-pre-sales-282-mil-achieved,true,yanlord-land
Z25,2019-02-27,Yanlord reports 10% rise in FY18 earnings to $715 mil on higher operating income and fair value gains,Results,https://www.theedgesingapore.com/capital/results/yanlord-reports-10-rise-fy18-earnings-715-mil-higher-operating-income-and-fair-value,true,yanlord-land
Z25,2018-11-13,Yanlord 9M18 earnings overtakes FY17,Results,https://www.theedgesingapore.com/capital/results/yanlord-9m18-earnings-overtakes-fy17,true,yanlord-land
Z25,2018-04-13,Will Tulip Garden mark the return of billion-dollar deals in the Singapore property market?,Property,https://www.theedgesingapore.com/property/will-tulip-garden-mark-return-billion-dollar-deals-singapore-property-market,true,yanlord-land
Z25,2017-11-20,Yanlord says units in Oasis New Island Gardens Phase 3 all sold out,Property,https://www.theedgesingapore.com/property/yanlord-says-units-oasis-new-island-gardens-phase-3-all-sold-out,true,yanlord-land
Z25,2017-11-15,Yanlord Land kept at ‘buy’ with $2.25 target price on high projects visibility,Broker's Calls,https://www.theedgesingapore.com/capital/brokers-calls/yanlord-land-kept-‘buy’-225-target-price-high-projects-visibility,true,yanlord-land
Z25,2025-08-19,"DBS raises target price for Yanlord, sees progress in debt repayment",Broker's Calls,https://www.theedgesingapore.com/capital/brokers-calls/dbs-raises-target-price-yanlord-sees-progress-debt-repayment,true,yanlord-land-group
Z25,2025-02-27,Yanlord's FY2024 losses widened to RMB3.4 billion on impairments and write-downs,Results,https://www.theedgesingapore.com/capital/results/yanlords-fy2024-losses-widened-rmb34-billion-impairments-and-write-downs,true,yanlord-land-group
Z25,2024-10-18,"Broker's Digest: Yanlord Land Group, Frencken, Yangzijiang, Centurion",Broker's Calls,https://www.theedgesingapore.com/capital/brokers-calls/brokers-digest-yanlord-land-group-frencken-yangzijiang-centurion,true,yanlord-land-group
Z25,2024-02-28,"Yanlord sinks into RMB934 million loss following impairment, withholds dividends again",Results,https://www.theedgesingapore.com/capital/results/yanlord-sinks-rmb934-million-loss-following-impairment-withholds-dividends-again,true,yanlord-land-group
Z25,2024-01-08,Yanlord Land issues profit warning for FY2023,Results,https://www.theedgesingapore.com/capital/results/yanlord-land-issues-profit-warning-fy2023,true,yanlord-land-group
Z25,2023-12-04,Yanlord's total contracted pre-sales down 71.5% y-o-y to RMB1.1 bil in Nov,Property,https://www.theedgesingapore.com/news/property/yanlords-total-contracted-pre-sales-down-715-y-o-y-rmb11-bil-nov,true,yanlord-land-group
Z25,2023-07-10,China to extend policies to support ailing property market,China,https://www.theedgesingapore.com/news/china-focus/china-extend-policies-support-ailing-property-market,true,yanlord-land-group
Z25,2023-06-06,Yanlord reports 437.5% y-o-y surge in total contracted pre-sales of RMB6.1 bil in May,Property,https://www.theedgesingapore.com/news/property/yanlord-reports-4375-y-o-y-surge-total-contracted-pre-sales-rmb61-bil-may,true,yanlord-land-group
Z25,2023-04-23,'Delisting has not been a matter of management nor board discussion': Yanlord to shareholders,Property,https://www.theedgesingapore.com/news/property/delisting-has-not-been-matter-management-nor-board-discussion-yanlord-shareholders,true,yanlord-land-group
Z25,2023-03-24,"Brokers' Digest: GoTo Gojek Tokopedia, Genting Singapore, Singtel, AEM Holdings, Sea, Delfi, Yanlord Land Group",Broker's Calls,https://www.theedgesingapore.com/capital/brokers-calls/brokers-digest-goto-gojek-tokopedia-genting-singapore-singtel-aem-holdings-sea,true,yanlord-land-group
Z59,2024-07-25,Yoma to complete proposed acquisition of Yoma Fleet on July 26,Company in the news,https://www.theedgesingapore.com/news/company-news/yoma-complete-proposed-acquisition-yoma-fleet-july-26,true,yoma-strategic
Z59,2024-07-24,"Serge Pun steps down as chairman of Yoma, son to succeed him",Corporate moves,https://www.theedgesingapore.com/news/corporate-moves/serge-pun-steps-down-chairman-yoma-son-succeed-him,true,yoma-strategic
Z59,2024-07-01,"Yoma Fleet may collaborate with Wave Money, introducing new synergy: PhillipCapital",Broker's Calls,https://www.theedgesingapore.com/capital/brokers-calls/yoma-fleet-may-collaborate-wave-money-introducing-new-synergy-phillipcapital,true,yoma-strategic
Z59,2024-06-06,Yoma rebounds despite a challenging operating environment,Company in the news,https://www.theedgesingapore.com/news/company-news/yoma-rebounds-despite-challenging-operating-environment,true,yoma-strategic
Z59,2024-05-29,Yoma Strategic shares up 32.3% following FY2024 turnaround,Results,https://www.theedgesingapore.com/news/results/yoma-strategic-shares-323-following-fy2024-turnaround,true,yoma-strategic
Z59,2022-01-17,Yoma Strategic to acquire controlling interest in fintech firm Wave Money for US$53 million,M&A,https://www.theedgesingapore.com/news/ma/yoma-strategic-acquire-controlling-interest-fintech-firm-wave-money-us53-million,true,yoma-strategic
Z59,2021-10-07,Kopernik raises stake in Yoma Strategic; AEM buys back shares after Toh’s sale,Insider moves,https://www.theedgesingapore.com/capital/insider-moves/kopernik-raises-stake-yoma-strategic-aem-buys-back-shares-after-tohs-sale,true,yoma-strategic
Z59,2021-05-19,PhillipCapital keeps ‘neutral’ rating for Yoma but lowers TP on lacklustre outlook,Broker's Calls,https://www.theedgesingapore.com/capital/brokers-calls/phillipcapital-keeps-neutral-rating-yoma-lowers-tp-lacklustre-outlook,true,yoma-strategic
Z59,2021-02-02,Yoma says business operations have resumed but warns of change in sentiment,Company in the news,https://www.theedgesingapore.com/news/company-news/yoma-says-business-operations-have-resumed-warns-change-sentiment,true,yoma-strategic
Z59,2020-06-26,Yoma's evolution puts it in good stead to capture emerging Myanmar's growth,SGX Research Series: 10 in 10,https://www.theedgesingapore.com/capital/sgx-research-series-10-10/yomas-evolution-puts-it-good-stead-capture-emerging-myanmars,true,yoma-strategic
