stock_code,week_start,close,volume
1J5,2023-07-03,0.2800,284900
1J5,2023-07-10,0.2800,267200
1J5,2023-07-17,0.2800,38246160
1J5,2023-07-24,0.3100,414800
1J5,2023-07-31,0.2950,39900
1J5,2023-08-07,0.3200,892300
1J5,2023-08-14,0.2900,1348200
1J5,2023-08-21,0.2950,282900
1J5,2023-08-28,0.2950,0
1J5,2023-09-04,0.2900,195000
1J5,2023-09-11,0.2900,1000
1J5,2023-09-18,0.2800,159200
1J5,2023-09-25,0.2800,269300
1J5,2023-10-02,0.2750,201000
1J5,2023-10-09,0.2800,23000
1J5,2023-10-16,0.2800,167400
1J5,2023-10-23,0.2750,15000
1J5,2023-10-30,0.2850,138600
1J5,2023-11-06,0.2750,44600
1J5,2023-11-13,0.2800,43000
1J5,2023-11-20,0.2750,123600
1J5,2023-11-27,0.2750,155800
1J5,2023-12-04,0.2800,31300
1J5,2023-12-11,0.2800,118200
1J5,2024-01-01,0.2950,69000
1J5,2024-01-08,0.2850,40300
1J5,2024-01-15,0.2800,158500
1J5,2024-01-22,0.2850,72200
1J5,2024-01-29,0.2750,128800
1J5,2024-02-05,0.2800,90500
1J5,2024-02-12,0.2800,50400
1J5,2024-02-19,0.2850,185000
1J5,2024-02-26,0.2800,117700
1J5,2024-03-04,0.2900,346200
1J5,2024-03-11,0.2850,55800
1J5,2024-03-18,0.2850,191600
1J5,2024-03-25,0.2650,1573600
1J5,2024-04-01,0.2750,1038100
1J5,2024-04-08,0.2700,199500
1J5,2024-04-15,0.2700,268000
1J5,2024-04-22,0.2700,218200
1J5,2024-04-29,0.2750,191600
1J5,2024-05-06,0.2650,89000
1J5,2024-05-13,0.2950,742300
1J5,2024-05-20,0.2850,125800
1J5,2024-05-27,0.2750,194100
1J5,2024-06-03,0.2900,63500
1J5,2024-06-10,0.2850,63700
1J5,2024-06-17,0.2850,86300
1J5,2024-06-24,0.2800,227400
1J5,2024-07-01,0.2800,176400
1J5,2024-07-08,0.2850,132800
1J5,2024-07-15,0.2750,296100
1J5,2024-07-22,0.2800,226200
1J5,2024-07-29,0.2750,134100
1J5,2024-08-05,0.2750,221400
1J5,2024-08-12,0.2850,220300
1J5,2024-08-19,0.2850,236300
1J5,2024-08-26,0.2850,143900
1J5,2024-09-02,0.2850,104500
1J5,2024-09-09,0.2900,401900
1J5,2024-09-16,0.2900,378000
1J5,2024-09-23,0.2900,192100
1J5,2024-09-30,0.2900,485300
1J5,2024-10-07,0.2950,344600
1J5,2024-10-14,0.2900,73400
1J5,2024-10-21,0.2850,307300
1J5,2024-10-28,0.2900,27300
1J5,2024-11-04,0.2850,137100
1J5,2024-11-11,0.2800,120500
1J5,2024-11-18,0.2950,266100
1J5,2024-11-25,0.2850,203500
1J5,2024-12-02,0.2850,45500
1J5,2024-12-09,0.2800,350700
1J5,2024-12-16,0.2800,105500
1J5,2024-12-23,0.2850,160800
1J5,2024-12-30,0.2850,126400
1J5,2025-01-06,0.2900,112500
1J5,2025-01-13,0.2850,169800
1J5,2025-01-20,0.2900,101000
1J5,2025-01-27,0.2750,388000
1J5,2025-02-03,0.2800,392500
1J5,2025-02-10,0.2850,129700
1J5,2025-02-17,0.2800,70100
1J5,2025-02-24,0.2850,679000
1J5,2025-03-03,0.2800,169800
1J5,2025-03-10,0.2900,362000
1J5,2025-03-17,0.2850,194700
1J5,2025-03-24,0.2850,100000
1J5,2025-03-31,0.2800,218200
1J5,2025-04-07,0.2700,791600
1J5,2025-04-14,0.2900,267000
1J5,2025-04-21,0.2900,204800
1J5,2025-04-28,0.2850,58700
1J5,2025-05-05,0.2750,308900
1J5,2025-05-12,0.2850,209600
1J5,2025-05-19,0.2950,468000
1J5,2025-05-26,0.3050,349400
1J5,2025-06-02,0.3050,125700
1J5,2025-06-09,0.3000,50400
1J5,2025-06-16,0.3100,547500
1J5,2025-06-23,0.3150,289700
1MZ,2023-07-03,0.0040,0
1MZ,2023-07-10,0.0040,0
1MZ,2023-07-17,0.0040,0
1MZ,2023-07-24,0.0040,0
1MZ,2023-07-31,0.0040,0
1MZ,2023-08-07,0.0040,0
1MZ,2023-08-14,0.0040,0
1MZ,2023-08-21,0.0040,0
1MZ,2023-08-28,0.0040,0
1MZ,2023-09-04,0.0040,0
1MZ,2023-09-11,0.0040,0
1MZ,2023-09-18,0.0040,0
1MZ,2023-09-25,0.0040,0
1MZ,2023-10-02,0.0040,0
1MZ,2023-10-09,0.0040,0
1MZ,2023-10-16,0.0040,0
1MZ,2023-10-23,0.0040,0
1MZ,2023-10-30,0.0040,0
1MZ,2023-11-06,0.0040,0
1MZ,2023-11-13,0.0040,0
1MZ,2023-11-20,0.0040,0
1MZ,2023-11-27,0.0040,0
1MZ,2023-12-04,0.0040,0
1MZ,2023-12-11,0.0040,0
1MZ,2024-01-01,0.0040,0
1MZ,2024-01-08,0.0040,0
1MZ,2024-01-15,0.0040,0
1MZ,2024-01-22,0.0040,0
1MZ,2024-01-29,0.4000,0
1MZ,2024-02-05,0.4000,0
1MZ,2024-02-12,0.4000,0
1MZ,2024-02-19,0.4000,0
1MZ,2024-02-26,0.4000,0
1MZ,2024-03-04,0.4000,0
1MZ,2024-03-11,0.1650,1155500
1MZ,2024-03-18,0.1850,6993200
1MZ,2024-03-25,0.1690,1397900
1MZ,2024-04-01,0.1910,18928100
1MZ,2024-04-08,0.1830,11197000
1MZ,2024-04-15,0.1760,964900
1MZ,2024-04-22,0.1480,2516000
1MZ,2024-04-29,0.1350,2283900
1MZ,2024-05-06,0.1210,7570504
1MZ,2024-05-13,0.1610,19411800
1MZ,2024-05-20,0.1830,15706700
1MZ,2024-05-27,0.1720,12640700
1MZ,2024-06-03,0.1620,7915800
1MZ,2024-06-10,0.1630,6307900
1MZ,2024-06-17,0.1600,9889600
1MZ,2024-06-24,0.1540,12970100
1MZ,2024-07-01,0.1540,16043000
1MZ,2024-07-08,0.1680,19544300
1MZ,2024-07-15,0.1710,29667300
1MZ,2024-07-22,0.2150,41440400
1MZ,2024-07-29,0.2100,33752800
1MZ,2024-08-05,0.2000,17669900
1MZ,2024-08-12,0.2800,39832500
1MZ,2024-08-19,0.3100,26841100
1MZ,2024-08-26,0.3150,17935200
1MZ,2024-09-02,0.3750,16867100
1MZ,2024-09-09,0.3600,10638800
1MZ,2024-09-16,0.4300,13784000
1MZ,2024-09-23,0.4500,12442400
1MZ,2024-09-30,0.4550,8471700
1MZ,2024-10-07,0.4750,6853000
1MZ,2024-10-14,0.4550,4834400
1MZ,2024-10-21,0.4600,3217300
1MZ,2024-10-28,0.4450,3401600
1MZ,2024-11-04,0.4050,4392300
1MZ,2024-11-11,0.4050,2461600
1MZ,2024-11-18,0.3750,5575600
1MZ,2024-11-25,0.4350,8548400
1MZ,2024-12-02,0.4250,6681000
1MZ,2024-12-09,0.4000,2814200
1MZ,2024-12-16,0.4100,3472800
1MZ,2024-12-23,0.4100,1505300
1MZ,2024-12-30,0.4350,4041700
1MZ,2025-01-06,0.4200,3788700
1MZ,2025-01-13,0.4100,4207900
1MZ,2025-01-20,0.4350,7244200
1MZ,2025-01-27,0.4550,3857700
1MZ,2025-02-03,0.4850,14021800
1MZ,2025-02-10,0.5400,21387200
1MZ,2025-02-17,0.5250,18296810
1MZ,2025-02-24,0.5300,15812200
1MZ,2025-03-03,0.5200,10946344
1MZ,2025-03-10,0.5500,10118300
1MZ,2025-03-17,0.7100,26870300
1MZ,2025-03-24,0.6600,17110100
1MZ,2025-03-31,0.5450,11413800
1MZ,2025-04-07,0.5200,17457900
1MZ,2025-04-14,0.6100,9908400
1MZ,2025-04-21,0.6000,9211300
1MZ,2025-04-28,0.5850,4867100
1MZ,2025-05-05,0.5500,5983400
1MZ,2025-05-12,0.5600,9265700
1MZ,2025-05-19,0.5200,3544000
1MZ,2025-05-26,0.5200,4978000
1MZ,2025-06-02,0.4950,6569900
1MZ,2025-06-09,0.4800,13877200
1MZ,2025-06-16,0.4650,5327100
1MZ,2025-06-23,0.4650,11544400
1MZ,2025-06-30,0.5100,16055200
1MZ,2025-07-07,0.5250,10485000
1MZ,2025-07-14,0.5650,12765500
1MZ,2025-07-21,0.7150,34491800
1MZ,2025-07-28,0.6500,15417700
1MZ,2025-08-04,0.6750,18609600
1MZ,2025-08-11,0.6250,18808800
1MZ,2025-08-18,0.7800,40781800
1MZ,2025-08-25,0.7100,16714100
1MZ,2025-09-01,0.7550,26205300
1MZ,2025-09-08,0.7700,19684400
1MZ,2025-09-15,0.7600,12081300
1MZ,2025-09-22,0.7200,7938800
1MZ,2025-09-29,0.7250,8011700
1MZ,2025-10-06,0.7250,11364200
1MZ,2025-10-13,0.6650,7390900
1MZ,2025-10-20,0.7100,4911300
1MZ,2025-10-27,0.7200,5004600
1MZ,2025-11-03,0.7150,3799000
1MZ,2025-11-10,0.8300,27438938
1MZ,2025-11-17,0.8700,42945900
1MZ,2025-11-24,0.8250,9644400
1MZ,2025-12-01,0.8250,17117800
1MZ,2025-12-08,0.8450,12631600
1MZ,2025-12-15,0.8400,9851500
1MZ,2025-12-22,0.8600,18692300
1MZ,2025-12-29,0.9850,30911000
1MZ,2026-01-05,1.0600,26639100
1MZ,2026-01-12,1.0600,22332200
1MZ,2026-01-19,1.0800,16650100
1MZ,2026-01-26,1.1900,23434500
1MZ,2026-02-02,1.2500,19002100
1MZ,2026-02-09,1.2700,13258600
1MZ,2026-02-16,1.3000,4136300
1MZ,2026-02-23,1.3900,21274500
1MZ,2026-03-02,1.4100,19319100
1MZ,2026-03-09,1.3400,12991900
1MZ,2026-03-16,1.5900,15435100
1MZ,2026-03-23,1.4200,16062400
1MZ,2026-03-30,1.4400,10845600
1MZ,2026-04-06,1.5100,15785100
1MZ,2026-04-13,1.6300,14824700
1MZ,2026-04-20,1.5400,17579400
1MZ,2026-04-27,1.5300,6052400
1MZ,2026-05-04,1.4900,4358000
1MZ,2026-05-11,1.4100,6907000
1MZ,2026-05-18,1.3200,7369700
1MZ,2026-05-25,1.3300,3018300
1MZ,2026-06-01,1.2100,4783900
1MZ,2026-06-08,1.1600,9377800
1MZ,2026-06-15,1.2100,7883800
1MZ,2026-06-22,1.1000,7139900
1MZ,2026-06-29,1.1300,5384700
1R6,2025-06-30,0.1970,114000
1R6,2025-07-07,0.1930,94000
1R6,2025-07-14,0.2100,92000
1R6,2025-07-21,0.2050,99200
1R6,2025-07-28,0.2050,83200
1R6,2025-08-04,0.1920,230900
1R6,2025-08-11,0.1880,379300
1R6,2025-08-18,0.1910,478200
1R6,2025-08-25,0.2000,1492900
1R6,2025-09-01,0.2150,1351000
1R6,2025-09-08,0.2100,1003200
1R6,2025-09-15,0.2100,340600
1R6,2025-09-22,0.2000,110700
1R6,2025-09-29,0.2050,386200
1R6,2025-10-06,0.2050,67000
1R6,2025-10-13,0.2000,84400
1R6,2025-10-20,0.2100,359100
1R6,2025-10-27,0.2050,194500
1R6,2025-11-03,0.2000,719300
1R6,2025-11-10,0.1920,13000
1R6,2025-11-17,0.1980,70300
1R6,2025-11-24,0.1900,307300
1R6,2025-12-01,0.1990,235000
1R6,2025-12-08,0.1900,238700
1R6,2025-12-15,0.1950,235700
1R6,2025-12-22,0.1940,213000
1R6,2025-12-29,0.1980,96900
1R6,2026-01-05,0.1970,53400
1R6,2026-01-12,0.1940,57600
1R6,2026-01-19,0.1930,82900
1R6,2026-01-26,0.1830,1074000
1R6,2026-02-02,0.1720,567000
1R6,2026-02-09,0.1800,86400
1R6,2026-02-16,0.1800,0
1R6,2026-02-23,0.1710,278600
1R6,2026-03-02,0.1710,252100
1R6,2026-03-09,0.1780,82700
1R6,2026-03-16,0.1720,13000
1R6,2026-03-23,0.1730,243500
1R6,2026-03-30,0.1710,190000
1R6,2026-04-06,0.1700,931100
1R6,2026-04-13,0.1970,778300
1R6,2026-04-20,0.2200,2473700
1R6,2026-04-27,0.2200,1194500
1R6,2026-05-04,0.3100,62190566
1R6,2026-05-11,0.2900,6750400
1R6,2026-05-18,0.2700,5703200
1R6,2026-05-25,0.2700,766200
1R6,2026-06-01,0.2650,511000
1R6,2026-06-08,0.2450,508300
1R6,2026-06-15,0.2650,299300
1R6,2026-06-22,0.2450,606600
1R6,2026-06-29,0.2600,116200
40T,2023-07-03,0.4450,239300
40T,2023-07-10,0.4600,47800
40T,2023-07-17,0.4600,130500
40T,2023-07-24,0.4600,0
40T,2023-07-31,0.4650,5100
40T,2023-08-07,0.4650,51200
40T,2023-08-14,0.4350,700
40T,2023-08-21,0.4050,106100
40T,2023-08-28,0.4350,55500
40T,2023-09-04,0.4350,18800
40T,2023-09-11,0.4250,200
40T,2023-09-18,0.4050,10800
40T,2023-09-25,0.4250,188700
40T,2023-10-02,0.4250,0
40T,2023-10-09,0.4200,52900
40T,2023-10-16,0.4200,8700
40T,2023-10-23,0.4250,35300
40T,2023-10-30,0.4300,61700
40T,2023-11-06,0.4200,2700
40T,2023-11-13,0.4200,0
40T,2023-11-20,0.4200,0
40T,2023-11-27,0.4600,222700
40T,2023-12-04,0.4650,493700
40T,2023-12-11,0.4600,23356477
40T,2024-01-01,0.4650,55400
40T,2024-01-08,0.4700,499700
40T,2024-01-15,0.4600,809000
40T,2024-01-22,0.4550,10000
40T,2024-01-29,0.4500,307400
40T,2024-02-05,0.4450,223100
40T,2024-02-12,0.4450,145800
40T,2024-02-19,0.4600,155500
40T,2024-02-26,0.4450,34700
40T,2024-03-04,0.4250,100
40T,2024-03-11,0.4200,1100
40T,2024-03-18,0.4150,3600
40T,2024-03-25,0.3700,2000
40T,2024-04-01,0.3850,266100
40T,2024-04-08,0.3950,101700
40T,2024-04-15,0.3850,75000
40T,2024-04-22,0.3850,400
40T,2024-04-29,0.3850,34400
40T,2024-05-06,0.3850,25000
40T,2024-05-13,0.3850,0
40T,2024-05-20,0.4200,10900
40T,2024-05-27,0.3800,31900
40T,2024-06-03,0.4000,19100
40T,2024-06-10,0.4000,5100
40T,2024-06-17,0.4000,0
40T,2024-06-24,0.3850,20100
40T,2024-07-01,0.3900,4900
40T,2024-07-08,0.3850,28800
40T,2024-07-15,0.3850,100
40T,2024-07-22,0.3850,40000
40T,2024-07-29,0.3750,2000
40T,2024-08-05,0.3750,0
40T,2024-08-12,0.3750,19700
40T,2024-08-19,0.3750,0
40T,2024-08-26,0.3700,15000
40T,2024-09-02,0.3850,100
40T,2024-09-09,0.3850,60000
40T,2024-09-16,0.3750,124800
40T,2024-09-23,0.3750,28100
40T,2024-09-30,0.3900,11000
40T,2024-10-07,0.3900,34500
40T,2024-10-14,0.3900,61500
40T,2024-10-21,0.3900,8400
40T,2024-10-28,0.3900,40000
40T,2024-11-04,0.3950,5000
40T,2024-11-11,0.3950,4000
40T,2024-11-18,0.3950,0
40T,2024-11-25,0.3900,31800
40T,2024-12-02,0.3900,0
40T,2024-12-09,0.3900,100
40T,2024-12-16,0.4000,600
40T,2024-12-23,0.4000,0
40T,2024-12-30,0.4000,0
40T,2025-01-06,0.4000,0
40T,2025-01-13,0.4000,0
40T,2025-01-20,0.4000,0
40T,2025-01-27,0.4000,0
40T,2025-02-03,0.4250,66300
40T,2025-02-10,0.4250,0
40T,2025-02-17,0.4250,0
40T,2025-02-24,0.3600,113300
40T,2025-03-03,0.3150,60700
40T,2025-03-10,0.3800,46100
40T,2025-03-17,0.3800,61900
40T,2025-03-24,0.3800,12400
40T,2025-03-31,0.3300,20000
40T,2025-04-07,0.3400,49000
40T,2025-04-14,0.3500,6300
40T,2025-04-21,0.3500,5500
40T,2025-04-28,0.3500,0
40T,2025-05-05,0.3450,43900
40T,2025-05-12,0.3500,11600
40T,2025-05-19,0.3500,2300
40T,2025-05-26,0.3250,14000
40T,2025-06-02,0.3450,46200
40T,2025-06-09,0.3350,77500
40T,2025-06-16,0.3550,112600
40T,2025-06-23,0.3150,13100
41O,2023-07-03,0.3850,11613200
41O,2023-07-10,0.4000,20293700
41O,2023-07-17,0.3750,8851700
41O,2023-07-24,0.3900,5062100
41O,2023-07-31,0.3600,9906300
41O,2023-08-07,0.3500,4661700
41O,2023-08-14,0.3300,5893300
41O,2023-08-21,0.3350,2499000
41O,2023-08-28,0.3400,3998900
41O,2023-09-04,0.3350,1682400
41O,2023-09-11,0.3350,5974900
41O,2023-09-18,0.3300,3753800
41O,2023-09-25,0.3350,6586900
41O,2023-10-02,0.3250,3830300
41O,2023-10-09,0.3250,2466400
41O,2023-10-16,0.3100,3304000
41O,2023-10-23,0.3150,1220600
41O,2023-10-30,0.3350,2070700
41O,2023-11-06,0.3350,3226600
41O,2023-11-13,0.3250,8140500
41O,2023-11-20,0.3400,5950400
41O,2023-11-27,0.3300,5590700
41O,2023-12-04,0.3250,2427900
41O,2023-12-11,0.3300,2936300
41O,2024-01-01,0.3200,1007200
41O,2024-01-08,0.3250,891200
41O,2024-01-15,0.3350,1928000
41O,2024-01-22,0.3600,10990800
41O,2024-01-29,0.3500,2928400
41O,2024-02-05,0.3300,1264400
41O,2024-02-12,0.3300,1665600
41O,2024-02-19,0.3400,1899200
41O,2024-02-26,0.3400,1217800
41O,2024-03-04,0.3400,945900
41O,2024-03-11,0.3300,1472700
41O,2024-03-18,0.3400,546600
41O,2024-03-25,0.3350,389100
41O,2024-04-01,0.3450,648700
41O,2024-04-08,0.3350,990300
41O,2024-04-15,0.3200,907800
41O,2024-04-22,0.3250,535700
41O,2024-04-29,0.3300,264000
41O,2024-05-06,0.3200,1593000
41O,2024-05-13,0.3350,1818300
41O,2024-05-20,0.3450,1319800
41O,2024-05-27,0.3300,1764700
41O,2024-06-03,0.3350,657400
41O,2024-06-10,0.3400,793900
41O,2024-06-17,0.3400,693400
41O,2024-06-24,0.3350,759600
41O,2024-07-01,0.3300,847700
41O,2024-07-08,0.3400,1574400
41O,2024-07-15,0.3350,634200
41O,2024-07-22,0.3300,411600
41O,2024-07-29,0.3250,906500
41O,2024-08-05,0.3200,1136600
41O,2024-08-12,0.3250,286300
41O,2024-08-19,0.3350,728300
41O,2024-08-26,0.3350,244400
41O,2024-09-02,0.3350,869200
41O,2024-09-09,0.3350,1197900
41O,2024-09-16,0.3550,4893500
41O,2024-09-23,0.3600,3900500
41O,2024-09-30,0.3550,2343500
41O,2024-10-07,0.3500,2014000
41O,2024-10-14,0.3500,2764300
41O,2024-10-21,0.3450,4855800
41O,2024-10-28,0.3450,1019200
41O,2024-11-04,0.3450,1493000
41O,2024-11-11,0.3600,4307100
41O,2024-11-18,0.4250,26129800
41O,2024-11-25,0.4300,18302600
41O,2024-12-02,0.4850,22970900
41O,2024-12-09,0.4800,8276600
41O,2024-12-16,0.4850,15535700
41O,2024-12-23,0.4850,3303100
41O,2024-12-30,0.5000,4058900
41O,2025-01-06,0.4900,9610800
41O,2025-01-13,0.5200,9000700
41O,2025-01-20,0.5200,7377200
41O,2025-01-27,0.5450,6653800
41O,2025-02-03,0.5150,5981500
41O,2025-02-10,0.5300,8793900
41O,2025-02-17,0.5200,6553100
41O,2025-02-24,0.4600,9630300
41O,2025-03-03,0.4700,5332300
41O,2025-03-10,0.4750,3046500
41O,2025-03-17,0.4850,3918400
41O,2025-03-24,0.4700,2914700
41O,2025-03-31,0.4500,4482700
41O,2025-04-07,0.4050,5019200
41O,2025-04-14,0.4600,4013900
41O,2025-04-21,0.4850,3877200
41O,2025-04-28,0.4700,2850600
41O,2025-05-05,0.4950,6438300
41O,2025-05-12,0.5050,5218100
41O,2025-05-19,0.5050,3217600
41O,2025-05-26,0.5150,2445400
41O,2025-06-02,0.5500,6695200
41O,2025-06-09,0.5750,6172800
41O,2025-06-16,0.5800,5920800
41O,2025-06-23,0.6550,10787800
41O,2025-06-30,0.7150,16787200
41O,2025-07-07,0.8500,25635500
41O,2025-07-14,0.8800,16210800
41O,2025-07-21,0.8500,12724000
41O,2025-07-28,0.8100,11874600
41O,2025-08-04,0.8350,9450800
41O,2025-08-11,0.8200,5869300
41O,2025-08-18,0.8100,7787900
41O,2025-08-25,0.8100,7961000
41O,2025-09-01,0.8250,5009800
41O,2025-09-08,1.0500,34067400
41O,2025-09-15,1.0200,10992200
41O,2025-09-22,0.9200,8478300
41O,2025-09-29,0.9600,11484400
41O,2025-10-06,0.9250,9003300
41O,2025-10-13,0.8250,12115800
41O,2025-10-20,0.8550,7005000
41O,2025-10-27,0.8150,9997300
41O,2025-11-03,0.7200,14189200
41O,2025-11-10,0.6950,6045300
41O,2025-11-17,0.6900,8544300
41O,2025-11-24,0.6700,3623300
41O,2025-12-01,0.6900,5478600
41O,2025-12-08,0.6500,7440500
41O,2025-12-15,0.6600,5116900
41O,2025-12-22,0.6750,3580100
41O,2025-12-29,0.6750,2791300
41O,2026-01-05,0.6600,6336500
41O,2026-01-12,0.7100,17486900
41O,2026-01-19,0.7000,8910000
41O,2026-01-26,0.6800,5024300
41O,2026-02-02,0.6700,4621900
41O,2026-02-09,0.6950,4075800
41O,2026-02-16,0.7000,3212800
41O,2026-02-23,0.6350,4665500
41O,2026-03-02,0.5900,5425900
41O,2026-03-09,0.5700,3499100
41O,2026-03-16,0.5950,1608500
41O,2026-03-23,0.5800,2719100
41O,2026-03-30,0.5950,1532800
41O,2026-04-06,0.6050,2019600
41O,2026-04-13,0.5950,2580600
41O,2026-04-20,0.6100,3061900
41O,2026-04-27,0.6400,4517600
41O,2026-05-04,0.6800,10535100
41O,2026-05-11,0.6500,4443600
41O,2026-05-18,0.6400,1937400
41O,2026-05-25,0.6200,1917000
41O,2026-06-01,0.5900,1096300
41O,2026-06-08,0.5850,1727900
41O,2026-06-15,0.5850,1125300
41O,2026-06-22,0.5750,499500
41O,2026-06-29,0.5700,872500
42C,2026-08-10,0.5000,59492200
544,2023-07-03,0.4000,9266800
544,2023-07-10,0.4100,11474700
544,2023-07-17,0.4450,11877600
544,2023-07-24,0.4750,21494900
544,2023-07-31,0.4550,17909400
544,2023-08-07,0.4650,12130600
544,2023-08-14,0.4550,10033900
544,2023-08-21,0.4750,11179200
544,2023-08-28,0.4850,9109300
544,2023-09-04,0.4750,11489700
544,2023-09-11,0.4750,5753300
544,2023-09-18,0.4550,6494400
544,2023-09-25,0.4550,2404900
544,2023-10-02,0.4350,4286200
544,2023-10-09,0.4350,4907900
544,2023-10-16,0.4000,6089100
544,2023-10-23,0.4000,4434700
544,2023-10-30,0.4250,8853600
544,2023-11-06,0.4350,14327400
544,2023-11-13,0.4350,12227800
544,2023-11-20,0.4300,6337800
544,2023-11-27,0.4200,3399700
544,2023-12-04,0.4150,4978400
544,2023-12-11,0.4250,3621500
544,2024-01-01,0.4200,2839600
544,2024-01-08,0.4250,6363400
544,2024-01-15,0.4100,6922400
544,2024-01-22,0.4100,1556300
544,2024-01-29,0.4100,7415800
544,2024-02-05,0.4000,5811500
544,2024-02-12,0.4200,5052500
544,2024-02-19,0.4200,4322300
544,2024-02-26,0.4250,8834600
544,2024-03-04,0.4250,8349300
544,2024-03-11,0.4150,9800000
544,2024-03-18,0.4350,11013000
544,2024-03-25,0.4300,17767100
544,2024-04-01,0.4300,11310400
544,2024-04-08,0.4300,6008400
544,2024-04-15,0.4150,11987600
544,2024-04-22,0.4250,13602400
544,2024-04-29,0.4300,21970869
544,2024-05-06,0.4150,20097300
544,2024-05-13,0.4050,14032400
544,2024-05-20,0.4000,4567000
544,2024-05-27,0.4100,7554300
544,2024-06-03,0.4050,7876600
544,2024-06-10,0.4050,4760500
544,2024-06-17,0.4000,2163100
544,2024-06-24,0.4000,3573400
544,2024-07-01,0.4050,6781000
544,2024-07-08,0.4600,22354800
544,2024-07-15,0.4600,10584000
544,2024-07-22,0.4800,28154900
544,2024-07-29,0.4650,11160100
544,2024-08-05,0.4750,23007800
544,2024-08-12,0.4750,24449000
544,2024-08-19,0.4700,17686600
544,2024-08-26,0.4800,11049500
544,2024-09-02,0.4650,6185700
544,2024-09-09,0.4300,46685900
544,2024-09-16,0.4350,17128700
544,2024-09-23,0.4300,9550700
544,2024-09-30,0.4400,12404800
544,2024-10-07,0.4400,12116000
544,2024-10-14,0.4400,6579500
544,2024-10-21,0.4400,5493400
544,2024-10-28,0.4300,3288600
544,2024-11-04,0.4450,13179400
544,2024-11-11,0.4350,6206400
544,2024-11-18,0.4300,5354500
544,2024-11-25,0.4650,16137000
544,2024-12-02,0.4800,11512400
544,2024-12-09,0.4650,5845800
544,2024-12-16,0.4550,3125400
544,2024-12-23,0.4350,13072200
544,2024-12-30,0.4250,30916400
544,2025-01-06,0.4200,13661400
544,2025-01-13,0.4350,8221200
544,2025-01-20,0.4450,14188500
544,2025-01-27,0.4500,9560500
544,2025-02-03,0.4450,14697100
544,2025-02-10,0.4600,14651600
544,2025-02-17,0.4500,9394800
544,2025-02-24,0.4550,28891600
544,2025-03-03,0.4650,12371400
544,2025-03-10,0.4550,10743300
544,2025-03-17,0.4600,5716000
544,2025-03-24,0.4550,5280200
544,2025-03-31,0.4400,6400500
544,2025-04-07,0.4000,23737800
544,2025-04-14,0.4100,5146700
544,2025-04-21,0.4250,7068000
544,2025-04-28,0.4300,3926800
544,2025-05-05,0.4400,9524300
544,2025-05-12,0.4500,10805500
544,2025-05-19,0.4350,9298000
544,2025-05-26,0.4250,8444600
544,2025-06-02,0.4750,34368900
544,2025-06-09,0.4800,24046000
544,2025-06-16,0.5200,39431100
544,2025-06-23,0.5550,33024133
544,2025-06-30,0.6100,39295500
544,2025-07-07,0.6250,27623400
544,2025-07-14,0.6400,28251500
544,2025-07-21,0.6650,37122600
544,2025-07-28,0.6450,24765800
544,2025-08-04,0.6850,42929100
544,2025-08-11,0.6450,35361400
544,2025-08-18,0.6950,38896100
544,2025-08-25,0.6900,22415300
544,2025-09-01,0.6950,36560800
544,2025-09-08,0.7300,49291600
544,2025-09-15,0.7250,27793200
544,2025-09-22,0.7100,35466600
544,2025-09-29,0.7450,25232300
544,2025-10-06,0.7350,13480400
544,2025-10-13,0.6650,37470900
544,2025-10-20,0.7750,51524100
544,2025-10-27,0.8450,36484000
544,2025-11-03,0.8200,27891900
544,2025-11-10,0.9550,105824800
544,2025-11-17,0.9450,60569400
544,2025-11-24,0.9550,31244100
544,2025-12-01,0.9450,19652300
544,2025-12-08,0.9250,21635400
544,2025-12-15,0.9300,37283200
544,2025-12-22,0.9600,22066100
544,2025-12-29,1.0300,37015100
544,2026-01-05,1.0400,30238600
544,2026-01-12,1.0600,18440500
544,2026-01-19,1.0600,14974500
544,2026-01-26,1.1200,34123800
544,2026-02-02,1.1200,28422900
544,2026-02-09,1.2400,39494200
544,2026-02-16,1.3200,23085200
544,2026-02-23,1.3200,41817400
544,2026-03-02,1.3100,90688600
544,2026-03-09,1.2800,62605400
544,2026-03-16,1.2700,35875000
544,2026-03-23,1.2000,49562400
544,2026-03-30,1.1800,37661200
544,2026-04-06,1.2600,37688500
544,2026-04-13,1.3900,48019400
544,2026-04-20,1.3300,45724400
544,2026-04-27,1.3700,50317000
544,2026-05-04,1.5400,92915900
544,2026-05-11,1.6100,108139200
544,2026-05-18,1.7100,88803700
544,2026-05-25,1.6900,34985900
544,2026-06-01,1.3800,69206500
544,2026-06-08,1.3100,66304200
544,2026-06-15,1.5200,83890200
544,2026-06-22,1.3100,57258600
544,2026-06-29,1.2800,46690500
544,2026-07-06,1.2100,67010500
558,2023-07-03,0.8400,18185250
558,2023-07-10,0.8640,16369750
558,2023-07-17,0.8800,27640750
558,2023-07-24,0.8560,34384750
558,2023-07-31,0.8400,19177625
558,2023-08-07,0.8400,10441500
558,2023-08-14,0.8800,58225125
558,2023-08-21,0.9520,42812750
558,2023-08-28,1.0000,32922875
558,2023-09-04,0.9840,27478000
558,2023-09-11,1.0080,29786250
558,2023-09-18,1.0000,22310875
558,2023-09-25,1.0400,31046125
558,2023-10-02,1.0480,18139875
558,2023-10-09,1.0640,22228125
558,2023-10-16,0.9600,30298625
558,2023-10-23,1.0160,24695875
558,2023-10-30,1.0480,21931625
558,2023-11-06,1.0320,15490500
558,2023-11-13,1.0000,26153000
558,2023-11-20,1.0080,13467625
558,2023-11-27,1.0080,18770125
558,2023-12-04,1.0080,16281625
558,2023-12-11,1.0560,25184375
558,2024-01-01,1.0320,13928250
558,2024-01-08,1.0400,14220375
558,2024-01-15,1.0560,15475750
558,2024-01-22,1.0800,33987375
558,2024-01-29,1.0400,47374125
558,2024-02-05,1.0480,12136375
558,2024-02-12,1.1680,41591750
558,2024-02-19,1.2000,44692125
558,2024-02-26,1.1040,66199000
558,2024-03-04,1.0960,25581750
558,2024-03-11,1.0560,19150000
558,2024-03-18,1.0800,18282625
558,2024-03-25,1.0800,14917750
558,2024-04-01,1.0880,13455625
558,2024-04-08,1.0800,8006000
558,2024-04-15,1.0320,20697500
558,2024-04-22,1.0640,15499000
558,2024-04-29,1.0400,11534000
558,2024-05-06,1.0560,14964625
558,2024-05-13,0.8480,107625625
558,2024-05-20,0.9200,54404437
558,2024-05-27,0.9680,41821000
558,2024-06-03,0.9840,28622250
558,2024-06-10,0.9680,13665625
558,2024-06-17,0.9840,24977625
558,2024-06-24,0.9440,18240875
558,2024-07-01,0.9520,18971125
558,2024-07-08,0.9440,12507750
558,2024-07-15,0.9360,32247750
558,2024-07-22,0.9040,25791375
558,2024-07-29,0.8560,19607875
558,2024-08-05,0.8240,27976625
558,2024-08-12,0.8320,21108000
558,2024-08-19,0.8480,7885500
558,2024-08-26,0.8160,20574500
558,2024-09-02,0.7920,35737875
558,2024-09-09,0.8000,31184125
558,2024-09-16,0.8400,19610875
558,2024-09-23,0.8560,17100750
558,2024-09-30,0.8640,12035375
558,2024-10-07,0.8320,13195250
558,2024-10-14,0.8400,9931750
558,2024-10-21,0.8240,4894750
558,2024-10-28,0.8000,8404500
558,2024-11-04,0.8320,7266125
558,2024-11-11,0.8240,15223375
558,2024-11-18,0.8320,5951000
558,2024-11-25,0.8240,7487750
558,2024-12-02,0.8080,10944875
558,2024-12-09,0.8000,8791875
558,2024-12-16,0.7760,19469750
558,2024-12-23,0.8160,10508375
558,2024-12-30,0.8400,8562750
558,2025-01-06,0.8080,13506125
558,2025-01-13,0.8240,8895875
558,2025-01-20,0.8320,6387125
558,2025-01-27,0.8400,4451000
558,2025-02-03,0.8400,5838250
558,2025-02-10,0.8400,6562750
558,2025-02-17,0.8640,16243375
558,2025-02-24,0.8160,15033250
558,2025-03-03,0.8960,34708125
558,2025-03-10,0.8960,14993250
558,2025-03-17,0.8960,16021875
558,2025-03-24,0.8880,9538625
558,2025-03-31,0.8240,15428125
558,2025-04-07,0.7720,47567000
558,2025-04-14,0.8080,11247625
558,2025-04-21,0.8640,13330875
558,2025-04-28,0.8480,4945875
558,2025-05-05,0.8400,8348625
558,2025-05-12,0.9280,22954125
558,2025-05-19,0.9120,9000625
558,2025-05-26,0.9360,13363250
558,2025-06-02,0.9680,18818500
558,2025-06-09,0.9680,16117500
558,2025-06-16,0.9680,11239750
558,2025-06-23,1.0880,42770250
558,2025-06-30,1.0720,33773375
558,2025-07-07,1.0800,30927500
558,2025-07-14,1.1600,73487750
558,2025-07-21,1.2160,48896250
558,2025-07-28,1.2240,65731000
558,2025-08-04,1.1840,55912750
558,2025-08-11,1.1200,49467750
558,2025-08-18,1.1040,44326250
558,2025-08-25,1.1040,28944125
558,2025-09-01,1.0720,29907500
558,2025-09-08,1.0800,24835875
558,2025-09-15,1.1360,48526625
558,2025-09-22,1.1040,25248875
558,2025-09-29,1.1920,30063125
558,2025-10-06,1.1600,25921125
558,2025-10-13,1.0640,30830000
558,2025-10-20,1.1360,19780250
558,2025-10-27,1.1840,35278625
558,2025-11-03,1.2080,55470875
558,2025-11-10,1.1360,58120750
558,2025-11-17,1.1040,31490375
558,2025-11-24,1.1120,15722375
558,2025-12-01,1.0880,13236875
558,2025-12-08,1.0880,8109000
558,2025-12-15,1.1120,24973000
558,2025-12-22,1.1440,12963875
558,2025-12-29,1.4400,12955725
558,2026-01-05,1.2000,24427850
558,2026-01-12,1.3400,48289500
558,2026-01-19,1.2900,36263700
558,2026-01-26,1.3400,54492400
558,2026-02-02,1.2500,40000800
558,2026-02-09,1.3400,59300200
558,2026-02-16,1.3500,13858300
558,2026-02-23,1.4500,69942800
558,2026-03-02,1.5300,132198200
558,2026-03-09,1.5200,68576400
558,2026-03-16,1.5700,58669400
558,2026-03-23,1.5700,74007600
558,2026-03-30,1.5500,66748700
558,2026-04-06,1.7000,55306200
558,2026-04-13,1.9200,94549000
558,2026-04-20,2.1400,83665200
558,2026-04-27,2.1800,68285500
558,2026-05-04,2.3300,63609800
558,2026-05-11,2.8400,119263400
558,2026-05-18,2.6300,76330100
558,2026-05-25,2.8000,47167800
558,2026-06-01,2.5300,40779600
558,2026-06-08,2.5200,47081600
558,2026-06-15,2.7300,55174300
558,2026-06-22,2.5100,77643900
558,2026-06-29,2.5900,46807800
558,2026-07-13,2.4400,72014100
558,2026-07-20,2.4900,59239300
558,2026-07-27,2.2800,81459200
558,2026-08-03,2.4100,43284300
558,2026-08-10,2.7200,65268400
558,2026-08-17,2.7700,52928000
558,2026-08-24,2.6700,31373600
5E2,2023-07-03,2.5000,51333720
5E2,2023-07-10,2.9000,164636010
5E2,2023-07-17,2.9000,92922815
5E2,2023-07-24,2.8600,87451965
5E2,2023-07-31,2.7000,83118920
5E2,2023-08-07,2.7000,55054599
5E2,2023-08-14,2.7200,59193065
5E2,2023-08-21,2.8400,103957950
5E2,2023-08-28,2.9000,90834130
5E2,2023-09-04,2.8000,81054545
5E2,2023-09-11,2.7600,66977090
5E2,2023-09-18,2.6800,56106947
5E2,2023-09-25,2.6800,71247343
5E2,2023-10-02,2.4600,82724641
5E2,2023-10-09,2.5200,77068160
5E2,2023-10-16,2.3400,75904340
5E2,2023-10-23,2.2400,80828955
5E2,2023-10-30,2.2400,74762886
5E2,2023-11-06,2.1600,59452190
5E2,2023-11-13,2.1400,40993005
5E2,2023-11-20,2.1600,62327980
5E2,2023-11-27,2.0400,60298875
5E2,2023-12-04,2.1800,55723190
5E2,2023-12-11,2.1400,56790475
5E2,2024-01-01,2.2600,44953670
5E2,2024-01-08,2.2600,38349772
5E2,2024-01-15,2.2400,44226570
5E2,2024-01-22,2.0800,70479417
5E2,2024-01-29,2.0000,95486655
5E2,2024-02-05,1.7400,106405520
5E2,2024-02-12,1.8600,73124011
5E2,2024-02-19,1.8600,182896800
5E2,2024-02-26,1.9000,195517665
5E2,2024-03-04,1.8200,96407705
5E2,2024-03-11,1.7800,110089481
5E2,2024-03-18,1.5800,239004685
5E2,2024-03-25,1.5800,122740435
5E2,2024-04-01,1.6800,153149425
5E2,2024-04-08,1.6200,81764630
5E2,2024-04-15,1.5400,166003883
5E2,2024-04-22,1.7800,165397675
5E2,2024-04-29,1.8400,143379069
5E2,2024-05-06,1.7600,95570695
5E2,2024-05-13,1.5700,198422110
5E2,2024-05-20,1.5400,129027800
5E2,2024-05-27,1.7600,505492273
5E2,2024-06-03,1.7000,223993027
5E2,2024-06-10,1.6700,131913175
5E2,2024-06-17,1.5200,213357000
5E2,2024-06-24,1.3800,189496500
5E2,2024-07-01,1.4400,165880044
5E2,2024-07-08,1.4800,192034700
5E2,2024-07-15,1.4600,99206000
5E2,2024-07-22,1.5000,116516400
5E2,2024-07-29,1.4900,334160600
5E2,2024-08-05,1.4200,153548700
5E2,2024-08-12,1.4200,115204100
5E2,2024-08-19,1.4800,121709000
5E2,2024-08-26,1.4800,75422000
5E2,2024-09-02,1.5600,153981700
5E2,2024-09-09,1.6500,155904824
5E2,2024-09-16,1.7400,131413330
5E2,2024-09-23,1.7300,124625980
5E2,2024-09-30,1.9900,271121700
5E2,2024-10-07,2.0300,210589500
5E2,2024-10-14,1.9800,103684600
5E2,2024-10-21,1.9400,122444100
5E2,2024-10-28,1.9000,69316557
5E2,2024-11-04,2.0000,109762100
5E2,2024-11-11,1.8600,104459921
5E2,2024-11-18,1.9100,99497600
5E2,2024-11-25,1.9300,100499700
5E2,2024-12-02,2.0100,90636300
5E2,2024-12-09,2.0100,68058100
5E2,2024-12-16,1.9100,60896700
5E2,2024-12-23,2.0500,71963300
5E2,2024-12-30,2.1900,85042000
5E2,2025-01-06,2.1900,107880700
5E2,2025-01-13,2.2700,100815800
5E2,2025-01-20,2.2600,106065400
5E2,2025-01-27,2.2300,46297600
5E2,2025-02-03,2.1600,101880400
5E2,2025-02-10,2.5800,254665800
5E2,2025-02-17,2.3800,133119700
5E2,2025-02-24,2.1100,125793200
5E2,2025-03-03,2.1000,80281700
5E2,2025-03-10,2.0900,85170700
5E2,2025-03-17,2.1600,108462200
5E2,2025-03-24,2.1100,72777000
5E2,2025-03-31,1.9400,101461300
5E2,2025-04-07,1.7400,157948100
5E2,2025-04-14,1.8400,50396100
5E2,2025-04-21,1.9600,78570900
5E2,2025-04-28,1.9400,47167300
5E2,2025-05-05,2.0300,61822400
5E2,2025-05-12,2.0600,40159600
5E2,2025-05-19,2.0700,64418400
5E2,2025-05-26,2.0500,49131000
5E2,2025-06-02,2.1000,70301200
5E2,2025-06-09,2.0600,69376000
5E2,2025-06-16,2.0600,42033600
5E2,2025-06-23,2.0300,44419100
5E2,2025-06-30,2.0700,57654900
5E2,2025-07-07,2.1200,37749100
5E2,2025-07-14,2.3800,89003200
5E2,2025-07-21,2.4300,65592600
5E2,2025-07-28,2.3000,110912900
5E2,2025-08-04,2.3900,65630700
5E2,2025-08-11,2.3000,34605900
5E2,2025-08-18,2.3200,29300000
5E2,2025-08-25,2.3400,43225500
5E2,2025-09-01,2.3600,27436300
5E2,2025-09-08,2.3500,26306400
5E2,2025-09-15,2.3800,55121200
5E2,2025-09-22,2.3800,82602200
5E2,2025-09-29,2.4600,71523700
5E2,2025-10-06,2.2800,102632000
5E2,2025-10-13,2.0600,106306000
5E2,2025-10-20,2.1800,43451300
5E2,2025-10-27,2.1700,43472000
5E2,2025-11-03,2.1400,45786700
5E2,2025-11-10,2.1600,36848300
5E2,2025-11-17,2.0800,39939500
5E2,2025-11-24,2.1500,39656300
5E2,2025-12-01,2.1200,29286600
5E2,2025-12-08,2.1300,41940900
5E2,2025-12-15,2.0700,38372900
5E2,2025-12-22,2.1400,41345000
5E2,2025-12-29,2.1700,32424200
5E2,2026-01-05,2.2000,39971400
5E2,2026-01-12,2.2400,78687200
5E2,2026-01-19,2.1100,60871900
5E2,2026-01-26,2.1100,45342600
5E2,2026-02-02,2.0600,51325800
5E2,2026-02-09,2.1000,63202500
5E2,2026-02-16,2.1600,28120800
5E2,2026-02-23,2.4000,145505700
5E2,2026-03-02,2.3300,112896800
5E2,2026-03-09,2.3700,91818700
5E2,2026-03-16,2.3700,67068700
5E2,2026-03-23,2.3500,86223900
5E2,2026-03-30,2.4000,86193500
5E2,2026-04-06,2.4600,87644800
5E2,2026-04-13,2.4200,49958900
5E2,2026-04-20,2.4100,72763200
5E2,2026-04-27,2.3500,52439700
5E2,2026-05-04,2.3000,73213700
5E2,2026-05-11,2.2500,95651500
5E2,2026-05-18,2.2300,56459600
5E2,2026-05-25,2.1200,65560100
5E2,2026-06-01,2.0200,87593400
5E2,2026-06-08,1.9400,105955300
5E2,2026-06-15,2.0300,73394900
5E2,2026-06-22,1.9500,65149524
5E2,2026-06-29,1.9800,54259200
5E2,2026-07-20,2.1300,87448636
5E2,2026-07-27,2.1500,198510600
5E2,2026-08-03,2.1400,83976600
5E2,2026-08-10,2.1400,50881800
5E2,2026-08-24,2.2000,68715000
5GD,2025-06-30,0.2350,1090100
5GD,2025-07-07,0.2250,1386800
5GD,2025-07-14,0.2350,4041600
5GD,2025-07-21,0.2300,7687100
5GD,2025-07-28,0.2300,3100200
5GD,2025-08-04,0.2400,5737800
5GD,2025-08-11,0.3450,19489700
5GD,2025-08-18,0.3700,10679900
5GD,2025-08-25,0.3850,7099200
5GD,2025-09-01,0.5250,28277600
5GD,2025-09-08,0.5000,14614200
5GD,2025-09-15,0.4650,10001500
5GD,2025-09-22,0.4500,5704200
5GD,2025-09-29,0.4750,10743900
5GD,2025-10-06,0.4600,2875600
5GD,2025-10-13,0.4200,1341100
5GD,2025-10-20,0.4850,6144900
5GD,2025-10-27,0.4800,4407100
5GD,2025-11-03,0.4750,3734500
5GD,2025-11-10,0.5200,11850900
5GD,2025-11-17,0.4900,8495800
5GD,2025-11-24,0.5150,14487800
5GD,2025-12-01,0.5500,10310500
5GD,2025-12-08,0.5650,8167300
5GD,2025-12-15,0.5850,9174000
5GD,2025-12-22,0.6150,17584100
5GD,2025-12-29,0.5800,7134900
5GD,2026-01-05,0.5400,19399800
5GD,2026-01-12,0.4950,11538800
5GD,2026-01-19,0.5050,9008100
5GD,2026-01-26,0.4950,4542000
5GD,2026-02-02,0.4850,4023600
5GD,2026-02-09,0.4850,2979300
5GD,2026-02-16,0.5000,2385100
5GD,2026-02-23,0.5000,3629700
5GD,2026-03-02,0.4850,3008100
5GD,2026-03-09,0.4850,3352200
5GD,2026-03-16,0.4800,2860400
5GD,2026-03-23,0.4750,1690700
5GD,2026-03-30,0.4750,389200
5GD,2026-04-06,0.4700,575500
5GD,2026-04-13,0.4950,6134000
5GD,2026-04-20,0.5050,1831700
5GD,2026-04-27,0.4900,600900
5GD,2026-05-04,0.5150,1000700
5GD,2026-05-11,0.5050,1054000
5GD,2026-05-18,0.4900,646400
5GD,2026-05-25,0.4950,821900
5GD,2026-06-01,0.4700,1205200
5GD,2026-06-08,0.5000,2285900
5GD,2026-06-15,0.4950,1460200
5GD,2026-06-22,0.4950,1248600
5GD,2026-06-29,0.5000,1225900
5LY,2023-07-03,0.0570,50861600
5LY,2023-07-10,0.0570,140038700
5LY,2023-07-17,0.0540,161363900
5LY,2023-07-24,0.0540,142301900
5LY,2023-07-31,0.0520,89656900
5LY,2023-08-07,0.0520,40331100
5LY,2023-08-14,0.0520,68431600
5LY,2023-08-21,0.0480,108225800
5LY,2023-08-28,0.0490,48296100
5LY,2023-09-04,0.0480,46967500
5LY,2023-09-11,0.0460,59135500
5LY,2023-09-18,0.0500,73648700
5LY,2023-09-25,0.0530,103119500
5LY,2023-10-02,0.0490,86440200
5LY,2023-10-09,0.0500,38972700
5LY,2023-10-16,0.0470,55965000
5LY,2023-10-23,0.0510,54274000
5LY,2023-10-30,0.0510,27572100
5LY,2023-11-06,0.0500,14389700
5LY,2023-11-13,0.0510,30398500
5LY,2023-11-20,0.0520,40071900
5LY,2023-11-27,0.0480,61468900
5LY,2023-12-04,0.0500,17915400
5LY,2023-12-11,0.0490,45637300
5LY,2024-01-01,0.0500,31421300
5LY,2024-01-08,0.0500,32773300
5LY,2024-01-15,0.0490,20317300
5LY,2024-01-22,0.0510,27614900
5LY,2024-01-29,0.0550,75556300
5LY,2024-02-05,0.0540,63830000
5LY,2024-02-12,0.0540,38874100
5LY,2024-02-19,0.0560,91128700
5LY,2024-02-26,0.0550,21539300
5LY,2024-03-04,0.0550,11026500
5LY,2024-03-11,0.0550,20723400
5LY,2024-03-18,0.0600,111243500
5LY,2024-03-25,0.0600,56272400
5LY,2024-04-01,0.0670,121456900
5LY,2024-04-08,0.0690,98772200
5LY,2024-04-15,0.0670,133558100
5LY,2024-04-22,0.0670,86217700
5LY,2024-04-29,0.0690,92781100
5LY,2024-05-06,0.0700,72474000
5LY,2024-05-13,0.0680,137445500
5LY,2024-05-20,0.0670,73315500
5LY,2024-05-27,0.0680,77104400
5LY,2024-06-03,0.0650,82147500
5LY,2024-06-10,0.0620,72720800
5LY,2024-06-17,0.0630,27492100
5LY,2024-06-24,0.0560,106711000
5LY,2024-07-01,0.0650,162354500
5LY,2024-07-08,0.0590,77594200
5LY,2024-07-15,0.0580,95270300
5LY,2024-07-22,0.0590,91489500
5LY,2024-07-29,0.0560,56046800
5LY,2024-08-05,0.0520,55806400
5LY,2024-08-12,0.0530,58257900
5LY,2024-08-19,0.0520,53288700
5LY,2024-08-26,0.0490,92986100
5LY,2024-09-02,0.0510,60090000
5LY,2024-09-09,0.0520,44537400
5LY,2024-09-16,0.0550,78597500
5LY,2024-09-23,0.0540,31924000
5LY,2024-09-30,0.0580,78395100
5LY,2024-10-07,0.0550,85579800
5LY,2024-10-14,0.0530,54149800
5LY,2024-10-21,0.0570,76590500
5LY,2024-10-28,0.0570,27676600
5LY,2024-11-04,0.0550,59092800
5LY,2024-11-11,0.0530,49787600
5LY,2024-11-18,0.0530,24668300
5LY,2024-11-25,0.0520,75253800
5LY,2024-12-02,0.0550,162460300
5LY,2024-12-09,0.0540,63482800
5LY,2024-12-16,0.0520,33392400
5LY,2024-12-23,0.0530,13115600
5LY,2024-12-30,0.0550,36700300
5LY,2025-01-06,0.0540,25659300
5LY,2025-01-13,0.0550,31859000
5LY,2025-01-20,0.0540,20191600
5LY,2025-01-27,0.0550,20605100
5LY,2025-02-03,0.0530,51834400
5LY,2025-02-10,0.0540,149010000
5LY,2025-02-17,0.0510,153305900
5LY,2025-02-24,0.0510,42868680
5LY,2025-03-03,0.0500,86356400
5LY,2025-03-10,0.0500,39589800
5LY,2025-03-17,0.0490,26450900
5LY,2025-03-24,0.0480,20504100
5LY,2025-03-31,0.0450,34059800
5LY,2025-04-07,0.0380,116069400
5LY,2025-04-14,0.0420,35674500
5LY,2025-04-21,0.0420,27250900
5LY,2025-04-28,0.0430,8736800
5LY,2025-05-05,0.0440,50657500
5LY,2025-05-12,0.0440,33915600
5LY,2025-05-19,0.0430,16598200
5LY,2025-05-26,0.0430,12525600
5LY,2025-06-02,0.0450,30839600
5LY,2025-06-09,0.0450,31509100
5LY,2025-06-16,0.0460,49971800
5LY,2025-06-23,0.0450,21062400
5LY,2025-06-30,0.0470,26100800
5LY,2025-07-07,0.0450,39152327
5LY,2025-07-14,0.0550,159786600
5LY,2025-07-21,0.0600,139951400
5LY,2025-07-28,0.0560,91749300
5LY,2025-08-04,0.0600,90495100
5LY,2025-08-11,0.0650,158023800
5LY,2025-08-18,0.0670,266181400
5LY,2025-08-25,0.0710,136423300
5LY,2025-09-01,0.0690,95328300
5LY,2025-09-08,0.0730,135891400
5LY,2025-09-15,0.0760,196974200
5LY,2025-09-22,0.0760,96903800
5LY,2025-09-29,0.0790,126546200
5LY,2025-10-06,0.0870,188780200
5LY,2025-10-13,0.0830,97704800
5LY,2025-10-20,0.0970,125386300
5LY,2025-10-27,0.1050,170194400
5LY,2025-11-03,0.1010,78457500
5LY,2025-11-10,0.1070,174876400
5LY,2025-11-17,0.1080,178059700
5LY,2025-11-24,0.1170,160524700
5LY,2025-12-01,0.1400,312185100
5LY,2025-12-08,0.1600,333052000
5LY,2025-12-15,0.1660,212042700
5LY,2025-12-22,0.1690,170568700
5LY,2025-12-29,0.1670,162757000
5LY,2026-01-05,0.1560,253353600
5LY,2026-01-12,0.1520,190644200
5LY,2026-01-19,0.1570,423571900
5LY,2026-01-26,0.1500,138864200
5LY,2026-02-02,0.1430,147102600
5LY,2026-02-09,0.1450,121906600
5LY,2026-02-16,0.1590,138788100
5LY,2026-02-23,0.1550,168878500
5LY,2026-03-02,0.1560,333742500
5LY,2026-03-09,0.1470,167924500
5LY,2026-03-16,0.1490,237531500
5LY,2026-03-23,0.1370,174467400
5LY,2026-03-30,0.1370,100168300
5LY,2026-04-06,0.1590,248063000
5LY,2026-04-13,0.1580,156598200
5LY,2026-04-20,0.1580,104807900
5LY,2026-04-27,0.1570,39613700
5LY,2026-05-04,0.1670,178270700
5LY,2026-05-11,0.1870,442888700
5LY,2026-05-18,0.1710,209366200
5LY,2026-05-25,0.1740,155203900
5LY,2026-06-01,0.1520,162364200
5LY,2026-06-08,0.1440,168956300
5LY,2026-06-15,0.1420,162317300
5LY,2026-06-22,0.1340,118777500
5LY,2026-06-29,0.1380,163488000
5TP,2025-06-30,0.4300,9138300
5TP,2025-07-07,0.4400,8390100
5TP,2025-07-14,0.4500,10310400
5TP,2025-07-21,0.4850,21537700
5TP,2025-07-28,0.5150,20262400
5TP,2025-08-04,0.5500,19857500
5TP,2025-08-11,0.6450,58933800
5TP,2025-08-18,0.6150,27320700
5TP,2025-08-25,0.6250,19012500
5TP,2025-09-01,0.8300,54101400
5TP,2025-09-08,0.9750,48907900
5TP,2025-09-15,0.9250,39390200
5TP,2025-09-22,1.0000,58030500
5TP,2025-09-29,1.1700,63703600
5TP,2025-10-06,1.3000,75118300
5TP,2025-10-13,1.1800,61279600
5TP,2025-10-20,1.1700,50297100
5TP,2025-10-27,1.1000,31916000
5TP,2025-11-03,1.0500,20522900
5TP,2025-11-10,1.1100,28744200
5TP,2025-11-17,1.0200,19154200
5TP,2025-11-24,1.0700,14802100
5TP,2025-12-01,1.0200,24060500
5TP,2025-12-08,1.0300,24608800
5TP,2025-12-15,1.0900,21976300
5TP,2025-12-22,1.0900,27145700
5TP,2025-12-29,1.0300,13048500
5TP,2026-01-05,1.0200,17205900
5TP,2026-01-12,1.1600,45113600
5TP,2026-01-19,1.2600,44410100
5TP,2026-01-26,1.4300,61615100
5TP,2026-02-02,1.2700,42578100
5TP,2026-02-09,1.2900,22187900
5TP,2026-02-16,1.4100,17769000
5TP,2026-02-23,1.7300,57725000
5TP,2026-03-02,1.8900,60228300
5TP,2026-03-09,1.7100,29463300
5TP,2026-03-16,1.5200,42057000
5TP,2026-03-23,1.3800,43698700
5TP,2026-03-30,1.4400,29699400
5TP,2026-04-06,1.4500,28726300
5TP,2026-04-13,1.4500,15977700
5TP,2026-04-20,1.3400,15282600
5TP,2026-04-27,1.3500,11910000
5TP,2026-05-04,1.4100,22842100
5TP,2026-05-11,1.3200,24112700
5TP,2026-05-18,1.2900,11278700
5TP,2026-05-25,1.2200,10471700
5TP,2026-06-01,1.1800,11208000
5TP,2026-06-08,1.1700,15574300
5TP,2026-06-15,1.1700,16175800
5TP,2026-06-22,1.1100,8060400
5TP,2026-06-29,1.2100,13457600
5TP,2026-08-17,1.5600,34898600
5TP,2026-08-24,1.4900,29681300
5UL,2025-06-30,0.0600,711900
5UL,2025-07-07,0.0600,52300
5UL,2025-07-14,0.0640,411600
5UL,2025-07-21,0.0640,1375000
5UL,2025-07-28,0.0650,1324000
5UL,2025-08-04,0.0760,5406800
5UL,2025-08-11,0.0800,4165100
5UL,2025-08-18,0.0850,5177300
5UL,2025-08-25,0.0860,5016000
5UL,2025-09-01,0.0850,1726400
5UL,2025-09-08,0.0820,1608500
5UL,2025-09-15,0.0830,2163000
5UL,2025-09-22,0.0820,1140100
5UL,2025-09-29,0.1520,42794200
5UL,2025-10-06,0.0970,8639700
5UL,2025-10-13,0.0940,2567700
5UL,2025-10-20,0.0950,1292200
5UL,2025-10-27,0.1010,1673000
5UL,2025-11-03,0.1020,803700
5UL,2025-11-10,0.1000,435700
5UL,2025-11-17,0.0980,344800
5UL,2025-11-24,0.0980,262100
5UL,2025-12-01,0.1010,262700
5UL,2025-12-08,0.0990,803200
5UL,2025-12-15,0.1040,1691700
5UL,2025-12-22,0.1030,252700
5UL,2025-12-29,0.1020,713400
5UL,2026-01-05,0.1090,2909000
5UL,2026-01-12,0.1250,3233900
5UL,2026-01-19,0.1310,1364500
5UL,2026-01-26,0.1350,1042100
5UL,2026-02-02,0.1280,1462700
5UL,2026-02-09,0.1350,860600
5UL,2026-02-16,0.1330,311700
5UL,2026-02-23,0.1340,1104000
5UL,2026-03-02,0.1200,133398200
5UL,2026-03-09,0.1120,1359000
5UL,2026-03-16,0.1140,613200
5UL,2026-03-23,0.1140,0
5UL,2026-03-30,0.1170,96700
5UL,2026-04-06,0.1170,1075300
5UL,2026-04-13,0.1170,321500
5UL,2026-04-20,0.1150,690600
5UL,2026-04-27,0.1220,259000
5UL,2026-05-04,0.1230,537400
5UL,2026-05-11,0.1150,716500
5UL,2026-05-18,0.1150,673100
5UL,2026-05-25,0.1170,448400
5UL,2026-06-01,0.1120,192600
5UL,2026-06-08,0.1100,16000
5UL,2026-06-15,0.1140,55300
5UL,2026-06-22,0.1140,173400
5UL,2026-06-29,0.1170,31100
5WH,2023-07-03,0.1560,38824500
5WH,2023-07-10,0.1780,104899600
5WH,2023-07-17,0.1770,54725800
5WH,2023-07-24,0.1820,82121000
5WH,2023-07-31,0.1760,71652500
5WH,2023-08-07,0.1740,43885300
5WH,2023-08-14,0.1610,70475300
5WH,2023-08-21,0.1530,57241000
5WH,2023-08-28,0.1430,65462100
5WH,2023-09-04,0.1590,103013200
5WH,2023-09-11,0.1810,137280300
5WH,2023-09-18,0.1940,217612800
5WH,2023-09-25,0.1960,151923000
5WH,2023-10-02,0.1750,125967700
5WH,2023-10-09,0.1830,132145900
5WH,2023-10-16,0.1800,137259000
5WH,2023-10-23,0.1730,97925100
5WH,2023-10-30,0.1730,109057300
5WH,2023-11-06,0.1620,87213200
5WH,2023-11-13,0.1680,110349800
5WH,2023-11-20,0.1690,62399200
5WH,2023-11-27,0.1680,55038700
5WH,2023-12-04,0.1660,75428600
5WH,2023-12-11,0.1690,81997800
5WH,2024-01-01,0.1870,86288100
5WH,2024-01-08,0.1820,91189500
5WH,2024-01-15,0.1670,64361900
5WH,2024-01-22,0.1650,68759700
5WH,2024-01-29,0.1510,87106100
5WH,2024-02-05,0.1370,106179800
5WH,2024-02-12,0.1310,123012400
5WH,2024-02-19,0.1210,68826400
5WH,2024-02-26,0.1340,102023200
5WH,2024-03-04,0.1360,94823900
5WH,2024-03-11,0.1290,88641000
5WH,2024-03-18,0.1230,47489300
5WH,2024-03-25,0.1300,50293200
5WH,2024-04-01,0.1420,104843800
5WH,2024-04-08,0.1460,75618700
5WH,2024-04-15,0.1380,98060100
5WH,2024-04-22,0.1330,60322100
5WH,2024-04-29,0.1250,41056300
5WH,2024-05-06,0.1260,51551700
5WH,2024-05-13,0.1240,47991800
5WH,2024-05-20,0.1220,30911800
5WH,2024-05-27,0.1270,73372700
5WH,2024-06-03,0.1240,38350800
5WH,2024-06-10,0.1220,48785200
5WH,2024-06-17,0.1270,59706900
5WH,2024-06-24,0.1220,54642700
5WH,2024-07-01,0.1250,66985700
5WH,2024-07-08,0.1190,57134200
5WH,2024-07-15,0.1170,46251100
5WH,2024-07-22,0.1130,43128200
5WH,2024-07-29,0.0980,71526400
5WH,2024-08-05,0.0910,40955200
5WH,2024-08-12,0.1010,71825700
5WH,2024-08-19,0.0990,51848100
5WH,2024-08-26,0.1000,57309200
5WH,2024-09-02,0.0970,45921500
5WH,2024-09-09,0.1000,42724500
5WH,2024-09-16,0.1000,26846400
5WH,2024-09-23,0.0980,42081300
5WH,2024-09-30,0.1330,239848800
5WH,2024-10-07,0.1290,221644200
5WH,2024-10-14,0.1200,99926400
5WH,2024-10-21,0.1180,89497800
5WH,2024-10-28,0.1130,47547500
5WH,2024-11-04,0.1120,54409700
5WH,2024-11-11,0.1070,40318800
5WH,2024-11-18,0.1190,78974300
5WH,2024-11-25,0.1130,29446300
5WH,2024-12-02,0.1220,67686200
5WH,2024-12-09,0.1230,52273000
5WH,2024-12-16,0.1200,41765100
5WH,2024-12-23,0.1210,51967400
5WH,2024-12-30,0.1280,63891400
5WH,2025-01-06,0.1340,66411400
5WH,2025-01-13,0.1410,85499200
5WH,2025-01-20,0.1410,65090000
5WH,2025-01-27,0.1400,33408000
5WH,2025-02-03,0.1620,172832400
5WH,2025-02-10,0.2050,233665000
5WH,2025-02-17,0.1720,182022400
5WH,2025-02-24,0.1680,168874900
5WH,2025-03-03,0.1490,126194600
5WH,2025-03-10,0.1440,127822000
5WH,2025-03-17,0.1460,191461500
5WH,2025-03-24,0.1380,109413900
5WH,2025-03-31,0.1190,92186200
5WH,2025-04-07,0.1010,131122900
5WH,2025-04-14,0.1060,87470000
5WH,2025-04-21,0.1260,210947200
5WH,2025-04-28,0.1220,86941200
5WH,2025-05-05,0.1230,104956500
5WH,2025-05-12,0.1280,169452200
5WH,2025-05-19,0.1210,114933900
5WH,2025-05-26,0.1300,185523600
5WH,2025-06-02,0.1380,182145600
5WH,2025-06-09,0.2050,472454500
5WH,2025-06-16,0.2200,251374000
5WH,2025-06-23,0.1810,276246300
8AZ,2023-07-03,0.7050,1339600
8AZ,2023-07-10,0.7000,2379300
8AZ,2023-07-17,0.7000,2055500
8AZ,2023-07-24,0.7800,10379300
8AZ,2023-07-31,0.7350,3748600
8AZ,2023-08-07,0.7400,1196600
8AZ,2023-08-14,0.7300,2265300
8AZ,2023-08-21,0.7450,3260700
8AZ,2023-08-28,0.8150,6991300
8AZ,2023-09-04,0.8100,2862700
8AZ,2023-09-11,0.8350,4158000
8AZ,2023-09-18,0.8100,3535000
8AZ,2023-09-25,0.8050,1176100
8AZ,2023-10-02,0.8200,1589400
8AZ,2023-10-09,0.8650,7139900
8AZ,2023-10-16,0.8750,16220700
8AZ,2023-10-23,0.8850,5131100
8AZ,2023-10-30,0.9450,12023700
8AZ,2023-11-06,0.9350,9559500
8AZ,2023-11-13,0.9400,4092500
8AZ,2023-11-20,0.9350,3680600
8AZ,2023-11-27,0.9150,2891300
8AZ,2023-12-04,0.8900,3344800
8AZ,2023-12-11,0.9200,5754400
8AZ,2024-01-01,0.9300,3447300
8AZ,2024-01-08,0.9050,3896500
8AZ,2024-01-15,0.8750,1775800
8AZ,2024-01-22,0.8750,2539000
8AZ,2024-01-29,0.8300,3346900
8AZ,2024-02-05,0.8250,1807400
8AZ,2024-02-12,0.8400,4146600
8AZ,2024-02-19,0.9200,11384400
8AZ,2024-02-26,0.9900,15389400
8AZ,2024-03-04,1.0100,9523200
8AZ,2024-03-11,1.0400,5604200
8AZ,2024-03-18,1.0300,3583700
8AZ,2024-03-25,1.0200,3415700
8AZ,2024-04-01,0.9850,4235800
8AZ,2024-04-08,1.0100,3111500
8AZ,2024-04-15,0.9550,5813800
8AZ,2024-04-22,0.9350,5216600
8AZ,2024-04-29,0.9350,3445400
8AZ,2024-05-06,0.9850,5528600
8AZ,2024-05-13,0.9650,2773600
8AZ,2024-05-20,0.9700,2909600
8AZ,2024-05-27,0.9600,3795600
8AZ,2024-06-03,0.9500,2120900
8AZ,2024-06-10,0.9300,1500700
8AZ,2024-06-17,0.9700,2725200
8AZ,2024-06-24,0.9650,3003600
8AZ,2024-07-01,0.9950,5523400
8AZ,2024-07-08,1.0000,5373300
8AZ,2024-07-15,1.0000,5360600
8AZ,2024-07-22,0.9900,3755800
8AZ,2024-07-29,1.0100,16905900
8AZ,2024-08-05,0.9400,10615400
8AZ,2024-08-12,0.9450,3202700
8AZ,2024-08-19,0.9550,2247400
8AZ,2024-08-26,0.9650,1644100
8AZ,2024-09-02,0.9600,3063100
8AZ,2024-09-09,0.9750,1730200
8AZ,2024-09-16,0.9950,2941700
8AZ,2024-09-23,1.0200,2666200
8AZ,2024-09-30,1.0200,2070300
8AZ,2024-10-07,1.0300,1747800
8AZ,2024-10-14,1.0100,1844700
8AZ,2024-10-21,1.0200,2230600
8AZ,2024-10-28,0.7500,34649600
8AZ,2024-11-04,0.6950,17666200
8AZ,2024-11-11,0.6800,9458800
8AZ,2024-11-18,0.7100,8698500
8AZ,2024-11-25,0.6950,5695400
8AZ,2024-12-02,0.7100,4705700
8AZ,2024-12-09,0.7050,5452600
8AZ,2024-12-16,0.6850,2799200
8AZ,2024-12-23,0.7000,2469000
8AZ,2024-12-30,0.7100,2121100
8AZ,2025-01-06,0.6900,2471800
8AZ,2025-01-13,0.6900,2411400
8AZ,2025-01-20,0.6900,1529600
8AZ,2025-01-27,0.7000,1131500
8AZ,2025-02-03,0.6900,1499900
8AZ,2025-02-10,0.6850,1977100
8AZ,2025-02-17,0.7250,11020700
8AZ,2025-02-24,0.7650,19442800
8AZ,2025-03-03,0.7600,6933800
8AZ,2025-03-10,0.7600,6669600
8AZ,2025-03-17,0.7700,5958700
8AZ,2025-03-24,0.7800,5242800
8AZ,2025-03-31,0.7550,7326800
8AZ,2025-04-07,0.7300,13282400
8AZ,2025-04-14,0.5550,23124300
8AZ,2025-04-21,0.5150,10483200
8AZ,2025-04-28,0.5250,6391200
8AZ,2025-05-05,0.5250,4134500
8AZ,2025-05-12,0.5450,5149400
8AZ,2025-05-19,0.5400,2916700
8AZ,2025-05-26,0.5400,1340600
8AZ,2025-06-02,0.5650,2044700
8AZ,2025-06-09,0.5800,3286200
8AZ,2025-06-16,0.5750,3498100
8AZ,2025-06-23,0.5900,5211600
8AZ,2025-06-30,0.5800,7024700
8AZ,2025-07-07,0.5900,4230700
8AZ,2025-07-14,0.6000,4609300
8AZ,2025-07-21,0.6800,15864900
8AZ,2025-07-28,0.6500,7222000
8AZ,2025-08-04,0.6650,5692500
8AZ,2025-08-11,0.6650,4691300
8AZ,2025-08-18,0.6650,2329900
8AZ,2025-08-25,0.6700,3249900
8AZ,2025-09-01,0.6700,3364900
8AZ,2025-09-08,0.6800,3175100
8AZ,2025-09-15,0.6900,5194700
8AZ,2025-09-22,0.6650,2758300
8AZ,2025-09-29,0.7000,3444600
8AZ,2025-10-06,0.6900,1506000
8AZ,2025-10-13,0.6350,4917900
8AZ,2025-10-20,0.6750,1788000
8AZ,2025-10-27,0.6750,1781600
8AZ,2025-11-03,0.6550,1224000
8AZ,2025-11-10,0.6450,1350900
8AZ,2025-11-17,0.6350,986300
8AZ,2025-11-24,0.6350,1039200
8AZ,2025-12-01,0.6350,774100
8AZ,2025-12-08,0.6350,732400
8AZ,2025-12-15,0.6350,1066900
8AZ,2025-12-22,0.6500,722000
8AZ,2025-12-29,0.6500,1445400
8AZ,2026-01-05,0.6500,1028200
8AZ,2026-01-12,0.6600,1918500
8AZ,2026-01-19,0.6600,974400
8AZ,2026-01-26,0.6600,1342500
8AZ,2026-02-02,0.6550,1099100
8AZ,2026-02-09,0.6750,3007700
8AZ,2026-02-16,0.6850,814100
8AZ,2026-02-23,0.7550,8596300
8AZ,2026-03-02,0.7750,11646800
8AZ,2026-03-09,0.7850,13079800
8AZ,2026-03-16,0.8150,8562700
8AZ,2026-03-23,0.8050,7026400
8AZ,2026-03-30,0.8150,4143900
8AZ,2026-04-06,0.8700,10705000
8AZ,2026-04-13,0.8550,13184100
8AZ,2026-04-20,0.8250,21275900
8AZ,2026-04-27,1.0300,61338800
8AZ,2026-05-04,0.9650,25927900
8AZ,2026-05-11,0.9600,33890900
8AZ,2026-05-18,0.9450,18287700
8AZ,2026-05-25,0.9500,8896600
8AZ,2026-06-01,0.8950,10338600
8AZ,2026-06-08,0.8650,10010900
8AZ,2026-06-15,0.8850,10498900
8AZ,2026-06-22,0.8500,8337300
8AZ,2026-06-29,0.8750,4659100
8C8U,2025-09-22,0.9650,104985000
8C8U,2025-09-29,1.0400,75828500
8C8U,2025-10-06,1.0400,24434800
8C8U,2025-10-13,1.0700,43116800
8C8U,2025-10-20,1.0800,21958000
8C8U,2025-10-27,1.0600,32586600
8C8U,2025-11-03,1.0300,32460900
8C8U,2025-11-10,1.0600,24082700
8C8U,2025-11-17,1.1300,34684800
8C8U,2025-11-24,1.1500,32367900
8C8U,2025-12-01,1.1000,13854300
8C8U,2025-12-08,1.1000,19535500
8C8U,2025-12-15,1.1300,10513300
8C8U,2025-12-22,1.1100,3856500
8C8U,2025-12-29,1.1200,4950900
8C8U,2026-01-05,1.1500,19076900
8C8U,2026-01-12,1.1200,11104500
8C8U,2026-01-19,1.1400,19417400
8C8U,2026-01-26,1.1200,12350200
8C8U,2026-02-02,1.1300,14380900
8C8U,2026-02-09,1.1200,21319300
8C8U,2026-02-16,1.1700,8531800
8C8U,2026-02-23,1.1500,47777500
8C8U,2026-03-02,1.0900,39955600
8C8U,2026-03-09,1.0700,27025400
8C8U,2026-03-16,1.1700,83049000
8C8U,2026-03-23,1.0800,24587400
8C8U,2026-03-30,1.1000,13300600
8C8U,2026-04-06,1.1300,18363800
8C8U,2026-04-13,1.1300,15267600
8C8U,2026-04-20,1.0900,22752600
8C8U,2026-04-27,1.1000,16150600
8C8U,2026-05-04,1.1300,22802600
8C8U,2026-05-11,1.1100,13258200
8C8U,2026-05-18,1.0800,10757400
8C8U,2026-05-25,1.1000,14026600
8C8U,2026-06-01,1.0900,26285000
8C8U,2026-06-08,1.1000,33786000
8C8U,2026-06-15,1.0300,85345990
8C8U,2026-06-22,1.0800,41936300
8C8U,2026-06-29,1.0900,21026900
8C8U,2026-07-20,1.1700,23877500
8YZ,2025-11-17,0.6700,164427178
8YZ,2025-11-24,0.6800,81379517
8YZ,2025-12-01,0.7200,55743900
8YZ,2025-12-08,0.7000,32464092
8YZ,2025-12-15,0.6500,51824500
8YZ,2025-12-22,0.6350,31694899
8YZ,2025-12-29,0.6300,28652000
8YZ,2026-01-05,0.5800,50533800
8YZ,2026-01-12,0.6150,72958800
8YZ,2026-01-19,0.6050,29905800
8YZ,2026-01-26,0.6000,32924600
8YZ,2026-02-02,0.5600,43040700
8YZ,2026-02-09,0.5600,24432500
8YZ,2026-02-16,0.6050,28521500
8YZ,2026-02-23,0.6250,61643900
8YZ,2026-03-02,0.5750,56691000
8YZ,2026-03-09,0.5700,52697400
8YZ,2026-03-16,0.5400,54765900
8YZ,2026-03-23,0.5150,26561000
8YZ,2026-03-30,0.5200,15975600
8YZ,2026-04-06,0.6250,91934800
8YZ,2026-04-13,0.7000,100533300
8YZ,2026-04-20,0.6750,50652300
8YZ,2026-04-27,0.6750,50940100
8YZ,2026-05-04,0.6800,56864500
8YZ,2026-05-11,0.6650,41372500
8YZ,2026-05-18,0.6250,25518800
8YZ,2026-05-25,0.6200,24908300
8YZ,2026-06-01,0.6050,12093800
8YZ,2026-06-08,0.6050,13758200
8YZ,2026-06-15,0.6050,24619100
8YZ,2026-06-22,0.5900,15106500
8YZ,2026-06-29,0.6000,8192500
9A4U,2025-06-30,2.4300,5756678
9A4U,2025-07-07,2.4200,5525500
9A4U,2025-07-14,2.5000,5563800
9A4U,2025-07-21,2.5900,7152900
9A4U,2025-07-28,2.7400,9738800
9A4U,2025-08-04,2.7000,4739000
9A4U,2025-08-11,2.7400,4812600
9A4U,2025-08-18,2.7000,3627800
9A4U,2025-08-25,2.7400,6187900
9A4U,2025-09-01,2.8200,6108200
9A4U,2025-09-08,2.9100,6556600
9A4U,2025-09-15,2.8200,19222330
9A4U,2025-09-22,2.7900,4006909
9A4U,2025-09-29,2.8300,4347400
9A4U,2025-10-06,2.8100,3231700
9A4U,2025-10-13,2.8200,3400151
9A4U,2025-10-20,2.9100,4059700
9A4U,2025-10-27,2.8600,4951900
9A4U,2025-11-03,2.8100,6168400
9A4U,2025-11-10,2.7500,4469200
9A4U,2025-11-17,2.7300,3174200
9A4U,2025-11-24,2.7700,3969300
9A4U,2025-12-01,2.7800,3657800
9A4U,2025-12-08,2.7400,3359100
9A4U,2025-12-15,2.6700,5283100
9A4U,2025-12-22,2.7000,2052200
9A4U,2025-12-29,2.7300,1872500
9A4U,2026-01-05,2.8100,4136800
9A4U,2026-01-12,2.8000,3295918
9A4U,2026-01-19,2.8000,4931300
9A4U,2026-01-26,2.7300,5311500
9A4U,2026-02-02,2.6800,8433500
9A4U,2026-02-09,2.4600,12439900
9A4U,2026-02-16,2.5200,4772600
9A4U,2026-02-23,2.4900,7777400
9A4U,2026-03-02,2.3800,8093600
9A4U,2026-03-09,2.3500,7683600
9A4U,2026-03-16,2.3600,3390300
9A4U,2026-03-23,2.3000,5055700
9A4U,2026-03-30,2.2800,4202500
9A4U,2026-04-06,2.3700,2886200
9A4U,2026-04-13,2.4700,3675600
9A4U,2026-04-20,2.4800,3622300
9A4U,2026-04-27,2.4200,5451100
9A4U,2026-05-04,2.4200,6634400
9A4U,2026-05-11,2.4200,2456600
9A4U,2026-05-18,2.3800,2839200
9A4U,2026-05-25,2.3800,2868500
9A4U,2026-06-01,2.3700,2572700
9A4U,2026-06-08,2.3700,3748800
9A4U,2026-06-15,2.3500,5267000
9A4U,2026-06-22,2.3800,2638700
9A4U,2026-06-29,2.3000,4600700
9CI,2023-07-03,3.2200,24513600
9CI,2023-07-10,3.4300,32237400
9CI,2023-07-17,3.3700,29135000
9CI,2023-07-24,3.3800,49700500
9CI,2023-07-31,3.2900,34824700
9CI,2023-08-07,3.1800,22822800
9CI,2023-08-14,3.0800,38693100
9CI,2023-08-21,3.1400,31993600
9CI,2023-08-28,3.2400,43875700
9CI,2023-09-04,3.1300,25443800
9CI,2023-09-11,3.2200,26210300
9CI,2023-09-18,3.1200,24785300
9CI,2023-09-25,3.1000,34395900
9CI,2023-10-02,3.0600,34159300
9CI,2023-10-09,3.1100,28964001
9CI,2023-10-16,3.0400,29862700
9CI,2023-10-23,2.8900,51086700
9CI,2023-10-30,3.0700,60827100
9CI,2023-11-06,2.9400,31015260
9CI,2023-11-13,3.0900,48261869
9CI,2023-11-20,3.0900,28341600
9CI,2023-11-27,3.0500,39502700
9CI,2023-12-04,3.1000,27504300
9CI,2023-12-11,3.0300,52886700
9CI,2024-01-01,3.0000,28445200
9CI,2024-01-08,3.0000,32257300
9CI,2024-01-15,2.9800,41337100
9CI,2024-01-22,2.9200,66598300
9CI,2024-01-29,2.9600,41929500
9CI,2024-02-05,2.8500,45180400
9CI,2024-02-12,2.9400,42927700
9CI,2024-02-19,2.7800,66249000
9CI,2024-02-26,2.7100,70736011
9CI,2024-03-04,2.7000,44713600
9CI,2024-03-11,2.6700,45108000
9CI,2024-03-18,2.7300,38327100
9CI,2024-03-25,2.6800,40720100
9CI,2024-04-01,2.7200,39329400
9CI,2024-04-08,2.6800,26142100
9CI,2024-04-15,2.4600,74476400
9CI,2024-04-22,2.6400,52402000
9CI,2024-04-29,2.6000,48842600
9CI,2024-05-06,2.5900,66429800
9CI,2024-05-13,2.6600,48874800
9CI,2024-05-20,2.6200,40686200
9CI,2024-05-27,2.6600,54275000
9CI,2024-06-03,2.6400,43665300
9CI,2024-06-10,2.6300,45234884
9CI,2024-06-17,2.6700,25944794
9CI,2024-06-24,2.6600,38313100
9CI,2024-07-01,2.6500,36153500
9CI,2024-07-08,2.8100,45786200
9CI,2024-07-15,2.7100,33256000
9CI,2024-07-22,2.7100,21726000
9CI,2024-07-29,2.6900,32304200
9CI,2024-08-05,2.5000,57286900
9CI,2024-08-12,2.5700,52914400
9CI,2024-08-19,2.6300,39447900
9CI,2024-08-26,2.7100,61229100
9CI,2024-09-02,2.7900,56397800
9CI,2024-09-09,2.8600,36992400
9CI,2024-09-16,2.9300,105814300
9CI,2024-09-23,3.0800,73561621
9CI,2024-09-30,3.1200,76477100
9CI,2024-10-07,3.0200,47192400
9CI,2024-10-14,3.0000,33097000
9CI,2024-10-21,2.8700,40117900
9CI,2024-10-28,2.8400,32012005
9CI,2024-11-04,2.7900,60696503
9CI,2024-11-11,2.7700,31910300
9CI,2024-11-18,2.7900,43959100
9CI,2024-11-25,2.7300,62622800
9CI,2024-12-02,2.7200,28144700
9CI,2024-12-09,2.6500,43790300
9CI,2024-12-16,2.5500,57381400
9CI,2024-12-23,2.6100,13397000
9CI,2024-12-30,2.6800,21100500
9CI,2025-01-06,2.4700,64596600
9CI,2025-01-13,2.4700,57051900
9CI,2025-01-20,2.4400,54305200
9CI,2025-01-27,2.4600,30165300
9CI,2025-02-03,2.5100,54617100
9CI,2025-02-10,2.5100,50684800
9CI,2025-02-17,2.4500,51683900
9CI,2025-02-24,2.5600,92060200
9CI,2025-03-03,2.5900,52456781
9CI,2025-03-10,2.6200,47092300
9CI,2025-03-17,2.6600,43320500
9CI,2025-03-24,2.7400,58269643
9CI,2025-03-31,2.6500,45556400
9CI,2025-04-07,2.4800,113081900
9CI,2025-04-14,2.5900,37028100
9CI,2025-04-21,2.6051,39414806
9CI,2025-04-28,2.5300,61637050
9CI,2025-05-05,2.5300,36615500
9CI,2025-05-12,2.5600,28971900
9CI,2025-05-19,2.5200,29080400
9CI,2025-05-26,2.5200,47690200
9CI,2025-06-02,2.5600,34685500
9CI,2025-06-09,2.5800,34940800
9CI,2025-06-16,2.5400,41140700
9CI,2025-06-23,2.6300,58604732
9CI,2025-06-30,2.7100,44882900
9CI,2025-07-07,2.7100,32828100
9CI,2025-07-14,2.7500,35160500
9CI,2025-07-21,2.8400,51344044
9CI,2025-07-28,2.7600,37816700
9CI,2025-08-04,2.7700,44046676
9CI,2025-08-11,2.7000,51376900
9CI,2025-08-18,2.7100,41263800
9CI,2025-08-25,2.7600,43700600
9CI,2025-09-01,2.7700,27645000
9CI,2025-09-08,2.7800,44996700
9CI,2025-09-15,2.7100,90427603
9CI,2025-09-22,2.6700,49299600
9CI,2025-09-29,2.7200,39417800
9CI,2025-10-06,2.6800,37373400
9CI,2025-10-13,2.6300,54750400
9CI,2025-10-20,2.6700,54175800
9CI,2025-10-27,2.6400,54094837
9CI,2025-11-03,2.6800,77744700
9CI,2025-11-10,2.6700,84296300
9CI,2025-11-17,2.6000,62602400
9CI,2025-11-24,2.6500,59103200
9CI,2025-12-01,2.6100,52472500
9CI,2025-12-08,2.6300,37804100
9CI,2025-12-15,2.6900,35447900
9CI,2025-12-22,2.6900,17144900
9CI,2025-12-29,2.7400,21488100
9CI,2026-01-05,2.8900,70020000
9CI,2026-01-12,2.9200,55865100
9CI,2026-01-19,3.0500,73311800
9CI,2026-01-26,3.0800,72142400
9CI,2026-02-02,3.1200,60792800
9CI,2026-02-09,3.1200,121237500
9CI,2026-02-16,3.1100,26458100
9CI,2026-02-23,3.0600,46892800
9CI,2026-03-02,2.8900,69374000
9CI,2026-03-09,2.8300,49247300
9CI,2026-03-16,2.7800,48468800
9CI,2026-03-23,2.7100,42064500
9CI,2026-03-30,2.7400,37624600
9CI,2026-04-06,2.8200,41862100
9CI,2026-04-13,2.8500,43958200
9CI,2026-04-20,2.8500,36786200
9CI,2026-04-27,2.7800,42160800
9CI,2026-05-04,2.6400,47374500
9CI,2026-05-11,2.6100,39233200
9CI,2026-05-18,2.6200,46315500
9CI,2026-05-25,2.5400,74278076
9CI,2026-06-01,2.5200,45750000
9CI,2026-06-08,2.5600,57877700
9CI,2026-06-15,2.5600,56290577
9CI,2026-06-22,2.5200,49474200
9CI,2026-06-29,2.4900,46382400
9CI,2026-07-20,2.4900,45655800
9CI,2026-07-27,2.6600,95551150
9CI,2026-08-03,2.6900,70215800
9CI,2026-08-17,2.6700,80972600
9CI,2026-08-24,2.6600,41660400
A17U,2023-07-03,2.6700,47086900
A17U,2023-07-10,2.8200,70444300
A17U,2023-07-17,2.8100,51289800
A17U,2023-07-24,2.8500,53054700
A17U,2023-07-31,2.7200,72979400
A17U,2023-08-07,2.7500,42725000
A17U,2023-08-14,2.7100,54205000
A17U,2023-08-21,2.7500,49964300
A17U,2023-08-28,2.7700,89603600
A17U,2023-09-04,2.7800,44494600
A17U,2023-09-11,2.8300,62894800
A17U,2023-09-18,2.7700,48690365
A17U,2023-09-25,2.7500,51942463
A17U,2023-10-02,2.6400,59189800
A17U,2023-10-09,2.6900,52724900
A17U,2023-10-16,2.4800,90319300
A17U,2023-10-23,2.5100,48973800
A17U,2023-10-30,2.7000,72008800
A17U,2023-11-06,2.6900,58630300
A17U,2023-11-13,2.8000,72055500
A17U,2023-11-20,2.8300,68369400
A17U,2023-11-27,2.8300,119905500
A17U,2023-12-04,2.8500,49945000
A17U,2023-12-11,2.9700,106600206
A17U,2024-01-01,2.9400,38489000
A17U,2024-01-08,2.9600,50527700
A17U,2024-01-15,2.8800,50457000
A17U,2024-01-22,2.8900,43766500
A17U,2024-01-29,2.8700,77591200
A17U,2024-02-05,2.7600,100940900
A17U,2024-02-12,2.7800,76549400
A17U,2024-02-19,2.7900,56245801
A17U,2024-02-26,2.7200,83605200
A17U,2024-03-04,2.7300,43175500
A17U,2024-03-11,2.6600,62646100
A17U,2024-03-18,2.7400,52990200
A17U,2024-03-25,2.7700,47679600
A17U,2024-04-01,2.7600,49749300
A17U,2024-04-08,2.7000,42775600
A17U,2024-04-15,2.5600,102330400
A17U,2024-04-22,2.6000,90656100
A17U,2024-04-29,2.5400,63630200
A17U,2024-05-06,2.6000,43055500
A17U,2024-05-13,2.6500,49766800
A17U,2024-05-20,2.6500,47784807
A17U,2024-05-27,2.6100,108065000
A17U,2024-06-03,2.6500,61606900
A17U,2024-06-10,2.5700,59096600
A17U,2024-06-17,2.5300,53297000
A17U,2024-06-24,2.5600,57610900
A17U,2024-07-01,2.5500,49085400
A17U,2024-07-08,2.7200,56518300
A17U,2024-07-15,2.7000,42456500
A17U,2024-07-22,2.6600,27065200
A17U,2024-07-29,2.7800,75060030
A17U,2024-08-05,2.6500,60481551
A17U,2024-08-12,2.7200,52996700
A17U,2024-08-19,2.8400,66967200
A17U,2024-08-26,2.8800,60047912
A17U,2024-09-02,2.9100,72531400
A17U,2024-09-09,2.9100,53936600
A17U,2024-09-16,2.8600,80977500
A17U,2024-09-23,2.8800,77455000
A17U,2024-09-30,2.8700,65526543
A17U,2024-10-07,2.7900,55063700
A17U,2024-10-14,2.8100,46512583
A17U,2024-10-21,2.7500,48335800
A17U,2024-10-28,2.6700,51760000
A17U,2024-11-04,2.6100,105103500
A17U,2024-11-11,2.5700,54659300
A17U,2024-11-18,2.5600,61212961
A17U,2024-11-25,2.6200,69045581
A17U,2024-12-02,2.5900,38064000
A17U,2024-12-09,2.5500,42011500
A17U,2024-12-16,2.5200,47392600
A17U,2024-12-23,2.5700,17165100
A17U,2024-12-30,2.6400,29837200
A17U,2025-01-06,2.5700,47977100
A17U,2025-01-13,2.6100,57965986
A17U,2025-01-20,2.5800,47537900
A17U,2025-01-27,2.5900,41213500
A17U,2025-02-03,2.6400,57862400
A17U,2025-02-10,2.5500,51454100
A17U,2025-02-17,2.5200,61288200
A17U,2025-02-24,2.5700,80098000
A17U,2025-03-03,2.5300,62763600
A17U,2025-03-10,2.6200,88086400
A17U,2025-03-17,2.6400,80067400
A17U,2025-03-24,2.6700,60750400
A17U,2025-03-31,2.7300,80896400
A17U,2025-04-07,2.5000,127603100
A17U,2025-04-14,2.6300,44356200
A17U,2025-04-21,2.6600,47875500
A17U,2025-04-28,2.6600,36842600
A17U,2025-05-05,2.6400,44361400
A17U,2025-05-12,2.6300,38603800
A17U,2025-05-19,2.5900,35834000
A17U,2025-05-26,2.6500,98720400
A17U,2025-06-02,2.5800,59018600
A17U,2025-06-09,2.6100,57788300
A17U,2025-06-16,2.6000,55611900
A17U,2025-06-23,2.6900,59245600
A17U,2025-06-30,2.7400,74044900
A17U,2025-07-07,2.7100,56823800
A17U,2025-07-14,2.7600,55051900
A17U,2025-07-21,2.7900,48361900
A17U,2025-07-28,2.7400,82854447
A17U,2025-08-04,2.7200,80089690
A17U,2025-08-11,2.6900,82805700
A17U,2025-08-18,2.6700,68446900
A17U,2025-08-25,2.7200,86694160
A17U,2025-09-01,2.7700,57017100
A17U,2025-09-08,2.8400,50661700
A17U,2025-09-15,2.7800,98912500
A17U,2025-09-22,2.7700,64566243
A17U,2025-09-29,2.8500,60888300
A17U,2025-10-06,2.8400,44052019
A17U,2025-10-13,2.8400,48357600
A17U,2025-10-20,2.8700,31999100
A17U,2025-10-27,2.8200,50706586
A17U,2025-11-03,2.8300,68933500
A17U,2025-11-10,2.8000,46318900
A17U,2025-11-17,2.7800,48653200
A17U,2025-11-24,2.8100,65293836
A17U,2025-12-01,2.7700,62051100
A17U,2025-12-08,2.7800,58065359
A17U,2025-12-15,2.7900,41036600
A17U,2025-12-22,2.8000,21652300
A17U,2025-12-29,2.8300,31432700
A17U,2026-01-05,2.8500,47762700
A17U,2026-01-12,2.8600,58483600
A17U,2026-01-19,2.8800,73607200
A17U,2026-01-26,2.8500,84414500
A17U,2026-02-02,2.8000,71578100
A17U,2026-02-09,2.7000,104377800
A17U,2026-02-16,2.7000,56049200
A17U,2026-02-23,2.6900,89733456
A17U,2026-03-02,2.5900,119324674
A17U,2026-03-09,2.5400,105780400
A17U,2026-03-16,2.5700,86375400
A17U,2026-03-23,2.5000,130815405
A17U,2026-03-30,2.5000,135859239
A17U,2026-04-06,2.5400,114165200
A17U,2026-04-13,2.5800,109417000
A17U,2026-04-20,2.5500,104671981
A17U,2026-04-27,2.4900,96372900
A17U,2026-05-04,2.4800,120058802
A17U,2026-05-11,2.4600,102119195
A17U,2026-05-18,2.5200,113140600
A17U,2026-05-25,2.5000,92332405
A17U,2026-06-01,2.4700,91979853
A17U,2026-06-08,2.5300,111158923
A17U,2026-06-15,2.5100,121417349
A17U,2026-06-22,2.5400,88621300
A17U,2026-06-29,2.4900,90450800
A17U,2026-07-13,2.5100,115452600
A17U,2026-07-20,2.4900,89628500
A17U,2026-07-27,2.5700,122529400
A17U,2026-08-03,2.5100,99911459
A17U,2026-08-10,2.4400,80789841
A17U,2026-08-17,2.4600,90085600
A17U,2026-08-24,2.4300,69229900
A31,2025-06-30,0.0150,73080900
A31,2025-07-07,0.0160,115698300
A31,2025-07-14,0.0160,32623400
A31,2025-07-21,0.0190,83864400
A31,2025-07-28,0.0190,80700400
A31,2025-08-04,0.0210,73369200
A31,2025-08-11,0.0210,41201000
A31,2025-08-18,0.0260,163854600
A31,2025-08-25,0.0280,132707700
A31,2025-09-01,0.0260,45751700
A31,2025-09-08,0.0260,94822300
A31,2025-09-15,0.0280,70876100
A31,2025-09-22,0.0280,120839000
A31,2025-09-29,0.0420,470327300
A31,2025-10-06,0.0470,225669700
A31,2025-10-13,0.0430,225016400
A31,2025-10-20,0.0430,152134800
A31,2025-10-27,0.0430,112298200
A31,2025-11-03,0.0420,57940600
A31,2025-11-10,0.0440,191487700
A31,2025-11-17,0.0430,168489500
A31,2025-11-24,0.0440,28417600
A31,2025-12-01,0.0470,95137400
A31,2025-12-08,0.0610,306626500
A31,2025-12-15,0.0620,147977900
A31,2025-12-22,0.0730,209695000
A31,2025-12-29,0.0710,128999100
A31,2026-01-05,0.0680,107829400
A31,2026-01-12,0.0690,123766700
A31,2026-01-19,0.0670,143648400
A31,2026-01-26,0.0710,142245200
A31,2026-02-02,0.0770,288376500
A31,2026-02-09,0.0830,251411700
A31,2026-02-16,0.0890,209589500
A31,2026-02-23,0.0920,266609100
A31,2026-03-02,0.0810,316508600
A31,2026-03-09,0.0810,251007600
A31,2026-03-16,0.0870,283485600
A31,2026-03-23,0.0830,206164700
A31,2026-03-30,0.0800,131149800
A31,2026-04-06,0.0890,266889300
A31,2026-04-13,0.1060,582894700
A31,2026-04-20,0.1180,479266800
A31,2026-04-27,0.1430,947548400
A31,2026-05-04,0.1460,463518900
A31,2026-05-11,0.1450,512719500
A31,2026-05-18,0.1380,348303300
A31,2026-05-25,0.2000,1064551800
A31,2026-06-01,0.1720,376131000
A31,2026-06-08,0.1600,471876400
A31,2026-06-15,0.1480,310872000
A31,2026-06-22,0.1360,320238900
A31,2026-06-29,0.1430,428963300
A31,2026-07-06,0.1320,329508600
A31,2026-08-24,0.1690,515036100
A50,2023-07-03,0.0600,22308000
A50,2023-07-10,0.0610,132567000
A50,2023-07-17,0.0610,37810100
A50,2023-07-24,0.0600,25538800
A50,2023-07-31,0.0590,14365600
A50,2023-08-07,0.0590,18817100
A50,2023-08-14,0.0560,20111700
A50,2023-08-21,0.0570,20714100
A50,2023-08-28,0.0610,69674400
A50,2023-09-04,0.0600,17536800
A50,2023-09-11,0.0580,21327500
A50,2023-09-18,0.0580,18363200
A50,2023-09-25,0.0570,9367000
A50,2023-10-02,0.0560,9814800
A50,2023-10-09,0.0550,4940900
A50,2023-10-16,0.0550,10219300
A50,2023-10-23,0.0550,19329400
A50,2023-10-30,0.0560,9652300
A50,2023-11-06,0.0520,10120000
A50,2023-11-13,0.0540,11513100
A50,2023-11-20,0.0570,16393300
A50,2023-11-27,0.0560,10127100
A50,2023-12-04,0.0550,9816900
A50,2023-12-11,0.0580,22467100
A50,2024-01-01,0.0590,27712800
A50,2024-01-08,0.0550,23949100
A50,2024-01-15,0.0550,15828300
A50,2024-01-22,0.0550,10973000
A50,2024-01-29,0.0520,22129000
A50,2024-02-05,0.0500,10715600
A50,2024-02-12,0.0540,18492400
A50,2024-02-19,0.0520,13326800
A50,2024-02-26,0.0520,26170500
A50,2024-03-04,0.0520,9177000
A50,2024-03-11,0.0520,8650000
A50,2024-03-18,0.0510,8386700
A50,2024-03-25,0.0520,13251000
A50,2024-04-01,0.0520,99489700
A50,2024-04-08,0.0520,17902800
A50,2024-04-15,0.0500,11293000
A50,2024-04-22,0.0520,9150400
A50,2024-04-29,0.0520,4934200
A50,2024-05-06,0.0520,5252200
A50,2024-05-13,0.0520,7647700
A50,2024-05-20,0.0520,3943700
A50,2024-05-27,0.0510,7043900
A50,2024-06-03,0.0500,4575600
A50,2024-06-10,0.0500,9835300
A50,2024-06-17,0.0500,6508700
A50,2024-06-24,0.0500,16177200
A50,2024-07-01,0.0500,13298800
A50,2024-07-08,0.0500,11370200
A50,2024-07-15,0.0490,9496500
A50,2024-07-22,0.0500,13324700
A50,2024-07-29,0.0500,7037100
A50,2024-08-05,0.0490,15134400
A50,2024-08-12,0.0490,8399800
A50,2024-08-19,0.0500,3342100
A50,2024-08-26,0.0490,1702600
A50,2024-09-02,0.0490,15861700
A50,2024-09-09,0.0500,4503700
A50,2024-09-16,0.0500,7680300
A50,2024-09-23,0.0510,5737700
A50,2024-09-30,0.0500,31778500
A50,2024-10-07,0.0490,39518400
A50,2024-10-14,0.0490,9383100
A50,2024-10-21,0.0490,7392200
A50,2024-10-28,0.0480,13082700
A50,2024-11-04,0.0490,8164200
A50,2024-11-11,0.0470,4952100
A50,2024-11-18,0.0470,3852200
A50,2024-11-25,0.0470,6178400
A50,2024-12-02,0.0480,4637300
A50,2024-12-09,0.0470,4172800
A50,2024-12-16,0.0470,2888400
A50,2024-12-23,0.0470,2488700
A50,2024-12-30,0.0470,1555300
A50,2025-01-06,0.0490,5056300
A50,2025-01-13,0.0480,5232100
A50,2025-01-20,0.0490,25589400
A50,2025-01-27,0.0450,31249600
A50,2025-02-03,0.0450,9432600
A50,2025-02-10,0.0450,7123400
A50,2025-02-17,0.0440,5560700
A50,2025-02-24,0.0430,11612100
A50,2025-03-03,0.0430,10156500
A50,2025-03-10,0.0410,15713900
A50,2025-03-17,0.0460,29019500
A50,2025-03-24,0.0460,16967600
A50,2025-03-31,0.0440,6533900
A50,2025-04-07,0.0420,13399700
A50,2025-04-14,0.0410,3536800
A50,2025-04-21,0.0420,2844500
A50,2025-04-28,0.0420,4328600
A50,2025-05-05,0.0420,4973100
A50,2025-05-12,0.0410,1671200
A50,2025-05-19,0.0430,4620100
A50,2025-05-26,0.0430,4453900
A50,2025-06-02,0.0430,2409700
A50,2025-06-09,0.0430,4368200
A50,2025-06-16,0.0430,6287300
A50,2025-06-23,0.0420,2727300
A7RU,2023-07-03,0.5100,12762600
A7RU,2023-07-10,0.5150,11833700
A7RU,2023-07-17,0.5150,20701300
A7RU,2023-07-24,0.5100,42903700
A7RU,2023-07-31,0.4950,33142300
A7RU,2023-08-07,0.4950,13646400
A7RU,2023-08-14,0.4950,31614300
A7RU,2023-08-21,0.4850,56773200
A7RU,2023-08-28,0.4950,25468300
A7RU,2023-09-04,0.4900,22721300
A7RU,2023-09-11,0.4750,31095200
A7RU,2023-09-18,0.4850,16454010
A7RU,2023-09-25,0.4650,52727900
A7RU,2023-10-02,0.4700,16621600
A7RU,2023-10-09,0.4750,7576300
A7RU,2023-10-16,0.4450,35093300
A7RU,2023-10-23,0.4450,23936000
A7RU,2023-10-30,0.4850,40627700
A7RU,2023-11-06,0.4600,42623300
A7RU,2023-11-13,0.4800,20491400
A7RU,2023-11-20,0.4700,29879100
A7RU,2023-11-27,0.4700,10716300
A7RU,2023-12-04,0.4750,20470500
A7RU,2023-12-11,0.4900,24424300
A7RU,2024-01-01,0.5050,12767500
A7RU,2024-01-08,0.5050,11487300
A7RU,2024-01-15,0.5050,11225800
A7RU,2024-01-22,0.5050,10236100
A7RU,2024-01-29,0.5100,33773600
A7RU,2024-02-05,0.5050,46140900
A7RU,2024-02-12,0.5000,19691300
A7RU,2024-02-19,0.4950,20608200
A7RU,2024-02-26,0.4900,26724100
A7RU,2024-03-04,0.4900,22345700
A7RU,2024-03-11,0.4950,24788800
A7RU,2024-03-18,0.4950,18859100
A7RU,2024-03-25,0.4950,23792300
A7RU,2024-04-01,0.4950,24204100
A7RU,2024-04-08,0.4900,7190500
A7RU,2024-04-15,0.4800,30195400
A7RU,2024-04-22,0.4700,29185400
A7RU,2024-04-29,0.4650,34407300
A7RU,2024-05-06,0.4600,53620400
A7RU,2024-05-13,0.4550,61996300
A7RU,2024-05-20,0.4600,15053300
A7RU,2024-05-27,0.4550,34280700
A7RU,2024-06-03,0.4500,8039900
A7RU,2024-06-10,0.4550,11265100
A7RU,2024-06-17,0.4700,27060100
A7RU,2024-06-24,0.4700,21119261
A7RU,2024-07-01,0.4650,6453900
A7RU,2024-07-08,0.4750,10863300
A7RU,2024-07-15,0.4800,10070200
A7RU,2024-07-22,0.4750,18830100
A7RU,2024-07-29,0.4600,28939500
A7RU,2024-08-05,0.4450,43472700
A7RU,2024-08-12,0.4550,43871900
A7RU,2024-08-19,0.4650,19544900
A7RU,2024-08-26,0.4600,86863400
A7RU,2024-09-02,0.4550,46380875
A7RU,2024-09-09,0.4600,41498800
A7RU,2024-09-16,0.4650,71714200
A7RU,2024-09-23,0.4700,32101800
A7RU,2024-09-30,0.4600,55654000
A7RU,2024-10-07,0.4650,27463500
A7RU,2024-10-14,0.4700,22434500
A7RU,2024-10-21,0.4500,80319600
A7RU,2024-10-28,0.4450,47067600
A7RU,2024-11-04,0.4450,37206400
A7RU,2024-11-11,0.4400,34378900
A7RU,2024-11-18,0.4450,20726400
A7RU,2024-11-25,0.4500,37567900
A7RU,2024-12-02,0.4500,25134600
A7RU,2024-12-09,0.4450,17038700
A7RU,2024-12-16,0.4450,42450700
A7RU,2024-12-23,0.4500,23980800
A7RU,2024-12-30,0.4550,11579900
A7RU,2025-01-06,0.4500,40718400
A7RU,2025-01-13,0.4600,19822300
A7RU,2025-01-20,0.4550,14455400
A7RU,2025-01-27,0.4550,17119600
A7RU,2025-02-03,0.4500,28256100
A7RU,2025-02-10,0.4450,30819700
A7RU,2025-02-17,0.4450,17188900
A7RU,2025-02-24,0.4400,33737700
A7RU,2025-03-03,0.4250,55060000
A7RU,2025-03-10,0.4300,38740000
A7RU,2025-03-17,0.4250,33304000
A7RU,2025-03-24,0.4250,25777300
A7RU,2025-03-31,0.4250,28225500
A7RU,2025-04-07,0.3950,78984900
A7RU,2025-04-14,0.4150,19109900
A7RU,2025-04-21,0.4050,31701400
A7RU,2025-04-28,0.4050,12006600
A7RU,2025-05-05,0.3950,28692900
A7RU,2025-05-12,0.4000,36677900
A7RU,2025-05-19,0.3950,18270000
A7RU,2025-05-26,0.3900,23254100
A7RU,2025-06-02,0.3950,26279800
A7RU,2025-06-09,0.3900,19039000
A7RU,2025-06-16,0.3900,26467300
A7RU,2025-06-23,0.3950,26916375
A7RU,2025-06-30,0.4150,45583900
A7RU,2025-07-07,0.4200,20984200
A7RU,2025-07-14,0.4350,40228100
A7RU,2025-07-21,0.4400,55675600
A7RU,2025-07-28,0.4450,61583900
A7RU,2025-08-04,0.4250,59990252
A7RU,2025-08-11,0.4250,17542600
A7RU,2025-08-18,0.4350,39736100
A7RU,2025-08-25,0.4450,51915200
A7RU,2025-09-01,0.4450,16390100
A7RU,2025-09-08,0.4550,31325100
A7RU,2025-09-15,0.4550,27114300
A7RU,2025-09-22,0.4600,37715200
A7RU,2025-09-29,0.4750,36005500
A7RU,2025-10-06,0.4650,27044400
A7RU,2025-10-13,0.4600,33612296
A7RU,2025-10-20,0.4600,35128300
A7RU,2025-10-27,0.4600,36802300
A7RU,2025-11-03,0.4600,32953400
A7RU,2025-11-10,0.4650,41380217
A7RU,2025-11-17,0.4650,21175200
A7RU,2025-11-24,0.4700,37276500
A7RU,2025-12-01,0.4700,19284800
A7RU,2025-12-08,0.4750,25693200
A7RU,2025-12-15,0.4750,35511700
A7RU,2025-12-22,0.4900,43277740
A7RU,2025-12-29,0.4950,23684500
A7RU,2026-01-05,0.5050,50200800
A7RU,2026-01-12,0.5150,25201244
A7RU,2026-01-19,0.5150,34099400
A7RU,2026-01-26,0.5200,61483900
A7RU,2026-02-02,0.5350,87994600
A7RU,2026-02-09,0.5350,94800300
A7RU,2026-02-16,0.5500,45181060
A7RU,2026-02-23,0.5500,134417200
A7RU,2026-03-02,0.5150,92646600
A7RU,2026-03-09,0.5150,53453200
A7RU,2026-03-16,0.5150,32630500
A7RU,2026-03-23,0.5050,40214500
A7RU,2026-03-30,0.5150,35942800
A7RU,2026-04-06,0.5350,47358400
A7RU,2026-04-13,0.5400,24584100
A7RU,2026-04-20,0.5300,29176000
A7RU,2026-04-27,0.5400,32369200
A7RU,2026-05-04,0.5300,77211500
A7RU,2026-05-11,0.5200,33253700
A7RU,2026-05-18,0.5150,53653300
A7RU,2026-05-25,0.5300,70409300
A7RU,2026-06-01,0.5100,64529900
A7RU,2026-06-08,0.5200,24959200
A7RU,2026-06-15,0.5200,45463100
A7RU,2026-06-22,0.5450,174222871
A7RU,2026-06-29,0.5300,72208600
A7RU,2026-07-06,0.5150,109579900
AIY,2023-07-03,4.6800,1060100
AIY,2023-07-10,4.7500,1157600
AIY,2023-07-17,4.7900,1120100
AIY,2023-07-24,5.6000,3668900
AIY,2023-07-31,5.8000,3166300
AIY,2023-08-07,5.7900,1538100
AIY,2023-08-14,5.4900,1841100
AIY,2023-08-21,5.6200,2013200
AIY,2023-08-28,5.6800,1184300
AIY,2023-09-04,5.8100,1738600
AIY,2023-09-11,5.8700,2099900
AIY,2023-09-18,5.8300,1149600
AIY,2023-09-25,5.6100,924900
AIY,2023-10-02,5.7800,1240500
AIY,2023-10-09,5.8500,759400
AIY,2023-10-16,5.5800,1516600
AIY,2023-10-23,6.3100,6147500
AIY,2023-10-30,6.8400,5812200
AIY,2023-11-06,7.2100,4575500
AIY,2023-11-13,7.8400,6482200
AIY,2023-11-20,7.8100,5267800
AIY,2023-11-27,8.4700,6642900
AIY,2023-12-04,8.0600,4762000
AIY,2023-12-11,7.8100,3540800
AIY,2024-01-01,7.9500,2023900
AIY,2024-01-08,7.9500,2257300
AIY,2024-01-15,7.8500,1477400
AIY,2024-01-22,7.8400,2222900
AIY,2024-01-29,7.4500,3118300
AIY,2024-02-05,7.4900,1305100
AIY,2024-02-12,7.9400,2026900
AIY,2024-02-19,7.8500,8113700
AIY,2024-02-26,7.1400,4383200
AIY,2024-03-04,6.9800,2880600
AIY,2024-03-11,6.7800,2141669
AIY,2024-03-18,6.9400,3496800
AIY,2024-03-25,6.6600,1639200
AIY,2024-04-01,6.8100,1533600
AIY,2024-04-08,6.9800,1456400
AIY,2024-04-15,6.5800,2149000
AIY,2024-04-22,7.1000,4464800
AIY,2024-04-29,7.4600,5914200
AIY,2024-05-06,7.2400,2663300
AIY,2024-05-13,7.1500,2358700
AIY,2024-05-20,6.8800,1837600
AIY,2024-05-27,6.7700,1814000
AIY,2024-06-03,7.0000,2159300
AIY,2024-06-10,7.2000,2172600
AIY,2024-06-17,7.3600,1930500
AIY,2024-06-24,7.2000,1405700
AIY,2024-07-01,7.4300,3084100
AIY,2024-07-08,7.5800,1481200
AIY,2024-07-15,7.3500,1942000
AIY,2024-07-22,7.5000,3483900
AIY,2024-07-29,7.2500,2811900
AIY,2024-08-05,6.8800,3026200
AIY,2024-08-12,7.2900,2390600
AIY,2024-08-19,7.2200,1705500
AIY,2024-08-26,7.0700,1343600
AIY,2024-09-02,6.9500,3000700
AIY,2024-09-09,7.0300,1624400
AIY,2024-09-16,7.1300,1450300
AIY,2024-09-23,7.2400,2251900
AIY,2024-09-30,7.4900,3049600
AIY,2024-10-07,7.9600,5136100
AIY,2024-10-14,7.7500,2061300
AIY,2024-10-21,7.7500,1586900
AIY,2024-10-28,7.3400,5181200
AIY,2024-11-04,7.1000,3930900
AIY,2024-11-11,7.1300,2547900
AIY,2024-11-18,7.1300,1355400
AIY,2024-11-25,7.4400,2616700
AIY,2024-12-02,7.9000,4818800
AIY,2024-12-09,7.5700,2278100
AIY,2024-12-16,7.4100,2115700
AIY,2024-12-23,7.3800,726200
AIY,2024-12-30,7.3800,1308200
AIY,2025-01-06,7.3100,1619000
AIY,2025-01-13,7.3200,1580100
AIY,2025-01-20,7.3800,2014600
AIY,2025-01-27,7.4700,1839300
AIY,2025-02-03,7.4900,3177400
AIY,2025-02-10,7.8900,8930200
AIY,2025-02-17,8.1200,7986600
AIY,2025-02-24,8.6000,9622900
AIY,2025-03-03,7.7700,4525700
AIY,2025-03-10,7.4900,5320600
AIY,2025-03-17,7.5300,5409600
AIY,2025-03-24,7.4200,6658900
AIY,2025-03-31,6.9300,5254800
AIY,2025-04-07,6.2200,8431100
AIY,2025-04-14,6.6300,3169400
AIY,2025-04-21,7.1900,4349400
AIY,2025-04-28,6.3000,12235000
AIY,2025-05-05,6.3200,5786400
AIY,2025-05-12,6.4200,5480000
AIY,2025-05-19,6.4900,4969500
AIY,2025-05-26,6.4800,4444600
AIY,2025-06-02,6.6000,3440100
AIY,2025-06-09,6.5000,2985700
AIY,2025-06-16,6.5600,4679000
AIY,2025-06-23,6.6000,3453800
AIY,2025-06-30,6.6200,3542800
AIY,2025-07-07,6.7200,3009600
AIY,2025-07-14,7.0600,4480200
AIY,2025-07-21,7.4200,11238000
AIY,2025-07-28,9.0300,25953900
AIY,2025-08-04,9.3800,12721100
AIY,2025-08-11,9.7800,11766000
AIY,2025-08-18,8.4500,35335500
AIY,2025-08-25,8.4500,7735700
AIY,2025-09-01,8.7800,7748800
AIY,2025-09-08,8.8000,4695900
AIY,2025-09-15,9.0000,10158700
AIY,2025-09-22,8.7000,3672600
AIY,2025-09-29,9.1000,4448900
AIY,2025-10-06,9.4300,6383400
AIY,2025-10-13,8.8200,6588100
AIY,2025-10-20,9.2300,5385900
AIY,2025-10-27,9.6900,10781400
AIY,2025-11-03,9.1800,6168900
AIY,2025-11-10,9.0900,4814600
AIY,2025-11-17,8.9200,4481900
AIY,2025-11-24,8.8500,3467000
AIY,2025-12-01,9.1800,3718900
AIY,2025-12-08,9.5500,4798900
AIY,2025-12-15,9.2500,3922100
AIY,2025-12-22,9.4700,2334800
AIY,2025-12-29,9.5200,1438100
AIY,2026-01-05,9.5200,5467400
AIY,2026-01-12,10.1700,7885500
AIY,2026-01-19,10.3700,5935600
AIY,2026-01-26,10.5400,11152600
AIY,2026-02-02,9.6400,10036200
AIY,2026-02-09,9.3900,17643700
AIY,2026-02-16,9.3400,7610900
AIY,2026-02-23,9.2900,11648200
AIY,2026-03-02,8.9300,12670800
AIY,2026-03-09,8.5300,8499800
AIY,2026-03-16,8.7900,6121300
AIY,2026-03-23,9.2200,8075300
AIY,2026-03-30,8.8600,7242200
AIY,2026-04-06,9.3900,7372400
AIY,2026-04-13,9.8400,9350300
AIY,2026-04-20,9.0000,11196700
AIY,2026-04-27,8.7300,5358700
AIY,2026-05-04,8.7600,6530700
AIY,2026-05-11,8.6300,3755900
AIY,2026-05-18,8.7700,3997500
AIY,2026-05-25,9.1400,4431000
AIY,2026-06-01,8.9000,2156800
AIY,2026-06-08,8.7600,2662100
AIY,2026-06-15,9.1100,4381200
AIY,2026-06-22,8.8900,5107000
AIY,2026-06-29,8.9700,3276500
AIY,2026-07-06,9.0700,6417000
AIY,2026-07-13,9.5700,9042400
AIY,2026-07-20,9.2800,7712000
AIY,2026-07-27,9.0900,11072000
AIY,2026-08-03,8.8900,6495900
AJBU,2023-07-03,2.1400,14087600
AJBU,2023-07-10,2.2300,16487900
AJBU,2023-07-17,2.2900,18676000
AJBU,2023-07-24,2.2500,19079000
AJBU,2023-07-31,2.1300,18692800
AJBU,2023-08-07,2.1300,8124300
AJBU,2023-08-14,2.1000,10904900
AJBU,2023-08-21,2.1500,15789100
AJBU,2023-08-28,2.2000,17538000
AJBU,2023-09-04,2.1800,12089200
AJBU,2023-09-11,2.2000,9663300
AJBU,2023-09-18,2.1600,10349100
AJBU,2023-09-25,2.0800,19014000
AJBU,2023-10-02,2.0500,21128600
AJBU,2023-10-09,2.0300,16429100
AJBU,2023-10-16,1.7200,85839600
AJBU,2023-10-23,1.7000,50083300
AJBU,2023-10-30,1.8100,48294765
AJBU,2023-11-06,1.7800,43497001
AJBU,2023-11-13,1.8700,25735800
AJBU,2023-11-20,1.9000,21722100
AJBU,2023-11-27,1.9200,32052400
AJBU,2023-12-04,1.9700,24985844
AJBU,2023-12-11,1.8900,63479200
AJBU,2024-01-01,1.8400,23965000
AJBU,2024-01-08,1.8400,34074500
AJBU,2024-01-15,1.7900,41547300
AJBU,2024-01-22,1.7600,39272100
AJBU,2024-01-29,1.6600,75434100
AJBU,2024-02-05,1.7100,77686100
AJBU,2024-02-12,1.7700,55991700
AJBU,2024-02-19,1.7600,36340200
AJBU,2024-02-26,1.6900,26615100
AJBU,2024-03-04,1.7000,26828400
AJBU,2024-03-11,1.6800,22937400
AJBU,2024-03-18,1.7100,20932700
AJBU,2024-03-25,1.7300,18274500
AJBU,2024-04-01,1.7300,17321500
AJBU,2024-04-08,1.7100,11736900
AJBU,2024-04-15,1.6400,21899600
AJBU,2024-04-22,1.7000,19720000
AJBU,2024-04-29,1.6800,13510300
AJBU,2024-05-06,1.7600,26565700
AJBU,2024-05-13,1.8000,21878700
AJBU,2024-05-20,1.8200,17910300
AJBU,2024-05-27,1.8000,22800600
AJBU,2024-06-03,1.7900,17713600
AJBU,2024-06-10,1.7900,13736600
AJBU,2024-06-17,1.7700,18389400
AJBU,2024-06-24,1.8000,18240572
AJBU,2024-07-01,1.8100,19823300
AJBU,2024-07-08,1.9900,45803900
AJBU,2024-07-15,1.9400,25791200
AJBU,2024-07-22,1.9000,11264400
AJBU,2024-07-29,2.0500,52436400
AJBU,2024-08-05,2.0400,30522500
AJBU,2024-08-12,2.0400,31939200
AJBU,2024-08-19,2.1000,32654500
AJBU,2024-08-26,2.1300,25917500
AJBU,2024-09-02,2.1900,28140000
AJBU,2024-09-09,2.2000,17340400
AJBU,2024-09-16,2.1800,35224200
AJBU,2024-09-23,2.1900,22902300
AJBU,2024-09-30,2.1700,28057200
AJBU,2024-10-07,2.2400,23881100
AJBU,2024-10-14,2.2500,30221200
AJBU,2024-10-21,2.3600,43397900
AJBU,2024-10-28,2.2700,34139900
AJBU,2024-11-04,2.1600,38108800
AJBU,2024-11-11,2.2000,28532300
AJBU,2024-11-18,2.1941,58041927
AJBU,2024-11-25,2.2200,102032248
AJBU,2024-12-02,2.2000,51183234
AJBU,2024-12-09,2.2100,36787200
AJBU,2024-12-16,2.1200,43767404
AJBU,2024-12-23,2.1800,12434900
AJBU,2024-12-30,2.2300,10304700
AJBU,2025-01-06,2.2500,26964400
AJBU,2025-01-13,2.2100,32468600
AJBU,2025-01-20,2.2700,40444802
AJBU,2025-01-27,2.2000,76652200
AJBU,2025-02-03,2.1900,39565100
AJBU,2025-02-10,2.1000,53940762
AJBU,2025-02-17,2.1400,37450600
AJBU,2025-02-24,2.0700,59268800
AJBU,2025-03-03,2.0600,28632200
AJBU,2025-03-10,2.1900,75223116
AJBU,2025-03-17,2.1700,35188600
AJBU,2025-03-24,2.1500,39070000
AJBU,2025-03-31,2.1400,28066700
AJBU,2025-04-07,1.9400,87282500
AJBU,2025-04-14,2.0300,32436500
AJBU,2025-04-21,2.0800,21607600
AJBU,2025-04-28,2.1900,31862100
AJBU,2025-05-05,2.1900,31341700
AJBU,2025-05-12,2.1400,25368500
AJBU,2025-05-19,2.1800,27448335
AJBU,2025-05-26,2.1900,27308900
AJBU,2025-06-02,2.2400,29596400
AJBU,2025-06-09,2.2800,45659300
AJBU,2025-06-16,2.3100,73525800
AJBU,2025-06-23,2.3300,46165200
AJBU,2025-06-30,2.3000,43542352
AJBU,2025-07-07,2.1900,64516800
AJBU,2025-07-14,2.2800,60127800
AJBU,2025-07-21,2.3200,69938100
AJBU,2025-07-28,2.2900,53628860
AJBU,2025-08-04,2.3100,29027200
AJBU,2025-08-11,2.3100,25715600
AJBU,2025-08-18,2.3100,22380900
AJBU,2025-08-25,2.3600,26218700
AJBU,2025-09-01,2.3300,29539900
AJBU,2025-09-08,2.3600,35622900
AJBU,2025-09-15,2.3600,48031815
AJBU,2025-09-22,2.3604,36289145
AJBU,2025-09-29,2.4000,32180300
AJBU,2025-10-06,2.3900,28103000
AJBU,2025-10-13,2.3500,35066200
AJBU,2025-10-20,2.4000,26715072
AJBU,2025-10-27,2.3900,33620700
AJBU,2025-11-03,2.4000,38902900
AJBU,2025-11-10,2.3700,39421900
AJBU,2025-11-17,2.3100,40493800
AJBU,2025-11-24,2.3100,34773000
AJBU,2025-12-01,2.2500,33661700
AJBU,2025-12-08,2.2500,24232900
AJBU,2025-12-15,2.1900,62733400
AJBU,2025-12-22,2.2100,29420600
AJBU,2025-12-29,2.2400,17376900
AJBU,2026-01-05,2.2200,61725444
AJBU,2026-01-12,2.2400,40983892
AJBU,2026-01-19,2.2200,67409267
AJBU,2026-01-26,2.2800,76061800
AJBU,2026-02-02,2.2300,66844900
AJBU,2026-02-09,2.2500,63065300
AJBU,2026-02-16,2.2700,25091800
AJBU,2026-02-23,2.3100,55486400
AJBU,2026-03-02,2.3000,69382700
AJBU,2026-03-09,2.2500,64324995
AJBU,2026-03-16,2.3100,45245400
AJBU,2026-03-23,2.1800,72104900
AJBU,2026-03-30,2.2200,35742900
AJBU,2026-04-06,2.3100,41339900
AJBU,2026-04-13,2.3500,64007580
AJBU,2026-04-20,2.3700,69423464
AJBU,2026-04-27,2.3500,39027500
AJBU,2026-05-04,2.3200,62050000
AJBU,2026-05-11,2.2900,39445900
AJBU,2026-05-18,2.2900,34288900
AJBU,2026-05-25,2.3100,38355800
AJBU,2026-06-01,2.2900,36573800
AJBU,2026-06-08,2.2900,35404800
AJBU,2026-06-15,2.2500,60634100
AJBU,2026-06-22,2.2500,50417950
AJBU,2026-06-29,2.2500,50501744
AJBU,2026-07-06,2.2400,75023132
AJBU,2026-07-13,2.3200,75357300
AJBU,2026-07-20,2.2500,66025900
AJBU,2026-07-27,2.2300,90370200
AJBU,2026-08-03,2.2000,104732900
AJBU,2026-08-17,2.2600,73076600
AP4,2023-07-03,0.6350,11085600
AP4,2023-07-10,0.6400,19637800
AP4,2023-07-17,0.6200,14418400
AP4,2023-07-24,0.6250,2139700
AP4,2023-07-31,0.6300,2241300
AP4,2023-08-07,0.6350,4248100
AP4,2023-08-14,0.6350,3167300
AP4,2023-08-21,0.6250,1491200
AP4,2023-08-28,0.6300,3450800
AP4,2023-09-04,0.6300,5041712
AP4,2023-09-11,0.6050,5747300
AP4,2023-09-18,0.5950,5462400
AP4,2023-09-25,0.6000,4258500
AP4,2023-10-02,0.6000,4045100
AP4,2023-10-09,0.6050,1700500
AP4,2023-10-16,0.6050,1736800
AP4,2023-10-23,0.5750,4563600
AP4,2023-10-30,0.5900,3383800
AP4,2023-11-06,0.6400,12240500
AP4,2023-11-13,0.6400,12943100
AP4,2023-11-20,0.6200,2602400
AP4,2023-11-27,0.6250,4449200
AP4,2023-12-04,0.6150,4375700
AP4,2023-12-11,0.6850,17002700
AP4,2024-01-01,0.7100,6334400
AP4,2024-01-08,0.7100,5486500
AP4,2024-01-15,0.6500,5761000
AP4,2024-01-22,0.7050,9315700
AP4,2024-01-29,0.7100,7381000
AP4,2024-02-05,0.7250,14647500
AP4,2024-02-12,0.7300,9289200
AP4,2024-02-19,0.7450,15942500
AP4,2024-02-26,0.6850,18480500
AP4,2024-03-04,0.6950,25810700
AP4,2024-03-11,0.6750,58005400
AP4,2024-03-18,0.8200,47802600
AP4,2024-03-25,0.8500,13086700
AP4,2024-04-01,0.8000,12146300
AP4,2024-04-08,0.7600,8543400
AP4,2024-04-15,0.7900,14833300
AP4,2024-04-22,0.7950,8703000
AP4,2024-04-29,0.7750,10449800
AP4,2024-05-06,0.8900,29213900
AP4,2024-05-13,0.9300,37246200
AP4,2024-05-20,0.8950,11570300
AP4,2024-05-27,0.9100,14433700
AP4,2024-06-03,0.9450,16541100
AP4,2024-06-10,0.9400,11404500
AP4,2024-06-17,1.0100,17253200
AP4,2024-06-24,0.9700,12224900
AP4,2024-07-01,0.9850,8522700
AP4,2024-07-08,0.9950,7967700
AP4,2024-07-15,0.9800,11484200
AP4,2024-07-22,0.9750,13433400
AP4,2024-07-29,0.9100,12729000
AP4,2024-08-05,0.9200,19173900
AP4,2024-08-12,0.9150,14757700
AP4,2024-08-19,0.9200,13243900
AP4,2024-08-26,0.8950,15921700
AP4,2024-09-02,0.8850,9655000
AP4,2024-09-09,0.8700,13969600
AP4,2024-09-16,0.9050,21197000
AP4,2024-09-23,0.8950,12061300
AP4,2024-09-30,0.8950,10263200
AP4,2024-10-07,0.8850,12754800
AP4,2024-10-14,0.9000,7061700
AP4,2024-10-21,0.8950,9846300
AP4,2024-10-28,0.9050,7057400
AP4,2024-11-04,0.9100,2619100
AP4,2024-11-11,1.0100,27110300
AP4,2024-11-18,1.0400,27699300
AP4,2024-11-25,1.0400,16309600
AP4,2024-12-02,1.0800,17876000
AP4,2024-12-09,1.0400,9380000
AP4,2024-12-16,1.0900,14261100
AP4,2024-12-23,1.0700,3147700
AP4,2024-12-30,1.0800,2910400
AP4,2025-01-06,1.0600,5741600
AP4,2025-01-13,1.0200,6034200
AP4,2025-01-20,1.0200,4599400
AP4,2025-01-27,1.0200,3056300
AP4,2025-02-03,1.0500,8207300
AP4,2025-02-10,1.0200,16957700
AP4,2025-02-17,1.0000,18159400
AP4,2025-02-24,1.0100,20550600
AP4,2025-03-03,0.9850,12807500
AP4,2025-03-10,0.9400,14370535
AP4,2025-03-17,0.9250,11641000
AP4,2025-03-24,0.9300,11966700
AP4,2025-03-31,0.9050,11294500
AP4,2025-04-07,0.8800,25126100
AP4,2025-04-14,0.8900,6933100
AP4,2025-04-21,0.8850,11055500
AP4,2025-04-28,0.9050,11506400
AP4,2025-05-05,0.7650,33919600
AP4,2025-05-12,0.7400,37552400
AP4,2025-05-19,0.6850,38592300
AP4,2025-05-26,0.6850,29100600
AP4,2025-06-02,0.6800,18614500
AP4,2025-06-09,0.6850,27209800
AP4,2025-06-16,0.6550,20624600
AP4,2025-06-23,0.6700,17894900
AP4,2025-06-30,0.6700,10357500
AP4,2025-07-07,0.6650,15611600
AP4,2025-07-14,0.7000,21369400
AP4,2025-07-21,0.6900,26078500
AP4,2025-07-28,0.6950,38583200
AP4,2025-08-04,0.6900,47955200
AP4,2025-08-11,0.7000,39690300
AP4,2025-08-18,0.7050,15817300
AP4,2025-08-25,0.7200,17397900
AP4,2025-09-01,0.7750,40974800
AP4,2025-09-08,0.7850,18580100
AP4,2025-09-15,0.7700,13831800
AP4,2025-09-22,0.7250,16291700
AP4,2025-09-29,0.7500,13627900
AP4,2025-10-06,0.8100,49549500
AP4,2025-10-13,0.8050,31340500
AP4,2025-10-20,0.8550,17166300
AP4,2025-10-27,0.9000,16807800
AP4,2025-11-03,0.8700,23735900
AP4,2025-11-10,0.8450,31696600
AP4,2025-11-17,0.8350,11021700
AP4,2025-11-24,0.8250,6238400
AP4,2025-12-01,0.8550,9249700
AP4,2025-12-08,0.8450,8194600
AP4,2025-12-15,0.8550,9090600
AP4,2025-12-22,0.8800,12974400
AP4,2025-12-29,0.9000,7536600
AP4,2026-01-05,0.8750,6502100
AP4,2026-01-12,0.9000,7106700
AP4,2026-01-19,0.9100,8642900
AP4,2026-01-26,0.7650,46923200
AP4,2026-02-02,0.7500,21969400
AP4,2026-02-09,0.7600,12817600
AP4,2026-02-16,0.7900,16996400
AP4,2026-02-23,0.7700,16992600
AP4,2026-03-02,0.7300,12385900
AP4,2026-03-09,0.7450,13679100
AP4,2026-03-16,0.7000,16077622
AP4,2026-03-23,0.6750,15036800
AP4,2026-03-30,0.6950,13243300
AP4,2026-04-06,0.7850,29947700
AP4,2026-04-13,0.7750,21409600
AP4,2026-04-20,0.7550,11168700
AP4,2026-04-27,0.7450,9337400
AP4,2026-05-04,0.7650,15909800
AP4,2026-05-11,0.9100,84764200
AP4,2026-05-18,0.9400,22838300
AP4,2026-05-25,0.9300,26757600
AP4,2026-06-01,0.8700,13987600
AP4,2026-06-08,0.8650,8739900
AP4,2026-06-15,0.8400,12186000
AP4,2026-06-22,0.8300,8762900
AP4,2026-06-29,0.8500,5554400
AU8U,2023-07-03,0.9950,8719900
AU8U,2023-07-10,1.0300,26737400
AU8U,2023-07-17,1.0300,6736900
AU8U,2023-07-24,1.0400,7452100
AU8U,2023-07-31,0.9800,16060200
AU8U,2023-08-07,0.9750,10658100
AU8U,2023-08-14,0.9350,21353300
AU8U,2023-08-21,0.9200,24995800
AU8U,2023-08-28,0.9050,20604400
AU8U,2023-09-04,0.9050,6179700
AU8U,2023-09-11,0.9100,10055100
AU8U,2023-09-18,0.8900,13340200
AU8U,2023-09-25,0.8850,7084400
AU8U,2023-10-02,0.8550,8761900
AU8U,2023-10-09,0.8750,6905700
AU8U,2023-10-16,0.8250,15975400
AU8U,2023-10-23,0.8100,13675200
AU8U,2023-10-30,0.8150,24008400
AU8U,2023-11-06,0.7750,32351900
AU8U,2023-11-13,0.8150,18609800
AU8U,2023-11-20,0.8250,10839600
AU8U,2023-11-27,0.8200,8478100
AU8U,2023-12-04,0.8650,16675800
AU8U,2023-12-11,0.8850,16636400
AU8U,2024-01-01,0.9200,4815300
AU8U,2024-01-08,0.8950,12810600
AU8U,2024-01-15,0.8500,17122000
AU8U,2024-01-22,0.8200,28491100
AU8U,2024-01-29,0.8250,15939300
AU8U,2024-02-05,0.7650,24838000
AU8U,2024-02-12,0.7700,20450700
AU8U,2024-02-19,0.7700,11542500
AU8U,2024-02-26,0.7400,20786784
AU8U,2024-03-04,0.7250,12861800
AU8U,2024-03-11,0.7300,10529500
AU8U,2024-03-18,0.7350,6444700
AU8U,2024-03-25,0.7350,8857800
AU8U,2024-04-01,0.7500,7540100
AU8U,2024-04-08,0.7500,6039800
AU8U,2024-04-15,0.6800,23309100
AU8U,2024-04-22,0.6700,27116800
AU8U,2024-04-29,0.6700,16141300
AU8U,2024-05-06,0.6850,18996800
AU8U,2024-05-13,0.6850,19857500
AU8U,2024-05-20,0.6750,14247500
AU8U,2024-05-27,0.6700,17789200
AU8U,2024-06-03,0.6650,12999200
AU8U,2024-06-10,0.6550,15331800
AU8U,2024-06-17,0.6700,13579100
AU8U,2024-06-24,0.6700,11152100
AU8U,2024-07-01,0.6650,6560000
AU8U,2024-07-08,0.7050,15520500
AU8U,2024-07-15,0.6850,13618300
AU8U,2024-07-22,0.6800,13281900
AU8U,2024-07-29,0.6950,15115700
AU8U,2024-08-05,0.6350,23239400
AU8U,2024-08-12,0.6500,8710100
AU8U,2024-08-19,0.6750,9437900
AU8U,2024-08-26,0.6950,14364300
AU8U,2024-09-02,0.7400,11989600
AU8U,2024-09-09,0.7250,9519400
AU8U,2024-09-16,0.7500,17152500
AU8U,2024-09-23,0.8550,50301700
AU8U,2024-09-30,0.8700,46750900
AU8U,2024-10-07,0.8000,29972900
AU8U,2024-10-14,0.8000,20109100
AU8U,2024-10-21,0.7600,26742100
AU8U,2024-10-28,0.7550,10397800
AU8U,2024-11-04,0.7300,16640500
AU8U,2024-11-11,0.7250,8128900
AU8U,2024-11-18,0.7100,11900425
AU8U,2024-11-25,0.7150,9884200
AU8U,2024-12-02,0.7150,7285900
AU8U,2024-12-09,0.7100,10816400
AU8U,2024-12-16,0.7000,13021300
AU8U,2024-12-23,0.7200,3942800
AU8U,2024-12-30,0.7400,4557500
AU8U,2025-01-06,0.7300,4265300
AU8U,2025-01-13,0.7200,4833100
AU8U,2025-01-20,0.7300,6973700
AU8U,2025-01-27,0.7350,3426600
AU8U,2025-02-03,0.7300,9112600
AU8U,2025-02-10,0.6850,12494700
AU8U,2025-02-17,0.6700,11564200
AU8U,2025-02-24,0.6650,12206800
AU8U,2025-03-03,0.6650,8819200
AU8U,2025-03-10,0.7100,18638600
AU8U,2025-03-17,0.7000,21923200
AU8U,2025-03-24,0.7050,9464200
AU8U,2025-03-31,0.6900,11382800
AU8U,2025-04-07,0.6050,37217700
AU8U,2025-04-14,0.6450,16905900
AU8U,2025-04-21,0.6800,21708800
AU8U,2025-04-28,0.6850,4830300
AU8U,2025-05-05,0.6900,5278200
AU8U,2025-05-12,0.6850,5711300
AU8U,2025-05-19,0.6800,7845900
AU8U,2025-05-26,0.6900,8192500
AU8U,2025-06-02,0.6850,8653100
AU8U,2025-06-09,0.6850,7337500
AU8U,2025-06-16,0.6700,13689100
AU8U,2025-06-23,0.7000,9837600
AWX,2023-07-03,3.7030,6426428
AWX,2023-07-10,3.8416,4385117
AWX,2023-07-17,3.8812,5321084
AWX,2023-07-24,3.8218,12696508
AWX,2023-07-31,3.6634,7807704
AWX,2023-08-07,3.3861,12577934
AWX,2023-08-14,3.1683,17050618
AWX,2023-08-21,3.3960,12074752
AWX,2023-08-28,3.4851,5773261
AWX,2023-09-04,3.3663,4076663
AWX,2023-09-11,3.3861,6413702
AWX,2023-09-18,3.3168,4823659
AWX,2023-09-25,3.4059,5811641
AWX,2023-10-02,3.3465,3072117
AWX,2023-10-09,3.6535,8611664
AWX,2023-10-16,3.4851,5422791
AWX,2023-10-23,3.4158,7222106
AWX,2023-10-30,3.5149,7301088
AWX,2023-11-06,3.3069,9458549
AWX,2023-11-13,3.2574,9969508
AWX,2023-11-20,3.3564,10625604
AWX,2023-11-27,3.2673,7261597
AWX,2023-12-04,3.2673,5772958
AWX,2023-12-11,3.3663,7650649
AWX,2024-01-01,3.3267,3168673
AWX,2024-01-08,3.3663,2604588
AWX,2024-01-15,2.8713,27359183
AWX,2024-01-22,2.7723,14193227
AWX,2024-01-29,2.5941,10316544
AWX,2024-02-05,2.5545,6123327
AWX,2024-02-12,2.7327,7873051
AWX,2024-02-19,2.7327,9181809
AWX,2024-02-26,2.2178,22508153
AWX,2024-03-04,2.3069,13288166
AWX,2024-03-11,2.2079,7550457
AWX,2024-03-18,2.1980,8182515
AWX,2024-03-25,2.1683,5059191
AWX,2024-04-01,2.3663,21560066
AWX,2024-04-08,2.4554,8932541
AWX,2024-04-15,2.2673,8495918
AWX,2024-04-22,2.3465,7751043
AWX,2024-04-29,2.3366,9146560
AWX,2024-05-06,1.9505,21025675
AWX,2024-05-13,1.8218,18887707
AWX,2024-05-20,1.8812,10439663
AWX,2024-05-27,1.8300,15544300
AWX,2024-06-03,1.9700,11147100
AWX,2024-06-10,1.9200,9111300
AWX,2024-06-17,1.8900,5848600
AWX,2024-06-24,1.8000,10937800
AWX,2024-07-01,1.8100,5118900
AWX,2024-07-08,1.8800,8912300
AWX,2024-07-15,1.8000,10619100
AWX,2024-07-22,1.7100,10209900
AWX,2024-07-29,1.5500,10760800
AWX,2024-08-05,1.4500,16401118
AWX,2024-08-12,1.2200,25777100
AWX,2024-08-19,1.2700,25596400
AWX,2024-08-26,1.2700,10892300
AWX,2024-09-02,1.2400,16962899
AWX,2024-09-09,1.2700,11179800
AWX,2024-09-16,1.3400,19044900
AWX,2024-09-23,1.3800,20930200
AWX,2024-09-30,1.4400,17263700
AWX,2024-10-07,1.3300,16872500
AWX,2024-10-14,1.3500,8509400
AWX,2024-10-21,1.3300,4691000
AWX,2024-10-28,1.2800,7453100
AWX,2024-11-04,1.3100,19007400
AWX,2024-11-11,1.3900,21557800
AWX,2024-11-18,1.3800,12916300
AWX,2024-11-25,1.3200,22079011
AWX,2024-12-02,1.3900,13524200
AWX,2024-12-09,1.3700,12892400
AWX,2024-12-16,1.2900,19092100
AWX,2024-12-23,1.3800,17292200
AWX,2024-12-30,1.5400,17471900
AWX,2025-01-06,1.6200,35674000
AWX,2025-01-13,1.5600,18910100
AWX,2025-01-20,1.5300,15240700
AWX,2025-01-27,1.4900,13141100
AWX,2025-02-03,1.4600,15025900
AWX,2025-02-10,1.4600,14266300
AWX,2025-02-17,1.5100,26665700
AWX,2025-02-24,1.3200,20746900
AWX,2025-03-03,1.3000,14596600
AWX,2025-03-10,1.3600,13444100
AWX,2025-03-17,1.3300,7316200
AWX,2025-03-24,1.3200,6694900
AWX,2025-03-31,1.2400,9869000
AWX,2025-04-07,1.0500,19586800
AWX,2025-04-14,1.0900,7944700
AWX,2025-04-21,1.2200,10512700
AWX,2025-04-28,1.1900,4289300
AWX,2025-05-05,1.1600,8637500
AWX,2025-05-12,1.2400,14382100
AWX,2025-05-19,1.2300,6655800
AWX,2025-05-26,1.2400,5394000
AWX,2025-06-02,1.2700,7941300
AWX,2025-06-09,1.2600,7441400
AWX,2025-06-16,1.2300,5951700
AWX,2025-06-23,1.5200,33618900
AWX,2025-06-30,1.4500,15552400
AWX,2025-07-07,1.4500,17313700
AWX,2025-07-14,1.5400,25694500
AWX,2025-07-21,1.7200,30812500
AWX,2025-07-28,1.6000,24586500
AWX,2025-08-04,1.5200,21088300
AWX,2025-08-11,1.4500,25637500
AWX,2025-08-18,1.4700,14543000
AWX,2025-08-25,1.5300,8460800
AWX,2025-09-01,1.5400,7048500
AWX,2025-09-08,1.5600,8839800
AWX,2025-09-15,1.8500,39236700
AWX,2025-09-22,1.8100,38056300
AWX,2025-09-29,2.0400,33567500
AWX,2025-10-06,1.8600,44410000
AWX,2025-10-13,1.7100,25601700
AWX,2025-10-20,1.8400,14145000
AWX,2025-10-27,1.9000,23131300
AWX,2025-11-03,1.8300,13030200
AWX,2025-11-10,1.8100,13253000
AWX,2025-11-17,1.6600,17066500
AWX,2025-11-24,1.6900,6846000
AWX,2025-12-01,1.6700,6782400
AWX,2025-12-08,1.6500,8343900
AWX,2025-12-15,1.6200,9301700
AWX,2025-12-22,1.7300,6419800
AWX,2025-12-29,1.7400,3812200
AWX,2026-01-05,1.7300,9393100
AWX,2026-01-12,1.8900,21419100
AWX,2026-01-19,1.8500,11627100
AWX,2026-01-26,1.9300,22310300
AWX,2026-02-02,1.8100,11858600
AWX,2026-02-09,2.0100,27482300
AWX,2026-02-16,2.0200,4238200
AWX,2026-02-23,2.9000,55498800
AWX,2026-03-02,3.2500,80306000
AWX,2026-03-09,3.3400,35409200
AWX,2026-03-16,4.1000,36686100
AWX,2026-03-23,4.5500,47623900
AWX,2026-03-30,4.1600,24832900
AWX,2026-04-06,4.8200,32110400
AWX,2026-04-13,5.0800,26753800
AWX,2026-04-20,6.0600,35064100
AWX,2026-04-27,7.3500,41107600
AWX,2026-05-04,7.3800,25381000
AWX,2026-05-11,9.2500,53009800
AWX,2026-05-18,9.5600,35405000
AWX,2026-05-25,10.4000,37485900
AWX,2026-06-01,9.5700,31518500
AWX,2026-06-08,9.9900,37108500
AWX,2026-06-15,10.7000,22567600
AWX,2026-06-22,9.8200,29447300
AWX,2026-06-29,10.2000,29231800
AWX,2026-07-06,9.5500,22444000
AWX,2026-07-13,8.6400,25389800
AWX,2026-07-27,8.2400,35789200
AWX,2026-08-03,9.1500,19555000
AWX,2026-08-10,10.4600,34990600
AWX,2026-08-17,9.3600,20060200
AWX,2026-08-24,8.8500,17559300
BEI,2025-06-30,0.9900,12100
BEI,2025-07-07,1.0500,84100
BEI,2025-07-14,1.0100,10900
BEI,2025-07-21,0.9850,38000
BEI,2025-07-28,0.9700,6500
BEI,2025-08-04,0.9800,20100
BEI,2025-08-11,0.9700,13100
BEI,2025-08-18,0.9500,5000
BEI,2025-08-25,0.9550,9900532
BEI,2025-09-01,0.9250,42700
BEI,2025-09-08,0.9500,41600
BEI,2025-09-15,0.9700,29200
BEI,2025-09-22,0.9600,30400
BEI,2025-09-29,0.9550,19600
BEI,2025-10-06,0.9300,200
BEI,2025-10-13,0.9250,13300
BEI,2025-10-20,0.9150,4300
BEI,2025-10-27,0.9800,30100
BEI,2025-11-03,0.9400,34300
BEI,2025-11-10,0.9350,2000
BEI,2025-11-17,0.8900,28000
BEI,2025-11-24,0.9800,500
BEI,2025-12-01,0.9200,12900
BEI,2025-12-08,0.8750,6400
BEI,2025-12-15,0.8850,14200
BEI,2025-12-22,0.9050,500
BEI,2025-12-29,0.8700,38000
BEI,2026-01-05,0.9150,37200
BEI,2026-01-12,0.8850,29800
BEI,2026-01-19,0.8800,6700
BEI,2026-01-26,0.9750,61000
BEI,2026-02-02,0.9050,13200
BEI,2026-02-09,0.9300,6600
BEI,2026-02-16,0.9300,0
BEI,2026-02-23,1.0500,421500
BEI,2026-03-02,1.1100,348100
BEI,2026-03-09,1.1200,113200
BEI,2026-03-16,1.1100,43800
BEI,2026-03-23,1.1000,49000
BEI,2026-03-30,1.1000,76100
BEI,2026-04-06,1.1000,117800
BEI,2026-04-13,1.1000,209100
BEI,2026-04-20,1.1100,424700
BEI,2026-04-27,1.1200,268600
BEI,2026-05-04,0.9100,588500
BEI,2026-05-11,0.8800,26900
BEI,2026-05-18,0.8350,61600
BEI,2026-05-25,0.8300,16700
BEI,2026-06-01,0.8500,26500
BEI,2026-06-08,0.8050,20700
BEI,2026-06-15,0.8050,16000
BEI,2026-06-22,0.8050,45800
BEI,2026-06-29,0.8000,31000
BKW,2023-07-03,0.0950,19799233
BKW,2023-07-10,0.0950,57300
BKW,2023-07-17,0.0940,33300
BKW,2023-07-24,0.0880,13500
BKW,2023-07-31,0.0920,60500
BKW,2023-08-07,0.0920,0
BKW,2023-08-14,0.0880,182700
BKW,2023-08-21,0.0880,27000
BKW,2023-08-28,0.0900,19000
BKW,2023-09-04,0.0870,25600
BKW,2023-09-11,0.0970,10000
BKW,2023-09-18,0.0880,273000
BKW,2023-09-25,0.0900,9700
BKW,2023-10-02,0.0840,13500
BKW,2023-10-09,0.0710,100000
BKW,2023-10-16,0.0840,196000
BKW,2023-10-23,0.0800,24300
BKW,2023-10-30,0.0800,0
BKW,2023-11-06,0.0880,16300
BKW,2023-11-13,0.0910,21100
BKW,2023-11-20,0.0880,248000
BKW,2023-11-27,0.0890,5500
BKW,2023-12-04,0.0970,97900
BKW,2023-12-11,0.0930,22300
BKW,2024-01-01,0.0930,77600
BKW,2024-01-08,0.0930,23000
BKW,2024-01-15,0.1000,269300
BKW,2024-01-22,0.1390,199400
BKW,2024-01-29,0.1050,182000
BKW,2024-02-05,0.1010,1900
BKW,2024-02-12,0.1010,0
BKW,2024-02-19,0.0920,6600
BKW,2024-02-26,0.0870,5200
BKW,2024-03-04,0.0880,42000
BKW,2024-03-11,0.1160,193000
BKW,2024-03-18,0.1100,443200
BKW,2024-03-25,0.1150,71200
BKW,2024-04-01,0.1110,554800
BKW,2024-04-08,0.1030,25100
BKW,2024-04-15,0.1020,1300
BKW,2024-04-22,0.1020,10700
BKW,2024-04-29,0.1010,19300
BKW,2024-05-06,0.0900,61200
BKW,2024-05-13,0.0990,33800
BKW,2024-05-20,0.0900,37200
BKW,2024-05-27,0.0980,81500
BKW,2024-06-03,0.0980,160500
BKW,2024-06-10,0.0950,8500
BKW,2024-06-17,0.0990,9400
BKW,2024-06-24,0.0940,53300
BKW,2024-07-01,0.0930,58200
BKW,2024-07-08,0.0980,54900
BKW,2024-07-15,0.0950,24300
BKW,2024-07-22,0.1000,371800
BKW,2024-07-29,0.1000,148600
BKW,2024-08-05,0.1000,0
BKW,2024-08-12,0.1000,14500
BKW,2024-08-19,0.1050,28500
BKW,2024-08-26,0.1050,42100
BKW,2024-09-02,0.1050,45600
BKW,2024-09-09,0.1010,64600
BKW,2024-09-16,0.1070,46800
BKW,2024-09-23,0.1080,13800
BKW,2024-09-30,0.1080,365900
BKW,2024-10-07,0.1080,0
BKW,2024-10-14,0.1220,142900
BKW,2024-10-21,0.1100,138800
BKW,2024-10-28,0.1250,15100
BKW,2024-11-04,0.1250,55200
BKW,2024-11-11,0.1250,14100
BKW,2024-11-18,0.1110,1600
BKW,2024-11-25,0.1250,40600
BKW,2024-12-02,0.1280,1000
BKW,2024-12-09,0.1320,153900
BKW,2024-12-16,0.1300,84600
BKW,2024-12-23,0.1370,8100
BKW,2024-12-30,0.1370,3300
BKW,2025-01-06,0.1370,10200
BKW,2025-01-13,0.1370,26200
BKW,2025-01-20,0.1400,5900
BKW,2025-01-27,0.1210,13300
BKW,2025-02-03,0.1390,33800
BKW,2025-02-10,0.1280,3200
BKW,2025-02-17,0.1400,140400
BKW,2025-02-24,0.1400,0
BKW,2025-03-03,0.1500,60900
BKW,2025-03-10,0.1500,20000
BKW,2025-03-17,0.1400,7600
BKW,2025-03-24,0.1400,51900
BKW,2025-03-31,0.1400,1300
BKW,2025-04-07,0.1400,231000
BKW,2025-04-14,0.1400,500
BKW,2025-04-21,0.1400,89800
BKW,2025-04-28,0.1400,92700
BKW,2025-05-05,0.1400,22700
BKW,2025-05-12,0.1410,35000
BKW,2025-05-19,0.1410,73000
BKW,2025-05-26,0.1410,10300
BKW,2025-06-02,0.1410,33200
BKW,2025-06-09,0.1420,46700
BKW,2025-06-16,0.1420,53600
BKW,2025-06-23,0.1450,2000
BN4,2023-07-03,6.2885,17459670
BN4,2023-07-10,6.6492,18253548
BN4,2023-07-17,6.6200,15521336
BN4,2023-07-24,7.0197,28680220
BN4,2023-07-31,7.0587,26238072
BN4,2023-08-07,6.9320,10276613
BN4,2023-08-14,6.5127,23329750
BN4,2023-08-21,6.5322,16507118
BN4,2023-08-28,6.7662,18581664
BN4,2023-09-04,6.6395,11309270
BN4,2023-09-11,6.8345,20013924
BN4,2023-09-18,6.5615,14945825
BN4,2023-09-25,6.6297,14262919
BN4,2023-10-02,6.4250,22967684
BN4,2023-10-09,6.4932,13623721
BN4,2023-10-16,6.1715,24502515
BN4,2023-10-23,6.2400,19024615
BN4,2023-10-30,6.4100,16639302
BN4,2023-11-06,6.2600,11672700
BN4,2023-11-13,6.4700,12834000
BN4,2023-11-20,6.4300,6360300
BN4,2023-11-27,6.8500,29839000
BN4,2023-12-04,6.7700,16536300
BN4,2023-12-11,6.8500,14063700
BN4,2024-01-01,7.0500,13913000
BN4,2024-01-08,6.9200,12210500
BN4,2024-01-15,6.8700,12902200
BN4,2024-01-22,6.8800,15064900
BN4,2024-01-29,7.2900,37909900
BN4,2024-02-05,7.1300,19701300
BN4,2024-02-12,7.3400,17277500
BN4,2024-02-19,7.2600,12214400
BN4,2024-02-26,7.1700,18250119
BN4,2024-03-04,7.1600,10172200
BN4,2024-03-11,7.2800,20261065
BN4,2024-03-18,7.3500,14718500
BN4,2024-03-25,7.3400,14122800
BN4,2024-04-01,7.3000,10758000
BN4,2024-04-08,7.1600,11461400
BN4,2024-04-15,6.9700,22539900
BN4,2024-04-22,6.8400,19974200
BN4,2024-04-29,6.8100,12529400
BN4,2024-05-06,6.7300,18418800
BN4,2024-05-13,6.7700,15359296
BN4,2024-05-20,6.7100,10087900
BN4,2024-05-27,6.7200,26101700
BN4,2024-06-03,6.6300,17146720
BN4,2024-06-10,6.5300,15850500
BN4,2024-06-17,6.5200,15777700
BN4,2024-06-24,6.4700,12644800
BN4,2024-07-01,6.5600,16428600
BN4,2024-07-08,6.7200,16556400
BN4,2024-07-15,6.5800,13265700
BN4,2024-07-22,6.5800,12758700
BN4,2024-07-29,6.2200,29333700
BN4,2024-08-05,5.9300,30766600
BN4,2024-08-12,5.9600,22026700
BN4,2024-08-19,6.1500,14912200
BN4,2024-08-26,6.1700,19669600
BN4,2024-09-02,6.1000,17431526
BN4,2024-09-09,6.2300,18182000
BN4,2024-09-16,6.5800,31210027
BN4,2024-09-23,6.6200,24753300
BN4,2024-09-30,6.6800,19595800
BN4,2024-10-07,6.4800,15892364
BN4,2024-10-14,6.4700,14149600
BN4,2024-10-21,6.5100,17900500
BN4,2024-10-28,6.4000,13258300
BN4,2024-11-04,6.4100,12372100
BN4,2024-11-11,6.5600,14483500
BN4,2024-11-18,6.6700,22174300
BN4,2024-11-25,6.7300,21597743
BN4,2024-12-02,6.8200,13828100
BN4,2024-12-09,6.8900,13920700
BN4,2024-12-16,6.7000,14975450
BN4,2024-12-23,6.8400,6281900
BN4,2024-12-30,6.8800,6236600
BN4,2025-01-06,6.7800,15374100
BN4,2025-01-13,6.8500,11077200
BN4,2025-01-20,6.8100,13114200
BN4,2025-01-27,6.7800,8793100
BN4,2025-02-03,6.7900,20849600
BN4,2025-02-10,6.8400,11391900
BN4,2025-02-17,6.8100,15649700
BN4,2025-02-24,6.8600,21292100
BN4,2025-03-03,6.7700,15722000
BN4,2025-03-10,6.6600,18056000
BN4,2025-03-17,6.8600,25339600
BN4,2025-03-24,6.9000,13570400
BN4,2025-03-31,6.6400,18181900
BN4,2025-04-07,5.9100,57911900
BN4,2025-04-14,6.1900,17845000
BN4,2025-04-21,6.6400,22902200
BN4,2025-04-28,6.6000,18099400
BN4,2025-05-05,6.7500,18354300
BN4,2025-05-12,6.7600,13983400
BN4,2025-05-19,6.7600,15302600
BN4,2025-05-26,6.7900,26639700
BN4,2025-06-02,7.1500,29183172
BN4,2025-06-09,7.2200,20425700
BN4,2025-06-16,7.4100,26257900
BN4,2025-06-23,7.4400,22727400
BN4,2025-06-30,7.6300,28081600
BN4,2025-07-07,7.7400,16759300
BN4,2025-07-14,8.0800,20885100
BN4,2025-07-21,8.2000,19817100
BN4,2025-07-28,8.3100,42077232
BN4,2025-08-04,8.5800,27741400
BN4,2025-08-11,8.4500,27648000
BN4,2025-08-18,8.3600,19186400
BN4,2025-08-25,8.7500,28847200
BN4,2025-09-01,8.6300,12648900
BN4,2025-09-08,8.6500,11064400
BN4,2025-09-15,8.7700,20669800
BN4,2025-09-22,8.8300,13806300
BN4,2025-09-29,9.1700,21959900
BN4,2025-10-06,9.1600,13330700
BN4,2025-10-13,9.3600,24325200
BN4,2025-10-20,9.6800,11665900
BN4,2025-10-27,10.1900,26059000
BN4,2025-11-03,10.1600,23185900
BN4,2025-11-10,10.0400,17600900
BN4,2025-11-17,9.8700,19731600
BN4,2025-11-24,10.2400,33826561
BN4,2025-12-01,10.2300,14581400
BN4,2025-12-08,10.2200,12625708
BN4,2025-12-15,10.0300,13078900
BN4,2025-12-22,10.2500,7711670
BN4,2025-12-29,10.3700,7232500
BN4,2026-01-05,10.4700,14765100
BN4,2026-01-12,10.9000,15883900
BN4,2026-01-19,11.0200,13060000
BN4,2026-01-26,10.9300,14718100
BN4,2026-02-02,11.6400,31570500
BN4,2026-02-09,12.6100,31282000
BN4,2026-02-16,12.9300,14887000
BN4,2026-02-23,13.0800,26066500
BN4,2026-03-02,12.2700,46574704
BN4,2026-03-09,12.0700,28558400
BN4,2026-03-16,12.3800,26569288
BN4,2026-03-23,11.9000,22971300
BN4,2026-03-30,11.7800,23170800
BN4,2026-04-06,12.1300,17599800
BN4,2026-04-13,11.9300,19869700
BN4,2026-04-20,11.4511,30711552
BN4,2026-04-27,10.8700,22428800
BN4,2026-05-04,10.9400,18213800
BN4,2026-05-11,10.6000,19610517
BN4,2026-05-18,10.9100,31268631
BN4,2026-05-25,10.7600,24898743
BN4,2026-06-01,10.5900,15958811
BN4,2026-06-08,10.6500,13357400
BN4,2026-06-15,11.2700,23180912
BN4,2026-06-22,11.0600,14782952
BN4,2026-06-29,10.8600,12449100
BN4,2026-07-06,11.4800,19314000
BN4,2026-07-13,11.3000,19465500
BN4,2026-07-20,11.4500,11312200
BN4,2026-07-27,11.4700,32488900
BN4,2026-08-03,11.1800,20179100
BN4,2026-08-17,11.3200,21857500
BN4,2026-08-24,11.4600,13226200
BQD,2023-07-03,0.2150,194700
BQD,2023-07-10,0.2300,172200
BQD,2023-07-17,0.2300,71900
BQD,2023-07-24,0.2300,195400
BQD,2023-07-31,0.2400,227400
BQD,2023-08-07,0.2350,128600
BQD,2023-08-14,0.2450,280400
BQD,2023-08-21,0.2750,25577700
BQD,2023-08-28,0.2750,4000
BQD,2023-09-04,0.2750,186300
BQD,2023-09-11,0.2650,17100
BQD,2023-09-18,0.2450,8000
BQD,2023-09-25,0.2500,5196300
BQD,2023-10-02,0.2450,12200
BQD,2023-10-09,0.2350,23900
BQD,2023-10-16,0.2350,0
BQD,2023-10-23,0.2250,20000
BQD,2023-10-30,0.2150,17000
BQD,2023-11-06,0.2200,53400
BQD,2023-11-13,0.2200,0
BQD,2023-11-20,0.2200,32200
BQD,2023-11-27,0.2000,79000
BQD,2023-12-04,0.2000,74800
BQD,2023-12-11,0.2050,4449100
BQD,2024-01-01,0.2900,368100
BQD,2024-01-08,0.3500,3372400
BQD,2024-01-15,0.3300,722700
BQD,2024-01-22,0.3050,795800
BQD,2024-01-29,0.3100,855900
BQD,2024-02-05,0.3100,502100
BQD,2024-02-12,0.2950,407000
BQD,2024-02-19,0.3050,22900
BQD,2024-02-26,0.3000,295700
BQD,2024-03-04,0.2900,254900
BQD,2024-03-11,0.3000,856600
BQD,2024-03-18,0.3250,469300
BQD,2024-03-25,0.3150,176300
BQD,2024-04-01,0.3000,405100
BQD,2024-04-08,0.3000,145700
BQD,2024-04-15,0.3000,111600
BQD,2024-04-22,0.2900,127500
BQD,2024-04-29,0.3150,25400
BQD,2024-05-06,0.3150,500
BQD,2024-05-13,0.2950,54100
BQD,2024-05-20,0.2950,0
BQD,2024-05-27,0.2600,6600
BQD,2024-06-03,0.3000,56100
BQD,2024-06-10,0.2950,2700
BQD,2024-06-17,0.2950,5000
BQD,2024-06-24,0.2950,0
BQD,2024-07-01,0.2950,0
BQD,2024-07-08,0.2950,6100
BQD,2024-07-15,0.2800,20200
BQD,2024-07-22,0.2800,2200
BQD,2024-07-29,0.2750,7000
BQD,2024-08-05,0.2700,7900
BQD,2024-08-12,0.2950,21000
BQD,2024-08-19,0.3100,5200
BQD,2024-08-26,0.3000,20800
BQD,2024-09-02,0.2900,118500
BQD,2024-09-09,0.2800,7400
BQD,2024-09-16,0.2800,6600
BQD,2024-09-23,0.2800,0
BQD,2024-09-30,0.2800,7000
BQD,2024-10-07,0.2800,0
BQD,2024-10-14,0.2500,6400
BQD,2024-10-21,0.2700,9700
BQD,2024-10-28,0.2950,28000
BQD,2024-11-04,0.3000,2700
BQD,2024-11-11,0.3000,0
BQD,2024-11-18,0.3000,52900
BQD,2024-11-25,0.3300,172800
BQD,2024-12-02,0.3200,70700
BQD,2024-12-09,0.3400,89200
BQD,2024-12-16,0.3450,91827457
BQD,2024-12-23,0.3450,62290256
BQD,2024-12-30,0.3200,5342700
BQD,2025-01-06,0.3250,8500
BQD,2025-01-13,0.3200,38300
BQD,2025-01-20,0.3300,159000
BQD,2025-01-27,0.3400,800
BQD,2025-02-03,0.3150,1800
BQD,2025-02-10,0.3150,46700
BQD,2025-02-17,0.3150,0
BQD,2025-02-24,0.3050,183600
BQD,2025-03-03,0.3050,290900
BQD,2025-03-10,0.3000,139500
BQD,2025-03-17,0.2950,68000
BQD,2025-03-24,0.2950,3249280
BQD,2025-03-31,0.2950,34800
BQD,2025-04-07,0.3050,32300
BQD,2025-04-14,0.3050,2000
BQD,2025-04-21,0.3050,0
BQD,2025-04-28,0.3050,0
BQD,2025-05-05,0.3000,411600
BQD,2025-05-12,0.2900,5227700
BQD,2025-05-19,0.2950,204000
BQD,2025-05-26,0.2900,1001900
BQD,2025-06-02,0.2950,43800
BQD,2025-06-09,0.2900,21100
BQD,2025-06-16,0.3050,226000
BQD,2025-06-23,0.3450,55200
BQF,2023-07-03,0.3100,41600
BQF,2023-07-10,0.3100,224900
BQF,2023-07-17,0.3000,133600
BQF,2023-07-24,0.3000,5800
BQF,2023-07-31,0.3000,0
BQF,2023-08-07,0.3000,0
BQF,2023-08-14,0.2550,2500
BQF,2023-08-21,0.2900,34000
BQF,2023-08-28,0.3500,21192218
BQF,2023-09-04,0.3500,51000
BQF,2023-09-11,0.3500,0
BQF,2023-09-18,0.3500,0
BQF,2023-09-25,0.3100,20100
BQF,2023-10-02,0.3000,50000
BQF,2023-10-09,0.2750,30700
BQF,2023-10-16,0.2150,1700
BQF,2023-10-23,0.2500,1600
BQF,2023-10-30,0.2750,44900
BQF,2023-11-06,0.2650,600
BQF,2023-11-13,0.2650,0
BQF,2023-11-20,0.3000,83400
BQF,2023-11-27,0.4500,526600
BQF,2023-12-04,0.3350,14400
BQF,2023-12-11,0.3200,10000
BQF,2024-01-01,0.3350,10000
BQF,2024-01-08,0.3450,12900
BQF,2024-01-15,0.3450,0
BQF,2024-01-22,0.3450,0
BQF,2024-01-29,0.3450,0
BQF,2024-02-05,0.3450,0
BQF,2024-02-12,0.3150,2500
BQF,2024-02-19,0.3500,116000
BQF,2024-02-26,0.4000,287200
BQF,2024-03-04,0.4050,226200
BQF,2024-03-11,0.3750,24100
BQF,2024-03-18,0.4250,58900
BQF,2024-03-25,0.4250,69100
BQF,2024-04-01,0.4250,44300
BQF,2024-04-08,0.4250,0
BQF,2024-04-15,0.4250,1300
BQF,2024-04-22,0.4250,0
BQF,2024-04-29,0.4400,77700
BQF,2024-05-06,0.4450,62200
BQF,2024-05-13,0.4450,52000
BQF,2024-05-20,0.4300,452600
BQF,2024-05-27,0.3800,58900
BQF,2024-06-03,0.3750,23500
BQF,2024-06-10,0.4200,62000
BQF,2024-06-17,0.4300,57000
BQF,2024-06-24,0.4700,264700
BQF,2024-07-01,0.4800,7500
BQF,2024-07-08,0.4800,5300
BQF,2024-07-15,0.4800,89100
BQF,2024-07-22,0.4800,0
BQF,2024-07-29,0.4500,62800
BQF,2024-08-05,0.4750,164200
BQF,2024-08-12,0.4600,14600
BQF,2024-08-19,0.4400,16200
BQF,2024-08-26,0.4200,40700
BQF,2024-09-02,0.4800,88500
BQF,2024-09-09,0.3900,19000
BQF,2024-09-16,0.4150,200
BQF,2024-09-23,0.3700,13000
BQF,2024-09-30,0.3750,7500
BQF,2024-10-07,0.3700,37200
BQF,2024-10-14,0.4000,94800
BQF,2024-10-21,0.3450,13200
BQF,2024-10-28,0.3900,12600
BQF,2024-11-04,0.3900,0
BQF,2024-11-11,0.4100,1300
BQF,2024-11-18,0.4000,1400
BQF,2024-11-25,0.3700,1400
BQF,2024-12-02,0.3700,14500
BQF,2024-12-09,0.5600,317400
BQF,2024-12-16,0.6000,352300
BQF,2024-12-23,0.7000,261000
BQF,2024-12-30,0.7100,30600
BQF,2025-01-06,0.6550,61100
BQF,2025-01-13,0.6600,45900
BQF,2025-01-20,0.6600,106100
BQF,2025-01-27,0.7150,108200
BQF,2025-02-03,0.7100,147400
BQF,2025-02-10,0.7050,203300
BQF,2025-02-17,0.7350,236200
BQF,2025-02-24,0.7350,93300
BQF,2025-03-03,0.7500,38500
BQF,2025-03-10,0.7500,20900
BQF,2025-03-17,0.7800,31200
BQF,2025-03-24,0.7800,0
BQF,2025-03-31,0.6900,73700
BQF,2025-04-07,0.6900,13900
BQF,2025-04-14,0.7200,7600
BQF,2025-04-21,0.7350,71600
BQF,2025-04-28,0.7200,14200
BQF,2025-05-05,0.7200,0
BQF,2025-05-12,0.7300,42500
BQF,2025-05-19,0.7500,51200
BQF,2025-05-26,0.7500,2700
BQF,2025-06-02,0.7000,30100
BQF,2025-06-09,0.7350,61000
BQF,2025-06-16,0.7450,166500
BQF,2025-06-23,1.0500,240800
BS6,2023-07-03,1.4700,141431200
BS6,2023-07-10,1.5200,140138000
BS6,2023-07-17,1.4900,90584500
BS6,2023-07-24,1.5100,70225000
BS6,2023-07-31,1.5800,99702900
BS6,2023-08-07,1.6800,126151400
BS6,2023-08-14,1.6800,107207598
BS6,2023-08-21,1.7200,84354300
BS6,2023-08-28,1.6900,112826900
BS6,2023-09-04,1.7300,156737200
BS6,2023-09-11,1.6800,62722900
BS6,2023-09-18,1.7200,83674900
BS6,2023-09-25,1.6600,84572300
BS6,2023-10-02,1.5900,86739800
BS6,2023-10-09,1.6300,114856100
BS6,2023-10-16,1.4300,179647400
BS6,2023-10-23,1.4600,118817400
BS6,2023-10-30,1.5200,112267600
BS6,2023-11-06,1.4900,123222200
BS6,2023-11-13,1.4600,74400600
BS6,2023-11-20,1.4700,74527200
BS6,2023-11-27,1.4500,73607568
BS6,2023-12-04,1.4700,57415000
BS6,2023-12-11,1.4400,77576500
BS6,2024-01-01,1.5500,79034100
BS6,2024-01-08,1.5900,87203200
BS6,2024-01-15,1.6400,79334700
BS6,2024-01-22,1.6700,84511700
BS6,2024-01-29,1.6500,85946800
BS6,2024-02-05,1.6500,88202000
BS6,2024-02-12,1.6800,46467800
BS6,2024-02-19,1.6600,55078300
BS6,2024-02-26,1.7900,104329600
BS6,2024-03-04,1.8400,128333600
BS6,2024-03-11,1.7000,231136700
BS6,2024-03-18,1.8600,119082700
BS6,2024-03-25,1.9100,86808600
BS6,2024-04-01,1.8900,48285200
BS6,2024-04-08,1.7700,95169000
BS6,2024-04-15,1.7400,151810600
BS6,2024-04-22,1.7400,211340100
BS6,2024-04-29,1.7100,84515400
BS6,2024-05-06,1.7200,81646200
BS6,2024-05-13,1.7500,100244500
BS6,2024-05-20,1.9000,95276100
BS6,2024-05-27,2.2800,220099200
BS6,2024-06-03,2.4100,131219100
BS6,2024-06-10,2.4500,136678000
BS6,2024-06-17,2.4800,82542800
BS6,2024-06-24,2.4600,66431300
BS6,2024-07-01,2.4100,63485100
BS6,2024-07-08,2.2600,97679200
BS6,2024-07-15,2.3100,86562000
BS6,2024-07-22,2.6000,111529200
BS6,2024-07-29,2.5000,137493400
BS6,2024-08-05,2.4800,123739300
BS6,2024-08-12,2.5700,167457300
BS6,2024-08-19,2.5200,52492300
BS6,2024-08-26,2.4900,59615600
BS6,2024-09-02,2.5200,84154900
BS6,2024-09-09,2.5600,87897700
BS6,2024-09-16,2.6900,119565500
BS6,2024-09-23,2.5100,166869600
BS6,2024-09-30,2.4900,135450800
BS6,2024-10-07,2.5000,138425300
BS6,2024-10-14,2.5800,134092700
BS6,2024-10-21,2.5700,40803600
BS6,2024-10-28,2.5300,60975200
BS6,2024-11-04,2.6800,152467800
BS6,2024-11-11,2.5400,109977800
BS6,2024-11-18,2.6900,141374200
BS6,2024-11-25,2.4100,464083501
BS6,2024-12-02,2.6900,198206900
BS6,2024-12-09,2.8800,155180800
BS6,2024-12-16,2.8500,112954378
BS6,2024-12-23,2.9300,42643400
BS6,2024-12-30,2.9700,42409900
BS6,2025-01-06,3.0000,138981712
BS6,2025-01-13,2.9300,113201900
BS6,2025-01-20,2.9900,96272600
BS6,2025-01-27,3.0500,55700038
BS6,2025-02-03,3.0100,93803900
BS6,2025-02-10,3.1400,84148600
BS6,2025-02-17,3.2200,92300400
BS6,2025-02-24,2.3800,373766000
BS6,2025-03-03,2.3900,197626000
BS6,2025-03-10,2.2900,156723000
BS6,2025-03-17,2.4700,115008000
BS6,2025-03-24,2.3700,94863906
BS6,2025-03-31,2.1700,114362800
BS6,2025-04-07,1.9900,253512700
BS6,2025-04-14,2.0600,88894600
BS6,2025-04-21,2.2000,172300900
BS6,2025-04-28,2.2500,92123100
BS6,2025-05-05,2.1200,104482800
BS6,2025-05-12,2.2000,84448500
BS6,2025-05-19,2.0600,111671900
BS6,2025-05-26,2.1200,99570087
BS6,2025-06-02,2.2900,121304800
BS6,2025-06-09,2.2500,75932600
BS6,2025-06-16,2.2500,53884300
BS6,2025-06-23,2.2200,59152600
BS6,2025-06-30,2.2100,67888400
BS6,2025-07-07,2.3200,112134900
BS6,2025-07-14,2.4000,115489600
BS6,2025-07-21,2.5400,134321400
BS6,2025-07-28,2.5300,114281900
BS6,2025-08-04,2.8700,189613500
BS6,2025-08-11,2.9100,115043200
BS6,2025-08-18,2.8700,103106100
BS6,2025-08-25,2.9100,99024000
BS6,2025-09-01,3.1000,128681500
BS6,2025-09-08,3.1900,110466800
BS6,2025-09-15,3.3000,123891100
BS6,2025-09-22,3.2800,96463600
BS6,2025-09-29,3.3500,164612100
BS6,2025-10-06,3.4000,106821558
BS6,2025-10-13,3.1800,128601266
BS6,2025-10-20,3.4700,66485400
BS6,2025-10-27,3.5200,70675400
BS6,2025-11-03,3.3700,82595700
BS6,2025-11-10,3.4500,71278314
BS6,2025-11-17,3.3500,110699300
BS6,2025-11-24,3.3500,59179556
BS6,2025-12-01,3.4300,72470600
BS6,2025-12-08,3.4900,57642200
BS6,2025-12-15,3.3700,64740000
BS6,2025-12-22,3.4500,27205000
BS6,2025-12-29,3.4500,21542000
BS6,2026-01-05,3.6200,72975300
BS6,2026-01-12,3.5900,55747400
BS6,2026-01-19,3.3400,77728200
BS6,2026-01-26,3.3400,84122800
BS6,2026-02-02,3.1600,111126100
BS6,2026-02-09,3.4300,111376966
BS6,2026-02-16,3.7300,70385400
BS6,2026-02-23,4.3400,198646400
BS6,2026-03-02,4.1900,159423500
BS6,2026-03-09,3.9800,127367300
BS6,2026-03-16,4.0200,89689700
BS6,2026-03-23,3.8500,71091900
BS6,2026-03-30,3.8300,96952401
BS6,2026-04-06,4.0200,90759300
BS6,2026-04-13,4.0900,73454650
BS6,2026-04-20,4.3300,85190000
BS6,2026-04-27,4.3100,60729300
BS6,2026-05-04,4.0000,107910700
BS6,2026-05-11,3.9700,81717200
BS6,2026-05-18,3.7800,120422283
BS6,2026-05-25,3.6400,81666700
BS6,2026-06-01,3.5400,99283800
BS6,2026-06-08,3.4500,95948700
BS6,2026-06-15,3.6900,71521600
BS6,2026-06-22,3.5000,60846500
BS6,2026-06-29,3.5600,71193954
BS6,2026-07-06,3.6100,68806200
BS6,2026-07-13,3.6300,73140700
BS6,2026-07-20,4.0000,100360200
BS6,2026-07-27,3.9200,85931400
BS6,2026-08-03,4.2000,111650500
BS6,2026-08-10,4.6200,160155600
BS6,2026-08-17,4.7600,62839100
BS6,2026-08-24,4.9000,64505600
BSL,2023-07-03,1.3400,8468800
BSL,2023-07-10,1.3600,4891700
BSL,2023-07-17,1.3200,7736700
BSL,2023-07-24,1.3400,6567200
BSL,2023-07-31,1.3200,20894097
BSL,2023-08-07,1.3000,4895200
BSL,2023-08-14,1.3000,5556300
BSL,2023-08-21,1.2500,5154000
BSL,2023-08-28,1.2600,3538000
BSL,2023-09-04,1.2400,2603300
BSL,2023-09-11,1.2500,4313900
BSL,2023-09-18,1.2400,4093600
BSL,2023-09-25,1.2500,3588600
BSL,2023-10-02,1.2500,2765600
BSL,2023-10-09,1.2400,3320100
BSL,2023-10-16,1.1800,3273700
BSL,2023-10-23,1.1500,6131600
BSL,2023-10-30,1.2000,7578600
BSL,2023-11-06,1.0500,39520200
BSL,2023-11-13,1.0800,7422900
BSL,2023-11-20,1.0500,7828800
BSL,2023-11-27,1.0500,11695800
BSL,2023-12-04,1.0800,11734200
BSL,2023-12-11,1.0700,3846000
BSL,2024-01-01,1.0600,2536000
BSL,2024-01-08,1.0400,4255900
BSL,2024-01-15,1.0400,5317900
BSL,2024-01-22,1.0200,5421000
BSL,2024-01-29,1.0100,3916900
BSL,2024-02-05,1.0200,2504400
BSL,2024-02-12,1.0400,3661400
BSL,2024-02-19,1.0500,3359500
BSL,2024-02-26,1.0200,17240800
BSL,2024-03-04,1.0100,13455700
BSL,2024-03-11,1.0400,6462200
BSL,2024-03-18,1.0400,2569700
BSL,2024-03-25,1.0400,4034000
BSL,2024-04-01,1.0200,9798900
BSL,2024-04-08,1.0100,7158600
BSL,2024-04-15,1.0100,5978800
BSL,2024-04-22,1.0100,5933500
BSL,2024-04-29,1.0000,6585300
BSL,2024-05-06,1.0400,15581000
BSL,2024-05-13,1.0200,10951900
BSL,2024-05-20,1.0300,5182200
BSL,2024-05-27,1.0200,6883300
BSL,2024-06-03,1.0100,8458000
BSL,2024-06-10,1.0100,12042700
BSL,2024-06-17,1.0000,9090400
BSL,2024-06-24,0.9950,18746900
BSL,2024-07-01,1.0100,20626800
BSL,2024-07-08,1.0400,8108700
BSL,2024-07-15,1.0100,7390400
BSL,2024-07-22,1.0200,4813900
BSL,2024-07-29,0.9200,32058800
BSL,2024-08-05,0.8900,10993700
BSL,2024-08-12,0.9050,14257400
BSL,2024-08-19,0.9050,8308500
BSL,2024-08-26,0.9050,6908200
BSL,2024-09-02,0.8950,8193900
BSL,2024-09-09,0.9050,8606800
BSL,2024-09-16,0.9050,12257800
BSL,2024-09-23,0.9050,19585800
BSL,2024-09-30,0.9000,8294200
BSL,2024-10-07,0.8950,6649100
BSL,2024-10-14,0.9050,4911300
BSL,2024-10-21,0.8900,5496300
BSL,2024-10-28,0.8900,10149400
BSL,2024-11-04,0.8850,3635400
BSL,2024-11-11,0.8600,8717200
BSL,2024-11-18,0.8600,9826100
BSL,2024-11-25,0.8700,10705500
BSL,2024-12-02,0.8800,5463600
BSL,2024-12-09,0.8550,5347700
BSL,2024-12-16,0.8250,8982500
BSL,2024-12-23,0.8350,2120800
BSL,2024-12-30,0.8300,4106000
BSL,2025-01-06,0.8350,2709300
BSL,2025-01-13,0.8400,3398700
BSL,2025-01-20,0.8350,3267000
BSL,2025-01-27,0.8350,1229500
BSL,2025-02-03,0.8500,6514400
BSL,2025-02-10,0.8350,3929700
BSL,2025-02-17,0.8250,5689400
BSL,2025-02-24,0.9250,25337700
BSL,2025-03-03,0.9950,22730700
BSL,2025-03-10,0.9850,20620200
BSL,2025-03-17,1.0200,23920400
BSL,2025-03-24,0.9950,10434400
BSL,2025-03-31,0.9750,13095700
BSL,2025-04-07,0.9700,22130400
BSL,2025-04-14,1.0000,12382700
BSL,2025-04-21,0.9900,6563300
BSL,2025-04-28,1.0100,9489000
BSL,2025-05-05,1.0400,15726400
BSL,2025-05-12,0.9850,9140400
BSL,2025-05-19,1.0000,13579300
BSL,2025-05-26,0.9900,10788500
BSL,2025-06-02,0.9800,6077200
BSL,2025-06-09,0.9700,6179300
BSL,2025-06-16,0.9550,12666300
BSL,2025-06-23,0.9650,9091400
BTOU,2023-07-03,0.1690,19815900
BTOU,2023-07-10,0.1690,17632300
BTOU,2023-07-17,0.1120,77699800
BTOU,2023-07-24,0.1110,85283891
BTOU,2023-07-31,0.1040,34436200
BTOU,2023-08-07,0.0960,33976200
BTOU,2023-08-14,0.0790,48268000
BTOU,2023-08-21,0.0710,22331900
BTOU,2023-08-28,0.0680,63263900
BTOU,2023-09-04,0.0560,85722167
BTOU,2023-09-11,0.0480,129047900
BTOU,2023-09-18,0.0410,103692957
BTOU,2023-09-25,0.0570,47117200
BTOU,2023-10-02,0.0530,44730600
BTOU,2023-10-09,0.0530,31406800
BTOU,2023-10-16,0.0500,21752500
BTOU,2023-10-23,0.0500,21128700
BTOU,2023-10-30,0.0580,49842200
BTOU,2023-11-06,0.0790,169240300
BTOU,2023-11-13,0.0950,125203200
BTOU,2023-11-20,0.0980,128670700
BTOU,2023-11-27,0.0580,177931100
BTOU,2023-12-04,0.0700,170787400
BTOU,2023-12-11,0.0830,189879300
BTOU,2024-01-01,0.0780,46630500
BTOU,2024-01-08,0.0790,46829200
BTOU,2024-01-15,0.0680,57733400
BTOU,2024-01-22,0.0650,39976900
BTOU,2024-01-29,0.0600,32519000
BTOU,2024-02-05,0.0590,21896200
BTOU,2024-02-12,0.0570,30066400
BTOU,2024-02-19,0.0570,24828100
BTOU,2024-02-26,0.0570,10595100
BTOU,2024-03-04,0.0600,14908100
BTOU,2024-03-11,0.0600,20452600
BTOU,2024-03-18,0.0670,29838500
BTOU,2024-03-25,0.0770,46684700
BTOU,2024-04-01,0.0740,33288200
BTOU,2024-04-08,0.0710,15240000
BTOU,2024-04-15,0.0660,14987800
BTOU,2024-04-22,0.0690,19062200
BTOU,2024-04-29,0.0690,12111900
BTOU,2024-05-06,0.0690,14689600
BTOU,2024-05-13,0.0690,19251500
BTOU,2024-05-20,0.0690,8004500
BTOU,2024-05-27,0.0680,5954800
BTOU,2024-06-03,0.0690,11441900
BTOU,2024-06-10,0.0680,10650300
BTOU,2024-06-17,0.0660,9280700
BTOU,2024-06-24,0.0640,6029100
BTOU,2024-07-01,0.0640,4622000
BTOU,2024-07-08,0.0720,25245900
BTOU,2024-07-15,0.0770,85885400
BTOU,2024-07-22,0.0790,47624600
BTOU,2024-07-29,0.0780,50625400
BTOU,2024-08-05,0.0740,38324500
BTOU,2024-08-12,0.0750,23118300
BTOU,2024-08-19,0.0800,15815200
BTOU,2024-08-26,0.0990,74651800
BTOU,2024-09-02,0.1000,46606600
BTOU,2024-09-09,0.1050,29116900
BTOU,2024-09-16,0.1250,125046000
BTOU,2024-09-23,0.1240,53432100
BTOU,2024-09-30,0.1150,47008500
BTOU,2024-10-07,0.1200,39246800
BTOU,2024-10-14,0.1170,20625900
BTOU,2024-10-21,0.1140,17745200
BTOU,2024-10-28,0.1120,9216600
BTOU,2024-11-04,0.0970,23092200
BTOU,2024-11-11,0.0850,22524600
BTOU,2024-11-18,0.1010,32591800
BTOU,2024-11-25,0.1030,21168768
BTOU,2024-12-02,0.1040,19820900
BTOU,2024-12-09,0.0990,16098300
BTOU,2024-12-16,0.0900,20267000
BTOU,2024-12-23,0.0900,18102900
BTOU,2024-12-30,0.0950,26028800
BTOU,2025-01-06,0.0890,11753600
BTOU,2025-01-13,0.0870,9921000
BTOU,2025-01-20,0.0980,40561800
BTOU,2025-01-27,0.0950,6015000
BTOU,2025-02-03,0.0950,10406900
BTOU,2025-02-10,0.0970,16972100
BTOU,2025-02-17,0.0920,19336500
BTOU,2025-02-24,0.0730,24949500
BTOU,2025-03-03,0.0680,24054900
BTOU,2025-03-10,0.0660,22742200
BTOU,2025-03-17,0.0680,41752900
BTOU,2025-03-24,0.0720,35569100
BTOU,2025-03-31,0.0670,13406700
BTOU,2025-04-07,0.0570,40141900
BTOU,2025-04-14,0.0580,13019100
BTOU,2025-04-21,0.0660,32464300
BTOU,2025-04-28,0.0640,24565400
BTOU,2025-05-05,0.0630,10110100
BTOU,2025-05-12,0.0650,18655800
BTOU,2025-05-19,0.0620,7281400
BTOU,2025-05-26,0.0630,8333700
BTOU,2025-06-02,0.0640,6518100
BTOU,2025-06-09,0.0620,14947300
BTOU,2025-06-16,0.0620,8042500
BTOU,2025-06-23,0.0660,40124000
BUOU,2023-07-03,1.2200,28173000
BUOU,2023-07-10,1.2800,24943200
BUOU,2023-07-17,1.2900,26811500
BUOU,2023-07-24,1.2600,32308200
BUOU,2023-07-31,1.2400,42821800
BUOU,2023-08-07,1.2200,44694900
BUOU,2023-08-14,1.1700,51954500
BUOU,2023-08-21,1.1800,30746800
BUOU,2023-08-28,1.2000,31186300
BUOU,2023-09-04,1.1800,25292100
BUOU,2023-09-11,1.1500,53785700
BUOU,2023-09-18,1.1100,60467700
BUOU,2023-09-25,1.0700,67136300
BUOU,2023-10-02,1.0600,63618100
BUOU,2023-10-09,1.0700,46314427
BUOU,2023-10-16,1.0100,38199700
BUOU,2023-10-23,1.0100,34180400
BUOU,2023-10-30,1.1100,53058700
BUOU,2023-11-06,1.0500,51351800
BUOU,2023-11-13,1.0800,35934200
BUOU,2023-11-20,1.1100,25707500
BUOU,2023-11-27,1.0900,53510800
BUOU,2023-12-04,1.1100,39209200
BUOU,2023-12-11,1.1500,85991600
BUOU,2024-01-01,1.1300,27111600
BUOU,2024-01-08,1.1500,31001519
BUOU,2024-01-15,1.1100,36993400
BUOU,2024-01-22,1.0800,46105100
BUOU,2024-01-29,1.1100,53595300
BUOU,2024-02-05,1.1000,42841900
BUOU,2024-02-12,1.1200,43295700
BUOU,2024-02-19,1.0700,69167000
BUOU,2024-02-26,1.0300,100433600
BUOU,2024-03-04,1.0400,49050800
BUOU,2024-03-11,1.0200,45623100
BUOU,2024-03-18,1.0600,63804600
BUOU,2024-03-25,1.0600,51074900
BUOU,2024-04-01,1.0600,56678500
BUOU,2024-04-08,1.0400,41717400
BUOU,2024-04-15,0.9700,102272200
BUOU,2024-04-22,1.0000,44496400
BUOU,2024-04-29,1.0000,65558200
BUOU,2024-05-06,1.0200,35175900
BUOU,2024-05-13,1.0100,76991400
BUOU,2024-05-20,0.9950,46030300
BUOU,2024-05-27,0.9900,33043600
BUOU,2024-06-03,0.9750,55759500
BUOU,2024-06-10,0.9550,56394600
BUOU,2024-06-17,0.9600,41533900
BUOU,2024-06-24,0.9500,44732900
BUOU,2024-07-01,0.9300,55054900
BUOU,2024-07-08,1.0000,81128700
BUOU,2024-07-15,0.9950,37693500
BUOU,2024-07-22,0.9850,36549100
BUOU,2024-07-29,1.0300,50862400
BUOU,2024-08-05,1.0000,36540400
BUOU,2024-08-12,1.0100,48319400
BUOU,2024-08-19,1.0600,56271100
BUOU,2024-08-26,1.0900,72951399
BUOU,2024-09-02,1.1300,82012500
BUOU,2024-09-09,1.1700,76524400
BUOU,2024-09-16,1.1500,110460500
BUOU,2024-09-23,1.1700,129720600
BUOU,2024-09-30,1.1600,109315000
BUOU,2024-10-07,1.1300,103997500
BUOU,2024-10-14,1.1300,63780600
BUOU,2024-10-21,1.0800,92735600
BUOU,2024-10-28,1.0700,73249400
BUOU,2024-11-04,1.0000,121543400
BUOU,2024-11-11,0.9550,104383800
BUOU,2024-11-18,0.9100,130919700
BUOU,2024-11-25,0.9100,117951739
BUOU,2024-12-02,0.9100,57857600
BUOU,2024-12-09,0.8900,91510500
BUOU,2024-12-16,0.8550,101356500
BUOU,2024-12-23,0.8850,38894000
BUOU,2024-12-30,0.8950,36374900
BUOU,2025-01-06,0.8700,45725000
BUOU,2025-01-13,0.8850,61821300
BUOU,2025-01-20,0.8800,44837100
BUOU,2025-01-27,0.8850,24304500
BUOU,2025-02-03,0.8850,88168400
BUOU,2025-02-10,0.8600,125001900
BUOU,2025-02-17,0.8600,60862100
BUOU,2025-02-24,0.8350,56738600
BUOU,2025-03-03,0.8400,82150800
BUOU,2025-03-10,0.9150,117198600
BUOU,2025-03-17,0.9250,98993100
BUOU,2025-03-24,0.9150,67579100
BUOU,2025-03-31,0.9150,89965500
BUOU,2025-04-07,0.8050,159548200
BUOU,2025-04-14,0.8800,68536500
BUOU,2025-04-21,0.8900,52141400
BUOU,2025-04-28,0.9000,41232400
BUOU,2025-05-05,0.8350,129460400
BUOU,2025-05-12,0.8350,73178400
BUOU,2025-05-19,0.7800,76514577
BUOU,2025-05-26,0.7950,47126800
BUOU,2025-06-02,0.8100,56876800
BUOU,2025-06-09,0.8200,53125200
BUOU,2025-06-16,0.8150,58510300
BUOU,2025-06-23,0.8450,46083200
BUOU,2025-06-30,0.8600,66997400
BUOU,2025-07-07,0.8450,58786500
BUOU,2025-07-14,0.8500,48436900
BUOU,2025-07-21,0.8700,83928550
BUOU,2025-07-28,0.8600,63701200
BUOU,2025-08-04,0.8850,59237300
BUOU,2025-08-11,0.8900,54941700
BUOU,2025-08-18,0.8900,51591300
BUOU,2025-08-25,0.9100,95993100
BUOU,2025-09-01,0.9300,89239100
BUOU,2025-09-08,0.9500,71282600
BUOU,2025-09-15,0.9450,54895700
BUOU,2025-09-22,0.9450,38424800
BUOU,2025-09-29,0.9700,69794700
BUOU,2025-10-06,0.9600,39496000
BUOU,2025-10-13,0.9650,36106400
BUOU,2025-10-20,0.9700,40323500
BUOU,2025-10-27,0.9550,58699500
BUOU,2025-11-03,0.9500,100022700
BUOU,2025-11-10,0.9700,79308800
BUOU,2025-11-17,0.9350,73696100
BUOU,2025-11-24,0.9800,95558300
BUOU,2025-12-01,0.9800,58274700
BUOU,2025-12-08,0.9750,41373800
BUOU,2025-12-15,0.9900,67368500
BUOU,2025-12-22,0.9950,16933700
BUOU,2025-12-29,1.0100,20194200
BUOU,2026-01-05,1.0200,40525300
BUOU,2026-01-12,1.0300,48204900
BUOU,2026-01-19,1.0300,41190100
BUOU,2026-01-26,1.0100,60003700
BUOU,2026-02-02,1.0100,57244300
BUOU,2026-02-09,1.0000,35427034
BUOU,2026-02-16,1.0000,20305700
BUOU,2026-02-23,0.9900,46904700
BUOU,2026-03-02,0.9700,72738000
BUOU,2026-03-09,0.9350,59574100
BUOU,2026-03-16,0.9350,47865000
BUOU,2026-03-23,0.8950,113690000
BUOU,2026-03-30,0.8950,45012400
BUOU,2026-04-06,0.9300,36858000
BUOU,2026-04-13,0.9750,60376000
BUOU,2026-04-20,0.9850,71462500
BUOU,2026-04-27,0.9600,41782100
BUOU,2026-05-04,0.9950,91224800
BUOU,2026-05-11,0.9400,68536300
BUOU,2026-05-18,0.9800,67314000
BUOU,2026-05-25,1.0000,51565500
BUOU,2026-06-01,0.9850,43014300
BUOU,2026-06-08,0.9850,53345400
BUOU,2026-06-15,0.9700,63734600
BUOU,2026-06-22,0.9750,51554100
BUOU,2026-06-29,0.9650,34809800
BUOU,2026-07-20,0.9850,53490400
BVA,2023-07-03,0.2450,13171900
BVA,2023-07-10,0.2550,9667700
BVA,2023-07-17,0.2500,15683500
BVA,2023-07-24,0.2600,7364500
BVA,2023-07-31,0.2600,12436200
BVA,2023-08-07,0.2450,10180900
BVA,2023-08-14,0.2400,6708300
BVA,2023-08-21,0.2350,8670600
BVA,2023-08-28,0.2350,16271800
BVA,2023-09-04,0.2400,28813600
BVA,2023-09-11,0.2350,23209000
BVA,2023-09-18,0.2350,11614200
BVA,2023-09-25,0.2250,5282300
BVA,2023-10-02,0.2200,16051000
BVA,2023-10-09,0.2100,8482200
BVA,2023-10-16,0.2100,5666600
BVA,2023-10-23,0.2100,7117500
BVA,2023-10-30,0.2100,5615600
BVA,2023-11-06,0.2150,15289600
BVA,2023-11-13,0.2200,6839800
BVA,2023-11-20,0.2550,29039000
BVA,2023-11-27,0.2300,18660500
BVA,2023-12-04,0.2400,11355000
BVA,2023-12-11,0.2600,31237200
BVA,2024-01-01,0.2800,27448300
BVA,2024-01-08,0.2650,17312300
BVA,2024-01-15,0.2550,10156700
BVA,2024-01-22,0.2650,7362200
BVA,2024-01-29,0.2550,11791000
BVA,2024-02-05,0.2450,17439700
BVA,2024-02-12,0.2500,5082900
BVA,2024-02-19,0.2400,10139600
BVA,2024-02-26,0.2250,5861500
BVA,2024-03-04,0.2250,3932300
BVA,2024-03-11,0.2250,4208500
BVA,2024-03-18,0.2300,9796700
BVA,2024-03-25,0.2250,4324000
BVA,2024-04-01,0.2400,6422300
BVA,2024-04-08,0.2350,9134800
BVA,2024-04-15,0.2300,6721900
BVA,2024-04-22,0.2350,4013400
BVA,2024-04-29,0.2550,10293900
BVA,2024-05-06,0.2750,15295500
BVA,2024-05-13,0.3450,83246900
BVA,2024-05-20,0.3250,40431000
BVA,2024-05-27,0.2950,27923000
BVA,2024-06-03,0.3150,15391400
BVA,2024-06-10,0.3300,18238600
BVA,2024-06-17,0.3250,39637200
BVA,2024-06-24,0.3100,16595600
BVA,2024-07-01,0.3400,17274200
BVA,2024-07-08,0.3400,13908500
BVA,2024-07-15,0.3500,15498100
BVA,2024-07-22,0.3450,9301900
BVA,2024-07-29,0.2900,18243300
BVA,2024-08-05,0.2750,19104000
BVA,2024-08-12,0.2800,18037600
BVA,2024-08-19,0.2950,36070200
BVA,2024-08-26,0.2750,15633200
BVA,2024-09-02,0.2800,7203400
BVA,2024-09-09,0.2800,8152000
BVA,2024-09-16,0.3350,64740600
BVA,2024-09-23,0.3100,27266700
BVA,2024-09-30,0.3100,17737300
BVA,2024-10-07,0.3250,36355600
BVA,2024-10-14,0.3150,13450000
BVA,2024-10-21,0.3200,11126900
BVA,2024-10-28,0.3250,6587700
BVA,2024-11-04,0.3400,21804700
BVA,2024-11-11,0.3300,5810200
BVA,2024-11-18,0.3400,9972400
BVA,2024-11-25,0.3450,5088300
BVA,2024-12-02,0.4000,20306100
BVA,2024-12-09,0.4300,34714500
BVA,2024-12-16,0.4000,26033200
BVA,2024-12-23,0.4150,15669100
BVA,2024-12-30,0.4100,12659300
BVA,2025-01-06,0.3800,44392700
BVA,2025-01-13,0.3600,26267200
BVA,2025-01-20,0.3750,25280500
BVA,2025-01-27,0.3700,7217200
BVA,2025-02-03,0.3700,7244100
BVA,2025-02-10,0.3600,7029000
BVA,2025-02-17,0.2950,28957200
BVA,2025-02-24,0.2750,17970500
BVA,2025-03-03,0.2750,12790400
BVA,2025-03-10,0.2600,20554100
BVA,2025-03-17,0.2650,29573600
BVA,2025-03-24,0.2450,20455800
BVA,2025-03-31,0.2500,18882300
BVA,2025-04-07,0.2700,43198300
BVA,2025-04-14,0.2600,10455600
BVA,2025-04-21,0.2600,12584300
BVA,2025-04-28,0.2750,15415500
BVA,2025-05-05,0.2650,18227900
BVA,2025-05-12,0.2550,9584000
BVA,2025-05-19,0.2500,10046700
BVA,2025-05-26,0.2450,7247600
BVA,2025-06-02,0.2450,7925600
BVA,2025-06-09,0.2350,11447600
BVA,2025-06-16,0.2150,17368700
BVA,2025-06-23,0.2250,10553800
BVA,2025-06-30,0.2050,30792500
BVA,2025-07-07,0.2050,33404200
BVA,2025-07-14,0.2150,17559900
BVA,2025-07-21,0.2150,16918800
BVA,2025-07-28,0.2050,20534000
BVA,2025-08-04,0.1920,34300600
BVA,2025-08-11,0.1860,28210500
BVA,2025-08-18,0.1850,28642000
BVA,2025-08-25,0.1810,22594100
BVA,2025-09-01,0.1890,49418700
BVA,2025-09-08,0.1830,17982500
BVA,2025-09-15,0.1820,22901900
BVA,2025-09-22,0.1810,13814700
BVA,2025-09-29,0.1800,22412600
BVA,2025-10-06,0.2050,109101700
BVA,2025-10-13,0.2000,57925100
BVA,2025-10-20,0.2050,15952900
BVA,2025-10-27,0.1970,36080900
BVA,2025-11-03,0.1930,18931400
BVA,2025-11-10,0.1960,28771100
BVA,2025-11-17,0.1900,16291500
BVA,2025-11-24,0.1850,14855100
BVA,2025-12-01,0.1880,17895000
BVA,2025-12-08,0.1970,38114600
BVA,2025-12-15,0.2100,63864300
BVA,2025-12-22,0.2000,6033100
BVA,2025-12-29,0.2000,7190000
BVA,2026-01-05,0.2100,12071100
BVA,2026-01-12,0.1990,14718200
BVA,2026-01-19,0.1930,18877000
BVA,2026-01-26,0.1950,47258200
BVA,2026-02-02,0.1890,20936400
BVA,2026-02-09,0.1910,32986900
BVA,2026-02-16,0.1930,8282800
BVA,2026-02-23,0.1900,23517500
BVA,2026-03-02,0.1800,39143400
BVA,2026-03-09,0.1930,49610400
BVA,2026-03-16,0.1780,58957100
BVA,2026-03-23,0.1810,43650400
BVA,2026-03-30,0.2350,150237400
BVA,2026-04-06,0.2550,132112100
BVA,2026-04-13,0.2350,59233100
BVA,2026-04-20,0.2300,35659200
BVA,2026-04-27,0.2300,14090800
BVA,2026-05-04,0.2400,38206600
BVA,2026-05-11,0.2500,102855500
BVA,2026-05-18,0.2600,29499900
BVA,2026-05-25,0.2600,19633900
BVA,2026-06-01,0.2550,25499000
BVA,2026-06-08,0.2550,28526200
BVA,2026-06-15,0.2300,34516600
BVA,2026-06-22,0.2100,20622000
BVA,2026-06-29,0.2150,10838000
C07,2023-07-03,33.7500,1152000
C07,2023-07-10,34.5900,1265800
C07,2023-07-17,33.3500,1603800
C07,2023-07-24,33.9500,1123000
C07,2023-07-31,32.5800,1927873
C07,2023-08-07,33.9700,1566000
C07,2023-08-14,32.5100,1685800
C07,2023-08-21,32.5100,1862200
C07,2023-08-28,33.4200,1784600
C07,2023-09-04,32.1300,1378600
C07,2023-09-11,31.8100,1880700
C07,2023-09-18,31.7000,1353500
C07,2023-09-25,31.9300,1716000
C07,2023-10-02,30.7800,1153300
C07,2023-10-09,30.5500,1191700
C07,2023-10-16,28.4100,1647100
C07,2023-10-23,28.4500,1030300
C07,2023-10-30,29.4200,1836700
C07,2023-11-06,28.9600,1007500
C07,2023-11-13,29.7700,1157800
C07,2023-11-20,29.5300,864400
C07,2023-11-27,29.1200,2078200
C07,2023-12-04,29.6000,1500000
C07,2023-12-11,28.7500,1480600
C07,2024-01-01,29.1200,1014500
C07,2024-01-08,29.0900,1353600
C07,2024-01-15,29.4500,1870100
C07,2024-01-22,26.9400,4452500
C07,2024-01-29,26.7100,3477700
C07,2024-02-05,27.0800,1834800
C07,2024-02-12,26.5200,2940700
C07,2024-02-19,26.0800,2924500
C07,2024-02-26,25.0000,4859700
C07,2024-03-04,24.2500,4832900
C07,2024-03-11,24.3500,4191300
C07,2024-03-18,24.3500,4049800
C07,2024-03-25,24.1700,3427500
C07,2024-04-01,24.6700,3474100
C07,2024-04-08,26.9000,4103400
C07,2024-04-15,26.5000,6687900
C07,2024-04-22,26.2600,3975273
C07,2024-04-29,26.6500,2201000
C07,2024-05-06,27.0400,2418400
C07,2024-05-13,27.3900,5220013
C07,2024-05-20,27.5500,3254800
C07,2024-05-27,25.7400,18701553
C07,2024-06-03,27.1600,9492320
C07,2024-06-10,27.3300,3376200
C07,2024-06-17,29.0000,3699600
C07,2024-06-24,26.6000,5865200
C07,2024-07-01,26.0800,2121600
C07,2024-07-08,25.8100,1927300
C07,2024-07-15,25.1900,1963500
C07,2024-07-22,25.4400,1343500
C07,2024-07-29,25.6400,1321600
C07,2024-08-05,25.7200,1222300
C07,2024-08-12,26.5700,1858100
C07,2024-08-19,27.7700,1598100
C07,2024-08-26,27.6700,1638539
C07,2024-09-02,26.6600,2047700
C07,2024-09-09,26.9000,2105600
C07,2024-09-16,27.6100,3592800
C07,2024-09-23,27.3700,1363300
C07,2024-09-30,27.2500,845700
C07,2024-10-07,27.6500,2086830
C07,2024-10-14,27.2400,843500
C07,2024-10-21,28.0900,1670900
C07,2024-10-28,27.9000,1093200
C07,2024-11-04,27.6300,1231000
C07,2024-11-11,28.0000,677700
C07,2024-11-18,28.2300,517000
C07,2024-11-25,28.2500,638600
C07,2024-12-02,29.4000,1259700
C07,2024-12-09,29.0700,373100
C07,2024-12-16,28.0000,938000
C07,2024-12-23,28.4900,290900
C07,2024-12-30,28.5300,289600
C07,2025-01-06,28.0000,792500
C07,2025-01-13,28.0800,884500
C07,2025-01-20,28.0000,1403900
C07,2025-01-27,27.8700,303700
C07,2025-02-03,27.0300,1460155
C07,2025-02-10,26.4200,1115600
C07,2025-02-17,26.5700,1231100
C07,2025-02-24,26.6600,1636300
C07,2025-03-03,25.6000,2240500
C07,2025-03-10,25.6000,1264600
C07,2025-03-17,26.3000,1911197
C07,2025-03-24,26.4200,780579
C07,2025-03-31,25.6500,601100
C07,2025-04-07,24.2400,1522000
C07,2025-04-14,25.0800,399000
C07,2025-04-21,25.8300,555900
C07,2025-04-28,25.5500,440100
C07,2025-05-05,25.6600,451300
C07,2025-05-12,25.9000,548300
C07,2025-05-19,25.8700,541100
C07,2025-05-26,24.4500,936800
C07,2025-06-02,23.9600,1124900
C07,2025-06-09,24.0000,871700
C07,2025-06-16,24.4500,1756600
C07,2025-06-23,24.1900,959200
C07,2025-06-30,24.9000,651300
C07,2025-07-07,25.1200,728200
C07,2025-07-14,26.2800,1033300
C07,2025-07-21,27.2000,815500
C07,2025-07-28,25.8100,997600
C07,2025-08-04,25.8500,528600
C07,2025-08-11,26.4700,418900
C07,2025-08-18,28.8600,2226300
C07,2025-08-25,28.2800,763800
C07,2025-09-01,27.4900,570200
C07,2025-09-08,28.6800,764900
C07,2025-09-15,28.4800,1037800
C07,2025-09-22,28.6800,525000
C07,2025-09-29,28.8900,227200
C07,2025-10-06,28.6600,499300
C07,2025-10-13,28.5800,561200
C07,2025-10-20,31.8500,1392500
C07,2025-10-27,32.4900,1341800
C07,2025-11-03,32.7000,866400
C07,2025-11-10,31.7900,585200
C07,2025-11-17,32.5800,803400
C07,2025-11-24,34.1400,1058000
C07,2025-12-01,34.0500,681200
C07,2025-12-08,33.5600,553700
C07,2025-12-15,33.0600,773400
C07,2025-12-22,33.3800,196200
C07,2025-12-29,33.9900,503800
C07,2026-01-05,34.6700,967600
C07,2026-01-12,35.5000,549500
C07,2026-01-19,34.9300,1285400
C07,2026-01-26,31.7900,2372700
C07,2026-02-02,33.3800,1468000
C07,2026-02-09,33.8400,645700
C07,2026-02-16,34.2000,231300
C07,2026-02-23,35.3600,1057100
C07,2026-03-02,34.0600,1450100
C07,2026-03-09,33.1300,734300
C07,2026-03-16,33.3300,1155600
C07,2026-03-23,34.9100,888900
C07,2026-03-30,34.3100,732300
C07,2026-04-06,34.4500,771800
C07,2026-04-13,33.9200,827300
C07,2026-04-20,33.2000,698700
C07,2026-04-27,32.5800,693900
C07,2026-05-04,32.8800,1214300
C07,2026-05-11,32.8800,968200
C07,2026-05-18,31.6500,1672960
C07,2026-05-25,29.6000,2311600
C07,2026-06-01,28.3400,877600
C07,2026-06-08,28.6100,1261900
C07,2026-06-15,27.4200,1759800
C07,2026-06-22,26.7400,3449500
C07,2026-06-29,27.4100,1011600
C09,2023-07-03,6.7600,8226700
C09,2023-07-10,6.9500,8640100
C09,2023-07-17,7.0200,4511700
C09,2023-07-24,7.3000,11512700
C09,2023-07-31,7.2300,6695300
C09,2023-08-07,6.8600,7050800
C09,2023-08-14,6.6200,10636600
C09,2023-08-21,6.6600,7721400
C09,2023-08-28,6.6800,6961400
C09,2023-09-04,6.6900,6001600
C09,2023-09-11,6.9000,8831300
C09,2023-09-18,6.6300,5801200
C09,2023-09-25,6.6100,6303400
C09,2023-10-02,6.5700,6791300
C09,2023-10-09,6.6700,5695600
C09,2023-10-16,6.2800,6540800
C09,2023-10-23,6.2400,6848400
C09,2023-10-30,6.4600,6894700
C09,2023-11-06,6.0700,10894200
C09,2023-11-13,6.1800,14435800
C09,2023-11-20,6.2100,8465200
C09,2023-11-27,6.1800,14123400
C09,2023-12-04,6.2900,11219300
C09,2023-12-11,6.7600,13499700
C09,2024-01-01,6.3900,6079200
C09,2024-01-08,6.4100,6467100
C09,2024-01-15,6.3000,6905800
C09,2024-01-22,6.1800,10427700
C09,2024-01-29,6.0600,17545000
C09,2024-02-05,5.9300,11937300
C09,2024-02-12,6.0800,13065100
C09,2024-02-19,6.0400,15112100
C09,2024-02-26,5.7000,25680900
C09,2024-03-04,5.7500,17439700
C09,2024-03-11,5.9100,19647450
C09,2024-03-18,5.9100,16384070
C09,2024-03-25,5.8500,12016800
C09,2024-04-01,5.9100,10027700
C09,2024-04-08,5.7900,10270600
C09,2024-04-15,5.7400,16708200
C09,2024-04-22,6.0700,14816600
C09,2024-04-29,5.9400,9675400
C09,2024-05-06,5.9800,7514200
C09,2024-05-13,5.8100,17577808
C09,2024-05-20,5.8900,11192500
C09,2024-05-27,5.6100,89226200
C09,2024-06-03,5.5000,36587741
C09,2024-06-10,5.3100,16944700
C09,2024-06-17,5.3100,10658100
C09,2024-06-24,5.1600,13123600
C09,2024-07-01,5.3100,8011900
C09,2024-07-08,5.4900,8854200
C09,2024-07-15,5.3800,5483700
C09,2024-07-22,5.3400,6085700
C09,2024-07-29,5.2800,9190100
C09,2024-08-05,5.1500,8823500
C09,2024-08-12,5.0800,11317600
C09,2024-08-19,5.2000,8724100
C09,2024-08-26,5.2300,7701600
C09,2024-09-02,5.2400,4631000
C09,2024-09-09,5.3500,5348900
C09,2024-09-16,5.3500,13675939
C09,2024-09-23,5.4100,9258000
C09,2024-09-30,5.4600,8835600
C09,2024-10-07,5.2400,11137700
C09,2024-10-14,5.2900,9029600
C09,2024-10-21,5.2100,7708200
C09,2024-10-28,5.2200,5429500
C09,2024-11-04,5.2000,8484700
C09,2024-11-11,5.0900,8368100
C09,2024-11-18,5.1400,4894400
C09,2024-11-25,5.2100,7838300
C09,2024-12-02,5.2900,7331500
C09,2024-12-09,5.2300,5478100
C09,2024-12-16,5.0500,8979800
C09,2024-12-23,5.1200,1642200
C09,2024-12-30,5.1900,3625600
C09,2025-01-06,5.0900,4451800
C09,2025-01-13,5.1000,5019800
C09,2025-01-20,5.0600,5297300
C09,2025-01-27,5.0500,2930600
C09,2025-02-03,5.0600,4719500
C09,2025-02-10,5.0600,4980100
C09,2025-02-17,5.0100,4499300
C09,2025-02-24,5.1200,4420100
C09,2025-03-03,5.0300,29175930
C09,2025-03-10,5.0500,15590400
C09,2025-03-17,5.0400,8082000
C09,2025-03-24,5.0100,6880500
C09,2025-03-31,4.8500,9309300
C09,2025-04-07,4.4800,22004700
C09,2025-04-14,4.6900,6486300
C09,2025-04-21,4.9900,10748600
C09,2025-04-28,4.8600,5246600
C09,2025-05-05,4.8500,5797800
C09,2025-05-12,4.7900,5538700
C09,2025-05-19,4.7700,6974200
C09,2025-05-26,4.8400,4652800
C09,2025-06-02,5.2500,20813500
C09,2025-06-09,5.1300,10511400
C09,2025-06-16,4.9900,10453800
C09,2025-06-23,5.1400,7181000
C09,2025-06-30,5.3900,15703300
C09,2025-07-07,5.4300,5433800
C09,2025-07-14,5.9000,19833700
C09,2025-07-21,6.3800,18054700
C09,2025-07-28,6.1200,12381000
C09,2025-08-04,6.3300,11787300
C09,2025-08-11,6.7300,25113200
C09,2025-08-18,6.7900,9492400
C09,2025-08-25,6.8000,10755200
C09,2025-09-01,6.6800,5601200
C09,2025-09-08,6.8200,7502500
C09,2025-09-15,6.7300,9391900
C09,2025-09-22,6.8300,9492100
C09,2025-09-29,7.1800,11284300
C09,2025-10-06,7.0600,8908200
C09,2025-10-13,6.9700,7416800
C09,2025-10-20,7.3700,9961900
C09,2025-10-27,7.2300,10592000
C09,2025-11-03,7.1000,12840900
C09,2025-11-10,7.3500,15159200
C09,2025-11-17,7.0800,17676700
C09,2025-11-24,7.2300,19599700
C09,2025-12-01,7.2800,12114300
C09,2025-12-08,7.3400,7402700
C09,2025-12-15,7.9800,20609200
C09,2025-12-22,7.9600,6561500
C09,2025-12-29,8.0200,4628600
C09,2026-01-05,8.8700,20702000
C09,2026-01-12,9.1600,11557700
C09,2026-01-19,9.2100,12943300
C09,2026-01-26,9.2800,13051300
C09,2026-02-02,9.5700,13048980
C09,2026-02-09,9.7100,10037500
C09,2026-02-16,9.7700,4629200
C09,2026-02-23,9.8200,15307600
C09,2026-03-02,9.1600,25221600
C09,2026-03-09,9.0300,13745400
C09,2026-03-16,8.4200,19638336
C09,2026-03-23,8.3800,12985100
C09,2026-03-30,8.2000,8601400
C09,2026-04-06,8.4200,9978000
C09,2026-04-13,8.3800,6701000
C09,2026-04-20,8.5100,11429700
C09,2026-04-27,8.1600,6087200
C09,2026-05-04,8.2600,5982452
C09,2026-05-11,7.8600,10523100
C09,2026-05-18,8.1700,10031100
C09,2026-05-25,8.5800,11883500
C09,2026-06-01,8.3600,4681400
C09,2026-06-08,8.3500,5536000
C09,2026-06-15,8.2600,14116792
C09,2026-06-22,7.8600,11704100
C09,2026-06-29,7.9000,10890300
C09,2026-07-20,7.4800,8167300
C09,2026-08-10,8.1200,15055600
C09,2026-08-17,8.2500,6750600
C09,2026-08-24,8.3400,8955200
C2PU,2023-07-03,3.8000,1801000
C2PU,2023-07-10,3.7500,3897700
C2PU,2023-07-17,3.8300,4226700
C2PU,2023-07-24,3.8800,2395500
C2PU,2023-07-31,3.8200,1981500
C2PU,2023-08-07,3.7600,701200
C2PU,2023-08-14,3.8200,2819200
C2PU,2023-08-21,3.7900,1734300
C2PU,2023-08-28,3.8400,1228300
C2PU,2023-09-04,3.7900,1077100
C2PU,2023-09-11,3.7600,1447700
C2PU,2023-09-18,3.6900,2936000
C2PU,2023-09-25,3.6900,2666200
C2PU,2023-10-02,3.6800,1757100
C2PU,2023-10-09,3.6900,1250600
C2PU,2023-10-16,3.5200,2369400
C2PU,2023-10-23,3.3500,2484900
C2PU,2023-10-30,3.4900,3216133
C2PU,2023-11-06,3.4600,2038200
C2PU,2023-11-13,3.5600,1514600
C2PU,2023-11-20,3.5700,1507100
C2PU,2023-11-27,3.4700,2370400
C2PU,2023-12-04,3.5500,1431500
C2PU,2023-12-11,3.6100,4050100
C2PU,2024-01-01,3.6700,1405500
C2PU,2024-01-08,3.6600,1677800
C2PU,2024-01-15,3.6100,2206800
C2PU,2024-01-22,3.5400,1792200
C2PU,2024-01-29,3.6400,7967500
C2PU,2024-02-05,3.6700,3474200
C2PU,2024-02-12,3.7100,1804600
C2PU,2024-02-19,3.6600,3080200
C2PU,2024-02-26,3.5300,4011000
C2PU,2024-03-04,3.5400,1939300
C2PU,2024-03-11,3.4300,4337600
C2PU,2024-03-18,3.4300,3530500
C2PU,2024-03-25,3.5000,2684800
C2PU,2024-04-01,3.5100,2293300
C2PU,2024-04-08,3.5100,3229900
C2PU,2024-04-15,3.4400,2586600
C2PU,2024-04-22,3.5400,3105100
C2PU,2024-04-29,3.5100,2312500
C2PU,2024-05-06,3.6100,3857100
C2PU,2024-05-13,3.6000,2159500
C2PU,2024-05-20,3.6000,1543300
C2PU,2024-05-27,3.5800,2207200
C2PU,2024-06-03,3.6700,2953100
C2PU,2024-06-10,3.6400,2084500
C2PU,2024-06-17,3.5000,4414800
C2PU,2024-06-24,3.5000,2683000
C2PU,2024-07-01,3.5800,1520700
C2PU,2024-07-08,3.7100,3052000
C2PU,2024-07-15,3.6600,3349200
C2PU,2024-07-22,3.5800,2495400
C2PU,2024-07-29,3.6100,2783200
C2PU,2024-08-05,3.5200,3086100
C2PU,2024-08-12,3.5900,2629700
C2PU,2024-08-19,3.7100,2645700
C2PU,2024-08-26,3.7500,2689100
C2PU,2024-09-02,3.8600,3560500
C2PU,2024-09-09,4.0100,4000200
C2PU,2024-09-16,4.0900,5514100
C2PU,2024-09-23,4.2000,3853700
C2PU,2024-09-30,4.0800,4640800
C2PU,2024-10-07,4.0500,2728200
C2PU,2024-10-14,3.9900,2355600
C2PU,2024-10-21,3.8000,9505500
C2PU,2024-10-28,3.7500,7329100
C2PU,2024-11-04,3.5900,17433400
C2PU,2024-11-11,3.5800,3692500
C2PU,2024-11-18,3.6600,4712100
C2PU,2024-11-25,3.8000,5296600
C2PU,2024-12-02,3.7900,2718000
C2PU,2024-12-09,3.6400,2568800
C2PU,2024-12-16,3.6300,5243000
C2PU,2024-12-23,3.7100,1241800
C2PU,2024-12-30,3.7800,1896500
C2PU,2025-01-06,3.7700,2889100
C2PU,2025-01-13,3.8000,3629800
C2PU,2025-01-20,3.9300,4733700
C2PU,2025-01-27,3.8700,2971134
C2PU,2025-02-03,3.9800,9139905
C2PU,2025-02-10,3.8700,5610500
C2PU,2025-02-17,3.8100,5241500
C2PU,2025-02-24,3.7900,8526600
C2PU,2025-03-03,3.9300,4463601
C2PU,2025-03-10,4.0600,10449800
C2PU,2025-03-17,4.1400,9912100
C2PU,2025-03-24,4.1500,4519300
C2PU,2025-03-31,4.2600,7606700
C2PU,2025-04-07,4.1500,10636800
C2PU,2025-04-14,4.1800,3707400
C2PU,2025-04-21,4.1800,3897000
C2PU,2025-04-28,4.2000,4410100
C2PU,2025-05-05,4.2300,4946600
C2PU,2025-05-12,4.1200,5659900
C2PU,2025-05-19,4.0800,2102800
C2PU,2025-05-26,4.0700,3313900
C2PU,2025-06-02,4.0400,6267400
C2PU,2025-06-09,4.0200,3704500
C2PU,2025-06-16,4.0500,5970300
C2PU,2025-06-23,4.1100,3932500
C2PU,2025-06-30,4.1100,4125100
C2PU,2025-07-07,4.0300,5395500
C2PU,2025-07-14,4.0300,2794500
C2PU,2025-07-21,4.0500,6397300
C2PU,2025-07-28,3.9800,5855300
C2PU,2025-08-04,4.1300,5674100
C2PU,2025-08-11,4.0400,5070900
C2PU,2025-08-18,4.1100,3807300
C2PU,2025-08-25,4.2200,3883300
C2PU,2025-09-01,4.1800,3837200
C2PU,2025-09-08,4.3100,3017100
C2PU,2025-09-15,4.1900,7067200
C2PU,2025-09-22,4.0900,5677700
C2PU,2025-09-29,4.1600,4662800
C2PU,2025-10-06,4.1400,3878900
C2PU,2025-10-13,4.1500,3663900
C2PU,2025-10-20,4.1800,2085600
C2PU,2025-10-27,4.1000,4713800
C2PU,2025-11-03,4.0500,11022400
C2PU,2025-11-10,4.0000,7145000
C2PU,2025-11-17,3.9800,8350700
C2PU,2025-11-24,4.0500,4781500
C2PU,2025-12-01,4.0400,2987200
C2PU,2025-12-08,4.0300,2337700
C2PU,2025-12-15,4.0100,4021000
C2PU,2025-12-22,4.0300,1069800
C2PU,2025-12-29,4.0800,1315700
C2PU,2026-01-05,4.1600,3636800
C2PU,2026-01-12,4.1500,3667100
C2PU,2026-01-19,4.1300,4648800
C2PU,2026-01-26,4.0800,6302100
C2PU,2026-02-02,4.0800,4844500
C2PU,2026-02-09,4.0300,5240200
C2PU,2026-02-16,4.0400,1564900
C2PU,2026-02-23,4.0200,7231400
C2PU,2026-03-02,4.0200,8745200
C2PU,2026-03-09,3.9700,5398500
C2PU,2026-03-16,4.0400,4088300
C2PU,2026-03-23,3.9500,6952000
C2PU,2026-03-30,3.9700,4890400
C2PU,2026-04-06,4.0000,5405800
C2PU,2026-04-13,4.0400,6015800
C2PU,2026-04-20,4.0400,4248700
C2PU,2026-04-27,4.0200,3981700
C2PU,2026-05-04,3.9900,8118700
C2PU,2026-05-11,3.9800,4417000
C2PU,2026-05-18,3.9900,5695400
C2PU,2026-05-25,4.0100,4469300
C2PU,2026-06-01,3.9600,6951400
C2PU,2026-06-08,3.9400,5925300
C2PU,2026-06-15,3.9400,6535700
C2PU,2026-06-22,4.0900,7243600
C2PU,2026-06-29,4.1000,4480500
C38U,2023-07-03,1.8600,72586200
C38U,2023-07-10,1.9700,78896400
C38U,2023-07-17,1.9900,76876600
C38U,2023-07-24,2.0500,83572000
C38U,2023-07-31,1.9900,90096900
C38U,2023-08-07,1.9300,51255200
C38U,2023-08-14,1.9000,54248500
C38U,2023-08-21,1.8900,57986100
C38U,2023-08-28,1.9100,63116613
C38U,2023-09-04,1.8900,49610600
C38U,2023-09-11,1.9400,68181600
C38U,2023-09-18,1.8700,61527578
C38U,2023-09-25,1.8500,76449100
C38U,2023-10-02,1.7700,83220438
C38U,2023-10-09,1.8200,73111900
C38U,2023-10-16,1.7100,104568500
C38U,2023-10-23,1.7400,90075100
C38U,2023-10-30,1.8400,92135700
C38U,2023-11-06,1.7900,62343900
C38U,2023-11-13,1.8600,78644400
C38U,2023-11-20,1.8800,57847900
C38U,2023-11-27,1.8500,99594834
C38U,2023-12-04,1.9000,60523695
C38U,2023-12-11,2.0100,120179683
C38U,2024-01-01,2.0100,87180700
C38U,2024-01-08,2.0100,103928800
C38U,2024-01-15,1.9600,101552219
C38U,2024-01-22,1.9600,122586500
C38U,2024-01-29,2.0100,130298400
C38U,2024-02-05,1.9800,151656300
C38U,2024-02-12,1.9600,134380800
C38U,2024-02-19,1.9500,107488700
C38U,2024-02-26,1.9100,122925900
C38U,2024-03-04,1.9600,95849000
C38U,2024-03-11,1.9200,75887900
C38U,2024-03-18,1.9700,86450100
C38U,2024-03-25,1.9800,69829300
C38U,2024-04-01,1.9700,72614700
C38U,2024-04-08,1.9200,88729900
C38U,2024-04-15,1.8800,185509400
C38U,2024-04-22,1.9600,131030900
C38U,2024-04-29,1.9300,86909400
C38U,2024-05-06,1.9500,85449900
C38U,2024-05-13,1.9700,96931200
C38U,2024-05-20,1.9900,59485332
C38U,2024-05-27,1.9600,105985601
C38U,2024-06-03,2.0000,109901000
C38U,2024-06-10,1.9400,99873500
C38U,2024-06-17,1.9400,82579350
C38U,2024-06-24,1.9800,93170557
C38U,2024-07-01,2.0000,92968900
C38U,2024-07-08,2.1200,129567700
C38U,2024-07-15,2.0500,90329000
C38U,2024-07-22,2.0500,59282800
C38U,2024-07-29,2.1300,149964226
C38U,2024-08-05,2.0800,123161000
C38U,2024-08-12,2.1100,130455900
C38U,2024-08-19,2.0900,130352500
C38U,2024-08-26,2.1200,150781100
C38U,2024-09-02,2.1345,243387526
C38U,2024-09-09,2.1300,177470855
C38U,2024-09-16,2.1000,225725300
C38U,2024-09-23,2.1500,162239102
C38U,2024-09-30,2.1200,169481254
C38U,2024-10-07,2.0800,108615200
C38U,2024-10-14,2.1200,79578400
C38U,2024-10-21,2.0300,116633200
C38U,2024-10-28,2.0300,138291309
C38U,2024-11-04,1.9700,185883243
C38U,2024-11-11,1.9800,117127400
C38U,2024-11-18,1.9300,187861186
C38U,2024-11-25,1.9600,161454758
C38U,2024-12-02,1.9400,100238600
C38U,2024-12-09,1.9300,83815800
C38U,2024-12-16,1.9100,127318300
C38U,2024-12-23,1.9400,39108300
C38U,2024-12-30,1.9700,48490500
C38U,2025-01-06,1.9400,106877300
C38U,2025-01-13,1.9600,121922500
C38U,2025-01-20,1.9500,105546500
C38U,2025-01-27,1.9500,62839393
C38U,2025-02-03,1.9800,103495400
C38U,2025-02-10,1.9700,102608200
C38U,2025-02-17,1.9500,108670300
C38U,2025-02-24,1.9700,132988900
C38U,2025-03-03,2.0100,129680000
C38U,2025-03-10,2.1300,180384251
C38U,2025-03-17,2.0800,174808000
C38U,2025-03-24,2.1000,160220959
C38U,2025-03-31,2.1400,176102500
C38U,2025-04-07,2.0400,248106500
C38U,2025-04-14,2.1200,102604200
C38U,2025-04-21,2.1400,95509900
C38U,2025-04-28,2.1500,88527900
C38U,2025-05-05,2.1000,116666367
C38U,2025-05-12,2.0600,98795900
C38U,2025-05-19,2.0700,100686900
C38U,2025-05-26,2.0900,178056056
C38U,2025-06-02,2.1100,83668154
C38U,2025-06-09,2.1300,67750500
C38U,2025-06-16,2.1700,124020700
C38U,2025-06-23,2.1800,202980000
C38U,2025-06-30,2.2000,157189191
C38U,2025-07-07,2.2100,118281200
C38U,2025-07-14,2.2000,99884500
C38U,2025-07-21,2.2100,101278300
C38U,2025-07-28,2.1900,94042170
C38U,2025-08-04,2.2600,113297322
C38U,2025-08-11,2.2000,93928500
C38U,2025-08-18,2.2500,127452580
C38U,2025-08-25,2.2800,108665657
C38U,2025-09-01,2.2600,77655779
C38U,2025-09-08,2.3400,84541300
C38U,2025-09-15,2.2900,132392400
C38U,2025-09-22,2.2600,111382783
C38U,2025-09-29,2.3500,144474830
C38U,2025-10-06,2.3400,79433419
C38U,2025-10-13,2.3800,117235800
C38U,2025-10-20,2.4000,81580200
C38U,2025-10-27,2.3700,121940138
C38U,2025-11-03,2.3200,197782700
C38U,2025-11-10,2.3200,136148400
C38U,2025-11-17,2.3300,106562900
C38U,2025-11-24,2.3500,140992188
C38U,2025-12-01,2.3300,80543200
C38U,2025-12-08,2.3300,120213900
C38U,2025-12-15,2.3400,141502851
C38U,2025-12-22,2.3600,46641300
C38U,2025-12-29,2.3800,45974720
C38U,2026-01-05,2.4100,106438500
C38U,2026-01-12,2.4100,105005984
C38U,2026-01-19,2.3600,96759600
C38U,2026-01-26,2.3900,174363400
C38U,2026-02-02,2.4500,167130200
C38U,2026-02-09,2.4200,164180100
C38U,2026-02-16,2.4200,60705200
C38U,2026-02-23,2.4500,184669420
C38U,2026-03-02,2.3800,153760138
C38U,2026-03-09,2.3400,139971000
C38U,2026-03-16,2.3900,111676700
C38U,2026-03-23,2.3000,162444697
C38U,2026-03-30,2.3200,112219793
C38U,2026-04-06,2.3500,107986800
C38U,2026-04-13,2.3900,136427600
C38U,2026-04-20,2.4800,154117909
C38U,2026-04-27,2.3600,154304976
C38U,2026-05-04,2.3200,171204706
C38U,2026-05-11,2.2700,158020597
C38U,2026-05-18,2.2900,154268255
C38U,2026-05-25,2.2700,150875358
C38U,2026-06-01,2.2700,112435600
C38U,2026-06-08,2.3400,162914000
C38U,2026-06-15,2.3500,191491100
C38U,2026-06-22,2.4000,165882019
C38U,2026-06-29,2.4000,115192800
C38U,2026-07-06,2.4400,96111000
C38U,2026-07-13,2.4700,136389200
C38U,2026-07-20,2.4400,128537212
C38U,2026-08-10,2.4300,138404639
C41,2023-07-03,3.8000,800
C41,2023-07-10,3.9100,4600
C41,2023-07-17,3.9200,9200
C41,2023-07-24,4.0000,17800
C41,2023-07-31,4.0500,5900
C41,2023-08-07,3.7500,3200
C41,2023-08-14,3.5100,8600
C41,2023-08-21,3.5400,1000
C41,2023-08-28,3.3100,11800
C41,2023-09-04,3.4600,2200
C41,2023-09-11,3.5000,17900
C41,2023-09-18,3.5000,100
C41,2023-09-25,3.5000,0
C41,2023-10-02,3.5000,500
C41,2023-10-09,3.5000,500
C41,2023-10-16,3.5000,0
C41,2023-10-23,3.5000,2100
C41,2023-10-30,3.5000,0
C41,2023-11-06,3.5000,0
C41,2023-11-13,3.5000,0
C41,2023-11-20,3.4000,1500
C41,2023-11-27,3.4000,1000
C41,2023-12-04,3.5000,1900
C41,2023-12-11,3.5000,0
C41,2024-01-01,3.5000,0
C41,2024-01-08,3.5000,0
C41,2024-01-15,3.5000,0
C41,2024-01-22,3.2000,100
C41,2024-01-29,3.2000,16000
C41,2024-02-05,2.9000,3900
C41,2024-02-12,3.0000,6200
C41,2024-02-19,3.0000,0
C41,2024-02-26,3.0000,1500
C41,2024-03-04,3.0500,300
C41,2024-03-11,3.0100,100
C41,2024-03-18,3.3000,1600
C41,2024-03-25,3.2500,2300
C41,2024-04-01,3.2500,0
C41,2024-04-08,3.3000,4800
C41,2024-04-15,3.2200,1600
C41,2024-04-22,3.3000,1400
C41,2024-04-29,3.3000,0
C41,2024-05-06,3.2500,200
C41,2024-05-13,3.2200,2000
C41,2024-05-20,3.2200,500
C41,2024-05-27,3.2200,1400
C41,2024-06-03,3.2200,0
C41,2024-06-10,3.2200,600
C41,2024-06-17,3.0000,200
C41,2024-06-24,3.0000,9200
C41,2024-07-01,2.7900,1600
C41,2024-07-08,3.1800,11700
C41,2024-07-15,3.1800,700
C41,2024-07-22,3.1500,1000
C41,2024-07-29,3.1600,4200
C41,2024-08-05,3.1600,0
C41,2024-08-12,2.9900,7300
C41,2024-08-19,3.0100,100
C41,2024-08-26,3.0000,1100
C41,2024-09-02,3.0100,3000
C41,2024-09-09,3.0500,100
C41,2024-09-16,3.0500,0
C41,2024-09-23,3.0100,300
C41,2024-09-30,3.0100,0
C41,2024-10-07,3.0100,100
C41,2024-10-14,2.7800,7000
C41,2024-10-21,2.7800,0
C41,2024-10-28,2.8000,100
C41,2024-11-04,2.8000,800
C41,2024-11-11,2.9400,2300
C41,2024-11-18,2.9400,0
C41,2024-11-25,2.8200,3400
C41,2024-12-02,2.9000,7600
C41,2024-12-09,2.9000,0
C41,2024-12-16,2.9000,0
C41,2024-12-23,2.9000,0
C41,2024-12-30,2.9000,0
C41,2025-01-06,2.8200,1200
C41,2025-01-13,2.8200,0
C41,2025-01-20,2.8200,0
C41,2025-01-27,2.8200,0
C41,2025-02-03,2.8000,10100
C41,2025-02-10,2.7200,12000
C41,2025-02-17,2.7200,0
C41,2025-02-24,2.7200,1000
C41,2025-03-03,2.7200,3000
C41,2025-03-10,2.7200,11100
C41,2025-03-17,2.7200,0
C41,2025-03-24,2.7300,1200
C41,2025-03-31,2.7300,0
C41,2025-04-07,2.7300,0
C41,2025-04-14,2.7300,0
C41,2025-04-21,2.7200,25200
C41,2025-04-28,2.7000,2200
C41,2025-05-05,2.7000,11500
C41,2025-05-12,2.7000,0
C41,2025-05-19,2.5500,7800
C41,2025-05-26,2.9000,13300
C41,2025-06-02,3.2300,25900
C41,2025-06-09,3.2600,5200
C41,2025-06-16,3.3000,7000
C41,2025-06-23,3.3200,500
C52,2023-07-03,1.2000,39357300
C52,2023-07-10,1.2300,31411300
C52,2023-07-17,1.2500,39351200
C52,2023-07-24,1.2400,34529900
C52,2023-07-31,1.2600,25378100
C52,2023-08-07,1.2600,20871800
C52,2023-08-14,1.2900,50329800
C52,2023-08-21,1.2700,21652400
C52,2023-08-28,1.2700,13265800
C52,2023-09-04,1.2500,22022100
C52,2023-09-11,1.2800,33056600
C52,2023-09-18,1.2800,24432600
C52,2023-09-25,1.3000,34147500
C52,2023-10-02,1.2900,28958800
C52,2023-10-09,1.3300,37185600
C52,2023-10-16,1.2800,32496700
C52,2023-10-23,1.3000,35080200
C52,2023-10-30,1.3200,20610200
C52,2023-11-06,1.3200,29068700
C52,2023-11-13,1.3300,18177900
C52,2023-11-20,1.3400,23525100
C52,2023-11-27,1.2900,41388000
C52,2023-12-04,1.3500,25337100
C52,2023-12-11,1.4100,49987000
C52,2024-01-01,1.4200,20359800
C52,2024-01-08,1.4100,21117100
C52,2024-01-15,1.3900,26398100
C52,2024-01-22,1.3900,12869100
C52,2024-01-29,1.4100,23548100
C52,2024-02-05,1.4000,18623300
C52,2024-02-12,1.4100,33077900
C52,2024-02-19,1.3900,15811000
C52,2024-02-26,1.3600,25060800
C52,2024-03-04,1.3500,22794900
C52,2024-03-11,1.3900,27471100
C52,2024-03-18,1.3800,13108600
C52,2024-03-25,1.4000,22018600
C52,2024-04-01,1.4700,54595200
C52,2024-04-08,1.4800,27810700
C52,2024-04-15,1.4500,29930700
C52,2024-04-22,1.4800,30708345
C52,2024-04-29,1.4800,23578800
C52,2024-05-06,1.4400,34940800
C52,2024-05-13,1.3900,62048600
C52,2024-05-20,1.4000,42269000
C52,2024-05-27,1.3900,24338200
C52,2024-06-03,1.3700,25422700
C52,2024-06-10,1.3600,36211800
C52,2024-06-17,1.3700,23368800
C52,2024-06-24,1.3400,24678800
C52,2024-07-01,1.3400,17685700
C52,2024-07-08,1.3900,24099200
C52,2024-07-15,1.3900,21674000
C52,2024-07-22,1.3900,21491600
C52,2024-07-29,1.4100,26132700
C52,2024-08-05,1.4000,38109500
C52,2024-08-12,1.4300,46557900
C52,2024-08-19,1.3900,29862400
C52,2024-08-26,1.4200,41282800
C52,2024-09-02,1.4400,32477300
C52,2024-09-09,1.4900,50161900
C52,2024-09-16,1.5000,32530900
C52,2024-09-23,1.5100,36507600
C52,2024-09-30,1.4900,29146600
C52,2024-10-07,1.4500,40470700
C52,2024-10-14,1.4500,30101300
C52,2024-10-21,1.4500,23606000
C52,2024-10-28,1.4700,25315500
C52,2024-11-04,1.4900,19997500
C52,2024-11-11,1.4700,23680900
C52,2024-11-18,1.4700,15381100
C52,2024-11-25,1.4600,20862300
C52,2024-12-02,1.4700,18186000
C52,2024-12-09,1.4600,13861900
C52,2024-12-16,1.4600,14939600
C52,2024-12-23,1.4700,8056400
C52,2024-12-30,1.4800,10114100
C52,2025-01-06,1.4500,16784800
C52,2025-01-13,1.3900,35441100
C52,2025-01-20,1.3900,17105800
C52,2025-01-27,1.4100,13650100
C52,2025-02-03,1.3600,39799200
C52,2025-02-10,1.3800,28349600
C52,2025-02-17,1.3600,43810000
C52,2025-02-24,1.3900,60776100
C52,2025-03-03,1.4600,76594800
C52,2025-03-10,1.4300,37685400
C52,2025-03-17,1.4500,48498300
C52,2025-03-24,1.4600,27671300
C52,2025-03-31,1.4700,41796800
C52,2025-04-07,1.3900,65547400
C52,2025-04-14,1.4800,35383500
C52,2025-04-21,1.5400,63088300
C52,2025-04-28,1.5400,52138100
C52,2025-05-05,1.5200,43524100
C52,2025-05-12,1.5000,36587300
C52,2025-05-19,1.4600,34500900
C52,2025-05-26,1.4200,68859000
C52,2025-06-02,1.4100,53466600
C52,2025-06-09,1.4100,39676900
C52,2025-06-16,1.4400,43073000
C52,2025-06-23,1.4300,42001500
C52,2025-06-30,1.4400,32014300
C52,2025-07-07,1.4200,44441200
C52,2025-07-14,1.4500,44015600
C52,2025-07-21,1.6400,156293800
C52,2025-07-28,1.5200,124646700
C52,2025-08-04,1.5600,62048800
C52,2025-08-11,1.5400,71151500
C52,2025-08-18,1.4700,101347700
C52,2025-08-25,1.4500,88914200
C52,2025-09-01,1.4700,63706300
C52,2025-09-08,1.4800,46593700
C52,2025-09-15,1.4900,68902000
C52,2025-09-22,1.4600,42804800
C52,2025-09-29,1.4700,68784800
C52,2025-10-06,1.4800,37080400
C52,2025-10-13,1.4700,45449100
C52,2025-10-20,1.4900,55534800
C52,2025-10-27,1.4600,57214400
C52,2025-11-03,1.4600,55381900
C52,2025-11-10,1.4600,45108200
C52,2025-11-17,1.4400,47761100
C52,2025-11-24,1.4400,29486100
C52,2025-12-01,1.4400,23476000
C52,2025-12-08,1.4300,40868700
C52,2025-12-15,1.4400,27239804
C52,2025-12-22,1.4700,18675700
C52,2025-12-29,1.4800,15072900
C52,2026-01-05,1.4600,30435000
C52,2026-01-12,1.4700,18599200
C52,2026-01-19,1.4700,51237300
C52,2026-01-26,1.4700,46311800
C52,2026-02-02,1.4800,45109400
C52,2026-02-09,1.5000,38592400
C52,2026-02-16,1.5200,33723200
C52,2026-02-23,1.5500,61142800
C52,2026-03-02,1.4600,108892800
C52,2026-03-09,1.4300,59133800
C52,2026-03-16,1.4700,60255900
C52,2026-03-23,1.4500,58532300
C52,2026-03-30,1.4400,32778000
C52,2026-04-06,1.4600,35260400
C52,2026-04-13,1.4800,27433400
C52,2026-04-20,1.5100,60505700
C52,2026-04-27,1.4800,39382100
C52,2026-05-04,1.4300,40216900
C52,2026-05-11,1.2800,130485600
C52,2026-05-18,1.2800,104154900
C52,2026-05-25,1.2900,49779800
C52,2026-06-01,1.2900,38686700
C52,2026-06-08,1.2900,80540934
C52,2026-06-15,1.3000,62602000
C52,2026-06-22,1.3300,60326200
C52,2026-06-29,1.3400,56328900
C52,2026-07-13,1.3400,35845600
C52,2026-08-17,1.2900,78713100
C6L,2023-07-03,7.3200,52947900
C6L,2023-07-10,7.4100,31611200
C6L,2023-07-17,7.3600,28785100
C6L,2023-07-24,7.5800,34134300
C6L,2023-07-31,7.1200,47879600
C6L,2023-08-07,7.3800,30440200
C6L,2023-08-14,6.8800,37763232
C6L,2023-08-21,6.8500,25169200
C6L,2023-08-28,6.8700,35496300
C6L,2023-09-04,6.7400,27371668
C6L,2023-09-11,6.8700,26814700
C6L,2023-09-18,6.6100,30707600
C6L,2023-09-25,6.4600,23940700
C6L,2023-10-02,6.5500,27206000
C6L,2023-10-09,6.4400,19284100
C6L,2023-10-16,5.9700,39759500
C6L,2023-10-23,6.0600,30625300
C6L,2023-10-30,6.2100,22198800
C6L,2023-11-06,6.2100,33284000
C6L,2023-11-13,6.2400,18697200
C6L,2023-11-20,6.3100,15170300
C6L,2023-11-27,6.3900,23506800
C6L,2023-12-04,6.3800,24689800
C6L,2023-12-11,6.4700,24879600
C6L,2024-01-01,6.3900,12593440
C6L,2024-01-08,6.5200,21255500
C6L,2024-01-15,6.5000,20457800
C6L,2024-01-22,6.6800,25606800
C6L,2024-01-29,6.8400,25940400
C6L,2024-02-05,6.8000,20939700
C6L,2024-02-12,7.3200,44958400
C6L,2024-02-19,6.5500,77791400
C6L,2024-02-26,6.4600,33418949
C6L,2024-03-04,6.3800,34542700
C6L,2024-03-11,6.3800,30065500
C6L,2024-03-18,6.4200,18584226
C6L,2024-03-25,6.4000,15648200
C6L,2024-04-01,6.4100,17057500
C6L,2024-04-08,6.4400,16819300
C6L,2024-04-15,6.2500,29807600
C6L,2024-04-22,6.5400,28942500
C6L,2024-04-29,6.5200,15460600
C6L,2024-05-06,6.7500,25326200
C6L,2024-05-13,6.7800,45663298
C6L,2024-05-20,6.6800,22647800
C6L,2024-05-27,6.7700,21700300
C6L,2024-06-03,6.8000,23961500
C6L,2024-06-10,6.7300,17369200
C6L,2024-06-17,6.7600,16181200
C6L,2024-06-24,6.9000,30798700
C6L,2024-07-01,6.9800,21101700
C6L,2024-07-08,7.0300,23098800
C6L,2024-07-15,7.0400,22256400
C6L,2024-07-22,6.9700,27758600
C6L,2024-07-29,6.1100,72481400
C6L,2024-08-05,5.8800,55712300
C6L,2024-08-12,6.1100,37358000
C6L,2024-08-19,6.2100,22167700
C6L,2024-08-26,6.2800,17146300
C6L,2024-09-02,6.2800,19015900
C6L,2024-09-09,6.5200,22794900
C6L,2024-09-16,6.6000,21075174
C6L,2024-09-23,6.6500,20768200
C6L,2024-09-30,6.6000,40311900
C6L,2024-10-07,6.4700,19747100
C6L,2024-10-14,6.5000,22246200
C6L,2024-10-21,6.4700,22725500
C6L,2024-10-28,6.4400,12303200
C6L,2024-11-04,6.4500,16194200
C6L,2024-11-11,6.3300,34782400
C6L,2024-11-18,6.3500,16865900
C6L,2024-11-25,6.3100,22504869
C6L,2024-12-02,6.3500,16897300
C6L,2024-12-09,6.4200,14295000
C6L,2024-12-16,6.3800,17745600
C6L,2024-12-23,6.4600,7425200
C6L,2024-12-30,6.4500,7392600
C6L,2025-01-06,6.3800,14334100
C6L,2025-01-13,6.3500,16210500
C6L,2025-01-20,6.3100,13956600
C6L,2025-01-27,6.3600,11609700
C6L,2025-02-03,6.3500,20808100
C6L,2025-02-10,6.3800,15645200
C6L,2025-02-17,6.5500,34268300
C6L,2025-02-24,6.8100,57747900
C6L,2025-03-03,6.9000,35466600
C6L,2025-03-10,6.6900,32077353
C6L,2025-03-17,6.8000,22614900
C6L,2025-03-24,6.7900,18832200
C6L,2025-03-31,6.5500,25726900
C6L,2025-04-07,6.1600,69725100
C6L,2025-04-14,6.3800,18749000
C6L,2025-04-21,6.6800,21902100
C6L,2025-04-28,6.7700,19117700
C6L,2025-05-05,6.7600,27903900
C6L,2025-05-12,6.9000,24061000
C6L,2025-05-19,7.0500,35591700
C6L,2025-05-26,7.1300,34384118
C6L,2025-06-02,7.0900,27880067
C6L,2025-06-09,6.9400,29277700
C6L,2025-06-16,6.7900,29707900
C6L,2025-06-23,6.9300,26206300
C6L,2025-06-30,7.0300,22960508
C6L,2025-07-07,7.2500,30935700
C6L,2025-07-14,7.4400,26716800
C6L,2025-07-21,7.5700,26866200
C6L,2025-07-28,6.8200,101395400
C6L,2025-08-04,6.5300,60433000
C6L,2025-08-11,6.5900,35307400
C6L,2025-08-18,6.6300,19948100
C6L,2025-08-25,6.5800,21431000
C6L,2025-09-01,6.5700,15321100
C6L,2025-09-08,6.5400,19035300
C6L,2025-09-15,6.5500,28856900
C6L,2025-09-22,6.4600,20340200
C6L,2025-09-29,6.5700,16777100
C6L,2025-10-06,6.6400,25091000
C6L,2025-10-13,6.5400,26055300
C6L,2025-10-20,6.6200,17947962
C6L,2025-10-27,6.6300,26183900
C6L,2025-11-03,6.5800,23687000
C6L,2025-11-10,6.5200,37193200
C6L,2025-11-17,6.4800,24582000
C6L,2025-11-24,6.4900,25585400
C6L,2025-12-01,6.3300,23172000
C6L,2025-12-08,6.3300,21300000
C6L,2025-12-15,6.3200,24824200
C6L,2025-12-22,6.4100,12189800
C6L,2025-12-29,6.4500,10671100
C6L,2026-01-05,6.4300,20384000
C6L,2026-01-12,6.3500,18876900
C6L,2026-01-19,6.4200,16923300
C6L,2026-01-26,6.3500,21871500
C6L,2026-02-02,6.7000,54945300
C6L,2026-02-09,6.9600,46467600
C6L,2026-02-16,6.9000,22345600
C6L,2026-02-23,7.1800,67448700
C6L,2026-03-02,6.6500,84301159
C6L,2026-03-09,6.5400,50217500
C6L,2026-03-16,6.6000,31295400
C6L,2026-03-23,6.6600,32674300
C6L,2026-03-30,6.6500,25990400
C6L,2026-04-06,6.6400,36202600
C6L,2026-04-13,6.5500,30621600
C6L,2026-04-20,6.3900,32341600
C6L,2026-04-27,6.2900,28318600
C6L,2026-05-04,6.3100,34663600
C6L,2026-05-11,6.4200,31451100
C6L,2026-05-18,6.5900,25241900
C6L,2026-05-25,6.7800,33875700
C6L,2026-06-01,6.9700,54162912
C6L,2026-06-08,7.0000,36613400
C6L,2026-06-15,7.2800,56505720
C6L,2026-06-22,7.6500,56942300
C6L,2026-06-29,7.6200,37165800
C6L,2026-07-06,7.7100,53701700
C6L,2026-07-13,7.6500,36834000
C6L,2026-07-20,7.5500,33255412
C6L,2026-07-27,7.7000,49337200
C6L,2026-08-03,7.6000,30349100
C6L,2026-08-10,7.0500,33771500
C6L,2026-08-17,6.9400,24903000
C6L,2026-08-24,6.8900,25261500
CC3,2023-07-03,1.0300,3157500
CC3,2023-07-10,1.0400,4700000
CC3,2023-07-17,1.0200,1319400
CC3,2023-07-24,1.0400,3316400
CC3,2023-07-31,1.0800,11723800
CC3,2023-08-07,1.0500,11224500
CC3,2023-08-14,1.0200,4934500
CC3,2023-08-21,1.0200,3299400
CC3,2023-08-28,1.0200,3724200
CC3,2023-09-04,1.0800,10346900
CC3,2023-09-11,1.0900,6159600
CC3,2023-09-18,1.1200,8482800
CC3,2023-09-25,1.1100,9048400
CC3,2023-10-02,1.0900,3550700
CC3,2023-10-09,1.0900,2306800
CC3,2023-10-16,1.0200,5164000
CC3,2023-10-23,1.0200,5353700
CC3,2023-10-30,1.0400,2929918
CC3,2023-11-06,1.0700,9906300
CC3,2023-11-13,1.0900,6128200
CC3,2023-11-20,1.0800,2744800
CC3,2023-11-27,1.0800,4824800
CC3,2023-12-04,1.1000,3580600
CC3,2023-12-11,1.0700,6982929
CC3,2024-01-01,1.0900,3775200
CC3,2024-01-08,1.0800,3106100
CC3,2024-01-15,1.0600,6467200
CC3,2024-01-22,1.0500,4632900
CC3,2024-01-29,1.0600,4476300
CC3,2024-02-05,1.1600,10598600
CC3,2024-02-12,1.1700,8696000
CC3,2024-02-19,1.1500,4622600
CC3,2024-02-26,1.1500,5371300
CC3,2024-03-04,1.1400,3408400
CC3,2024-03-11,1.1600,6258700
CC3,2024-03-18,1.1800,8193600
CC3,2024-03-25,1.1800,2708200
CC3,2024-04-01,1.2000,4574800
CC3,2024-04-08,1.1800,2318200
CC3,2024-04-15,1.1900,3270000
CC3,2024-04-22,1.2500,9843000
CC3,2024-04-29,1.1800,6063900
CC3,2024-05-06,1.2200,8221000
CC3,2024-05-13,1.2600,10298900
CC3,2024-05-20,1.2600,5443900
CC3,2024-05-27,1.2800,5350900
CC3,2024-06-03,1.2600,2399900
CC3,2024-06-10,1.2200,3548200
CC3,2024-06-17,1.2400,3099400
CC3,2024-06-24,1.2100,5272300
CC3,2024-07-01,1.2300,2628500
CC3,2024-07-08,1.2600,3667000
CC3,2024-07-15,1.2600,3943100
CC3,2024-07-22,1.2800,2337200
CC3,2024-07-29,1.2700,2239200
CC3,2024-08-05,1.2600,4138600
CC3,2024-08-12,1.2800,6394100
CC3,2024-08-19,1.2300,3724500
CC3,2024-08-26,1.2300,3144900
CC3,2024-09-02,1.2200,1702800
CC3,2024-09-09,1.2300,4272100
CC3,2024-09-16,1.2600,7406100
CC3,2024-09-23,1.2400,4427900
CC3,2024-09-30,1.2300,4164000
CC3,2024-10-07,1.2000,5455300
CC3,2024-10-14,1.2300,4829500
CC3,2024-10-21,1.2200,5091700
CC3,2024-10-28,1.2100,10441600
CC3,2024-11-04,1.2000,2745500
CC3,2024-11-11,1.1900,3006600
CC3,2024-11-18,1.2200,3300800
CC3,2024-11-25,1.2200,1837800
CC3,2024-12-02,1.2200,2251500
CC3,2024-12-09,1.2200,1778200
CC3,2024-12-16,1.2200,2912100
CC3,2024-12-23,1.2200,740400
CC3,2024-12-30,1.2300,2417100
CC3,2025-01-06,1.2200,2140900
CC3,2025-01-13,1.2200,2119300
CC3,2025-01-20,1.2200,1899900
CC3,2025-01-27,1.2300,717300
CC3,2025-02-03,1.2600,5488200
CC3,2025-02-10,1.2500,2652800
CC3,2025-02-17,1.2400,3855200
CC3,2025-02-24,1.2000,8741100
CC3,2025-03-03,1.1800,5907400
CC3,2025-03-10,1.1800,7815700
CC3,2025-03-17,1.1800,4012300
CC3,2025-03-24,1.1800,4064800
CC3,2025-03-31,1.1800,4963900
CC3,2025-04-07,1.1600,9797100
CC3,2025-04-14,1.2000,4582000
CC3,2025-04-21,1.2000,5435400
CC3,2025-04-28,1.1600,3323200
CC3,2025-05-05,1.1700,4393600
CC3,2025-05-12,1.1500,3445800
CC3,2025-05-19,1.1400,4325300
CC3,2025-05-26,1.1400,3131400
CC3,2025-06-02,1.1300,3940600
CC3,2025-06-09,1.1400,5026200
CC3,2025-06-16,1.1300,2373300
CC3,2025-06-23,1.1500,2963600
CC3,2025-06-30,1.1700,3428200
CC3,2025-07-07,1.1800,7413800
CC3,2025-07-14,1.2200,10002400
CC3,2025-07-21,1.2300,8210600
CC3,2025-07-28,1.2300,12369400
CC3,2025-08-04,1.2200,7205400
CC3,2025-08-11,1.1800,19464200
CC3,2025-08-18,1.1300,11536400
CC3,2025-08-25,1.1200,7540400
CC3,2025-09-01,1.1300,4885700
CC3,2025-09-08,1.1300,4477700
CC3,2025-09-15,1.1400,9997804
CC3,2025-09-22,1.1200,5208800
CC3,2025-09-29,1.1400,4893000
CC3,2025-10-06,1.1400,3793600
CC3,2025-10-13,1.1300,5059200
CC3,2025-10-20,1.1600,4065700
CC3,2025-10-27,1.1600,5171100
CC3,2025-11-03,1.1700,4307700
CC3,2025-11-10,1.1500,5177500
CC3,2025-11-17,1.1300,5974900
CC3,2025-11-24,1.1400,3069200
CC3,2025-12-01,1.1400,3601900
CC3,2025-12-08,1.1300,5120200
CC3,2025-12-15,1.1200,6418700
CC3,2025-12-22,1.1200,2916600
CC3,2025-12-29,1.1400,2041100
CC3,2026-01-05,1.1400,3300400
CC3,2026-01-12,1.1400,3532600
CC3,2026-01-19,1.1400,2786600
CC3,2026-01-26,1.1400,5763100
CC3,2026-02-02,1.1900,14691400
CC3,2026-02-09,1.1300,18470500
CC3,2026-02-16,1.0900,18139100
CC3,2026-02-23,1.0300,29137900
CC3,2026-03-02,1.0200,17463900
CC3,2026-03-09,1.0000,10470600
CC3,2026-03-16,1.0200,5855200
CC3,2026-03-23,1.0200,6537100
CC3,2026-03-30,1.0200,5000700
CC3,2026-04-06,1.0400,4064300
CC3,2026-04-13,1.0600,8819500
CC3,2026-04-20,1.0600,3292400
CC3,2026-04-27,1.0600,4699600
CC3,2026-05-04,1.0100,9138800
CC3,2026-05-11,1.0000,6104600
CC3,2026-05-18,1.0200,11575300
CC3,2026-05-25,1.0300,5357000
CC3,2026-06-01,1.0100,3296500
CC3,2026-06-08,1.0200,3499600
CC3,2026-06-15,1.0500,6581300
CC3,2026-06-22,1.0400,4933600
CC3,2026-06-29,1.0400,2939400
CC3,2026-08-24,1.1300,15472600
CJLU,2023-07-03,0.8700,22620100
CJLU,2023-07-10,0.8700,17542300
CJLU,2023-07-17,0.8600,15431700
CJLU,2023-07-24,0.8600,23908300
CJLU,2023-07-31,0.8550,23529600
CJLU,2023-08-07,0.8500,12795800
CJLU,2023-08-14,0.8600,15485000
CJLU,2023-08-21,0.8550,27389000
CJLU,2023-08-28,0.8650,18898800
CJLU,2023-09-04,0.8600,17059700
CJLU,2023-09-11,0.8550,18615700
CJLU,2023-09-18,0.8550,16261900
CJLU,2023-09-25,0.8400,28971700
CJLU,2023-10-02,0.8500,21590100
CJLU,2023-10-09,0.8450,16018700
CJLU,2023-10-16,0.8200,21853100
CJLU,2023-10-23,0.8150,23649800
CJLU,2023-10-30,0.8400,36080600
CJLU,2023-11-06,0.8350,42261500
CJLU,2023-11-13,0.8150,27102300
CJLU,2023-11-20,0.8200,13144900
CJLU,2023-11-27,0.8350,35064900
CJLU,2023-12-04,0.8400,25307800
CJLU,2023-12-11,0.8400,27393900
CJLU,2024-01-01,0.8550,21825400
CJLU,2024-01-08,0.8550,13297522
CJLU,2024-01-15,0.8550,24468200
CJLU,2024-01-22,0.8500,19821000
CJLU,2024-01-29,0.8500,14576300
CJLU,2024-02-05,0.8450,12106000
CJLU,2024-02-12,0.8500,9472000
CJLU,2024-02-19,0.8400,11609100
CJLU,2024-02-26,0.8400,21265600
CJLU,2024-03-04,0.8450,13529600
CJLU,2024-03-11,0.8550,16857900
CJLU,2024-03-18,0.8600,9437900
CJLU,2024-03-25,0.8550,10510607
CJLU,2024-04-01,0.8600,13181300
CJLU,2024-04-08,0.8550,5800000
CJLU,2024-04-15,0.8500,14726600
CJLU,2024-04-22,0.8500,12036078
CJLU,2024-04-29,0.8550,9263900
CJLU,2024-05-06,0.8700,19583600
CJLU,2024-05-13,0.8650,21029700
CJLU,2024-05-20,0.8700,27037900
CJLU,2024-05-27,0.8350,34663600
CJLU,2024-06-03,0.8300,25049400
CJLU,2024-06-10,0.8350,19040300
CJLU,2024-06-17,0.8200,28453400
CJLU,2024-06-24,0.8300,26888900
CJLU,2024-07-01,0.8300,19898300
CJLU,2024-07-08,0.8350,32605100
CJLU,2024-07-15,0.8400,21174400
CJLU,2024-07-22,0.8400,16105600
CJLU,2024-07-29,0.8500,26201600
CJLU,2024-08-05,0.8400,23100000
CJLU,2024-08-12,0.8600,25659000
CJLU,2024-08-19,0.8800,19296700
CJLU,2024-08-26,0.8750,28141600
CJLU,2024-09-02,0.9100,31020600
CJLU,2024-09-09,0.9300,27881200
CJLU,2024-09-16,0.9050,22330900
CJLU,2024-09-23,0.9150,22066600
CJLU,2024-09-30,0.9100,18641900
CJLU,2024-10-07,0.8950,26719300
CJLU,2024-10-14,0.9050,19537800
CJLU,2024-10-21,0.9000,13959800
CJLU,2024-10-28,0.9050,23042203
CJLU,2024-11-04,0.9000,34420500
CJLU,2024-11-11,0.8650,32830600
CJLU,2024-11-18,0.8650,27578400
CJLU,2024-11-25,0.8650,16490400
CJLU,2024-12-02,0.8550,23221000
CJLU,2024-12-09,0.8550,18695600
CJLU,2024-12-16,0.8500,26066500
CJLU,2024-12-23,0.8600,8909000
CJLU,2024-12-30,0.8700,12700800
CJLU,2025-01-06,0.8600,14225400
CJLU,2025-01-13,0.8550,19724100
CJLU,2025-01-20,0.8600,19298700
CJLU,2025-01-27,0.8600,9460400
CJLU,2025-02-03,0.8600,16142800
CJLU,2025-02-10,0.8550,25294400
CJLU,2025-02-17,0.8600,17101900
CJLU,2025-02-24,0.8550,25946900
CJLU,2025-03-03,0.8600,14719900
CJLU,2025-03-10,0.8700,22405700
CJLU,2025-03-17,0.8650,28041900
CJLU,2025-03-24,0.8800,22216700
CJLU,2025-03-31,0.8950,20861200
CJLU,2025-04-07,0.8900,52525800
CJLU,2025-04-14,0.8950,19040500
CJLU,2025-04-21,0.9100,30364200
CJLU,2025-04-28,0.9200,17500900
CJLU,2025-05-05,0.9300,23358500
CJLU,2025-05-12,0.9100,17085300
CJLU,2025-05-19,0.9000,32905400
CJLU,2025-05-26,0.8650,30057600
CJLU,2025-06-02,0.8700,17457500
CJLU,2025-06-09,0.8700,18229900
CJLU,2025-06-16,0.8700,17329600
CJLU,2025-06-23,0.8750,19228900
CJLU,2025-06-30,0.8850,28826600
CJLU,2025-07-07,0.8900,22484000
CJLU,2025-07-14,0.9000,20345200
CJLU,2025-07-21,0.9000,30368100
CJLU,2025-07-28,0.8950,26295700
CJLU,2025-08-04,0.9000,24387100
CJLU,2025-08-11,0.9050,28255300
CJLU,2025-08-18,0.9200,25752500
CJLU,2025-08-25,0.9300,18973900
CJLU,2025-09-01,0.9350,29640000
CJLU,2025-09-08,0.9450,22026100
CJLU,2025-09-15,0.9500,36423500
CJLU,2025-09-22,0.9400,28507100
CJLU,2025-09-29,0.9550,21654300
CJLU,2025-10-06,0.9600,27164004
CJLU,2025-10-13,0.9650,22259200
CJLU,2025-10-20,0.9750,27441300
CJLU,2025-10-27,0.9800,27623400
CJLU,2025-11-03,0.9800,32774100
CJLU,2025-11-10,0.9550,31879500
CJLU,2025-11-17,0.9450,32839500
CJLU,2025-11-24,0.9650,28656100
CJLU,2025-12-01,0.9550,23289500
CJLU,2025-12-08,0.9500,25924100
CJLU,2025-12-15,0.9500,19046300
CJLU,2025-12-22,0.9650,15072100
CJLU,2025-12-29,0.9600,13589500
CJLU,2026-01-05,0.9650,22496400
CJLU,2026-01-12,0.9650,22265400
CJLU,2026-01-19,0.9800,30246700
CJLU,2026-01-26,0.9800,25945200
CJLU,2026-02-02,0.9850,15373800
CJLU,2026-02-09,0.9850,30643500
CJLU,2026-02-16,0.9900,10175500
CJLU,2026-02-23,0.9900,46340200
CJLU,2026-03-02,0.9700,41026800
CJLU,2026-03-09,0.9700,31434000
CJLU,2026-03-16,0.9800,14353800
CJLU,2026-03-23,0.9750,30062800
CJLU,2026-03-30,0.9700,23670800
CJLU,2026-04-06,0.9950,44507800
CJLU,2026-04-13,1.0100,39152950
CJLU,2026-04-20,1.0100,22388800
CJLU,2026-04-27,1.0100,18665300
CJLU,2026-05-04,1.0000,24674800
CJLU,2026-05-11,1.0200,21506500
CJLU,2026-05-18,1.0200,26170300
CJLU,2026-05-25,0.9950,40986100
CJLU,2026-06-01,0.9850,45297600
CJLU,2026-06-08,0.9900,25111700
CJLU,2026-06-15,0.9700,38194800
CJLU,2026-06-22,0.9750,30763400
CJLU,2026-06-29,0.9750,32382400
CMOU,2023-07-03,0.3450,7200700
CMOU,2023-07-10,0.3350,3693800
CMOU,2023-07-17,0.2900,12348600
CMOU,2023-07-24,0.3400,9230100
CMOU,2023-07-31,0.3050,7183500
CMOU,2023-08-07,0.2850,4212300
CMOU,2023-08-14,0.2700,9924300
CMOU,2023-08-21,0.2550,7660600
CMOU,2023-08-28,0.2200,28751300
CMOU,2023-09-04,0.2300,11960900
CMOU,2023-09-11,0.2150,8621400
CMOU,2023-09-18,0.2150,4032600
CMOU,2023-09-25,0.2200,3905000
CMOU,2023-10-02,0.2150,6228800
CMOU,2023-10-09,0.2050,5154300
CMOU,2023-10-16,0.2100,4815000
CMOU,2023-10-23,0.1910,11822300
CMOU,2023-10-30,0.2200,13277700
CMOU,2023-11-06,0.2500,20231700
CMOU,2023-11-13,0.2800,10107500
CMOU,2023-11-20,0.2850,16242400
CMOU,2023-11-27,0.2650,12566600
CMOU,2023-12-04,0.2800,13190900
CMOU,2023-12-11,0.3350,17312800
CMOU,2024-01-01,0.3400,9777700
CMOU,2024-01-08,0.3650,6991900
CMOU,2024-01-15,0.3300,10848200
CMOU,2024-01-22,0.3150,7266300
CMOU,2024-01-29,0.2750,19918600
CMOU,2024-02-05,0.2500,11756600
CMOU,2024-02-12,0.1480,64265100
CMOU,2024-02-19,0.1280,85992800
CMOU,2024-02-26,0.1270,34415400
CMOU,2024-03-04,0.1360,28534700
CMOU,2024-03-11,0.1260,69474000
CMOU,2024-03-18,0.1320,46981300
CMOU,2024-03-25,0.1520,54373300
CMOU,2024-04-01,0.1520,45914600
CMOU,2024-04-08,0.1480,23737700
CMOU,2024-04-15,0.1330,17369700
CMOU,2024-04-22,0.1370,17912000
CMOU,2024-04-29,0.1390,13974700
CMOU,2024-05-06,0.1390,11157000
CMOU,2024-05-13,0.1410,13467600
CMOU,2024-05-20,0.1410,15053800
CMOU,2024-05-27,0.1400,8434400
CMOU,2024-06-03,0.1410,9850300
CMOU,2024-06-10,0.1400,8094700
CMOU,2024-06-17,0.1360,2997500
CMOU,2024-06-24,0.1340,4859200
CMOU,2024-07-01,0.1340,5422200
CMOU,2024-07-08,0.1490,19882700
CMOU,2024-07-15,0.1690,45592800
CMOU,2024-07-22,0.1910,43356400
CMOU,2024-07-29,0.1950,39051900
CMOU,2024-08-05,0.2000,34089100
CMOU,2024-08-12,0.2350,17523400
CMOU,2024-08-19,0.2400,14646500
CMOU,2024-08-26,0.2600,19978700
CMOU,2024-09-02,0.2500,11831000
CMOU,2024-09-09,0.2500,6745200
CMOU,2024-09-16,0.2800,20774200
CMOU,2024-09-23,0.2700,7736900
CMOU,2024-09-30,0.2450,9077200
CMOU,2024-10-07,0.2500,13697800
CMOU,2024-10-14,0.2700,5331800
CMOU,2024-10-21,0.2650,5951000
CMOU,2024-10-28,0.2550,3975200
CMOU,2024-11-04,0.2250,7413500
CMOU,2024-11-11,0.2050,10202100
CMOU,2024-11-18,0.2200,13773900
CMOU,2024-11-25,0.2200,5684400
CMOU,2024-12-02,0.2350,4290500
CMOU,2024-12-09,0.2200,4772600
CMOU,2024-12-16,0.2050,6560400
CMOU,2024-12-23,0.2100,2471400
CMOU,2024-12-30,0.2050,3313500
CMOU,2025-01-06,0.2000,2068600
CMOU,2025-01-13,0.2150,5392400
CMOU,2025-01-20,0.2500,8501800
CMOU,2025-01-27,0.2400,3788100
CMOU,2025-02-03,0.2400,5137100
CMOU,2025-02-10,0.2250,6082400
CMOU,2025-02-17,0.2150,5433800
CMOU,2025-02-24,0.2100,4060600
CMOU,2025-03-03,0.2200,3021600
CMOU,2025-03-10,0.2150,3337700
CMOU,2025-03-17,0.2200,6849800
CMOU,2025-03-24,0.2050,17037300
CMOU,2025-03-31,0.1900,5250900
CMOU,2025-04-07,0.1800,6076500
CMOU,2025-04-14,0.1790,2530800
CMOU,2025-04-21,0.1960,7435100
CMOU,2025-04-28,0.2050,7805800
CMOU,2025-05-05,0.1990,3123300
CMOU,2025-05-12,0.1940,3310300
CMOU,2025-05-19,0.1910,2208300
CMOU,2025-05-26,0.1890,4154900
CMOU,2025-06-02,0.1890,2767800
CMOU,2025-06-09,0.1900,2831400
CMOU,2025-06-16,0.1910,2606700
CMOU,2025-06-23,0.2250,11313600
CY6U,2023-07-03,1.1300,12585300
CY6U,2023-07-10,1.1400,9603800
CY6U,2023-07-17,1.1600,15178100
CY6U,2023-07-24,1.1600,6718900
CY6U,2023-07-31,1.1000,17557500
CY6U,2023-08-07,1.1000,5745700
CY6U,2023-08-14,1.1200,18241800
CY6U,2023-08-21,1.1500,16112310
CY6U,2023-08-28,1.1600,10654100
CY6U,2023-09-04,1.1700,12558800
CY6U,2023-09-11,1.1800,8768700
CY6U,2023-09-18,1.1400,17596200
CY6U,2023-09-25,1.0500,17138000
CY6U,2023-10-02,1.0400,8366700
CY6U,2023-10-09,1.0700,10348000
CY6U,2023-10-16,1.0200,10609100
CY6U,2023-10-23,0.9700,18620600
CY6U,2023-10-30,1.0400,21898100
CY6U,2023-11-06,1.0300,15544600
CY6U,2023-11-13,1.0900,12457400
CY6U,2023-11-20,1.0900,11743500
CY6U,2023-11-27,1.0500,15643400
CY6U,2023-12-04,1.0700,18623300
CY6U,2023-12-11,1.1600,21015500
CY6U,2024-01-01,1.1200,5824200
CY6U,2024-01-08,1.1000,6282200
CY6U,2024-01-15,1.1000,15770600
CY6U,2024-01-22,1.0700,11083300
CY6U,2024-01-29,1.0900,16226300
CY6U,2024-02-05,1.1300,16721300
CY6U,2024-02-12,1.1500,9055800
CY6U,2024-02-19,1.0600,9374200
CY6U,2024-02-26,1.0400,16402300
CY6U,2024-03-04,1.0200,11348700
CY6U,2024-03-11,1.0400,8603600
CY6U,2024-03-18,1.0300,12559100
CY6U,2024-03-25,1.0500,11552800
CY6U,2024-04-01,1.0300,13754300
CY6U,2024-04-08,1.0300,10358900
CY6U,2024-04-15,0.9850,15164400
CY6U,2024-04-22,0.9900,12325700
CY6U,2024-04-29,1.0300,6528400
CY6U,2024-05-06,1.0400,18753913
CY6U,2024-05-13,1.0700,11739700
CY6U,2024-05-20,1.0500,5926900
CY6U,2024-05-27,1.0600,13100600
CY6U,2024-06-03,1.0200,11240800
CY6U,2024-06-10,1.0200,7895500
CY6U,2024-06-17,1.0300,8892200
CY6U,2024-06-24,0.9800,13273400
CY6U,2024-07-01,1.0000,10465200
CY6U,2024-07-08,1.0400,4949700
CY6U,2024-07-15,1.0300,5565700
CY6U,2024-07-22,1.0400,6106500
CY6U,2024-07-29,1.1000,14219800
CY6U,2024-08-05,1.0400,14180700
CY6U,2024-08-12,1.1100,14850400
CY6U,2024-08-19,1.0900,12672500
CY6U,2024-08-26,1.1300,11772600
CY6U,2024-09-02,1.1400,9286400
CY6U,2024-09-09,1.1400,7982100
CY6U,2024-09-16,1.1500,10601000
CY6U,2024-09-23,1.1400,13535300
CY6U,2024-09-30,1.1500,8622000
CY6U,2024-10-07,1.1400,10581100
CY6U,2024-10-14,1.1400,4474600
CY6U,2024-10-21,1.1200,8788700
CY6U,2024-10-28,1.0800,14856629
CY6U,2024-11-04,1.0500,12007900
CY6U,2024-11-11,1.1000,10076200
CY6U,2024-11-18,1.0600,10604200
CY6U,2024-11-25,1.1000,7903400
CY6U,2024-12-02,1.1400,11136400
CY6U,2024-12-09,1.0700,8093500
CY6U,2024-12-16,1.0600,7301300
CY6U,2024-12-23,1.0800,2966900
CY6U,2024-12-30,1.0800,2231200
CY6U,2025-01-06,1.0800,5797100
CY6U,2025-01-13,1.0400,13130800
CY6U,2025-01-20,1.0400,10435100
CY6U,2025-01-27,1.0200,12675100
CY6U,2025-02-03,1.0400,16357500
CY6U,2025-02-10,1.0600,16938200
CY6U,2025-02-17,0.9950,19005200
CY6U,2025-02-24,0.9600,19858400
CY6U,2025-03-03,0.9550,18426900
CY6U,2025-03-10,0.9400,28835935
CY6U,2025-03-17,0.9650,20978300
CY6U,2025-03-24,0.9650,15422000
CY6U,2025-03-31,0.9450,13218900
CY6U,2025-04-07,0.9100,28730000
CY6U,2025-04-14,0.9300,6329200
CY6U,2025-04-21,0.9500,7833300
CY6U,2025-04-28,0.9800,8570300
CY6U,2025-05-05,0.9750,7051900
CY6U,2025-05-12,0.9750,6566400
CY6U,2025-05-19,0.9700,6251900
CY6U,2025-05-26,0.9850,10767400
CY6U,2025-06-02,1.0100,10981000
CY6U,2025-06-09,1.0100,5691200
CY6U,2025-06-16,1.0100,6458500
CY6U,2025-06-23,1.0500,13703000
CY6U,2025-06-30,1.0900,17323000
CY6U,2025-07-07,1.0800,13137900
CY6U,2025-07-14,1.1400,19362700
CY6U,2025-07-21,1.1600,11371800
CY6U,2025-07-28,1.1500,18450100
CY6U,2025-08-04,1.1400,14582500
CY6U,2025-08-11,1.1800,12672500
CY6U,2025-08-18,1.1700,11725700
CY6U,2025-08-25,1.1800,17315000
CY6U,2025-09-01,1.1900,12874760
CY6U,2025-09-08,1.1500,10304200
CY6U,2025-09-15,1.1500,10902700
CY6U,2025-09-22,1.1700,7220700
CY6U,2025-09-29,1.1900,13043700
CY6U,2025-10-06,1.1600,8643700
CY6U,2025-10-13,1.1600,10453300
CY6U,2025-10-20,1.1900,4635700
CY6U,2025-10-27,1.2100,13035440
CY6U,2025-11-03,1.2300,13444400
CY6U,2025-11-10,1.1800,9663800
CY6U,2025-11-17,1.1800,14359000
CY6U,2025-11-24,1.1900,13763800
CY6U,2025-12-01,1.1900,15839400
CY6U,2025-12-08,1.2000,5149900
CY6U,2025-12-15,1.2200,16235088
CY6U,2025-12-22,1.2200,6087500
CY6U,2025-12-29,1.2300,5646900
CY6U,2026-01-05,1.2200,8060800
CY6U,2026-01-12,1.2300,6448500
CY6U,2026-01-19,1.2700,13919200
CY6U,2026-01-26,1.2400,10976200
CY6U,2026-02-02,1.2900,14216500
CY6U,2026-02-09,1.2900,11804500
CY6U,2026-02-16,1.2600,4412900
CY6U,2026-02-23,1.2100,31839600
CY6U,2026-03-02,1.0900,77652700
CY6U,2026-03-09,1.0300,68267500
CY6U,2026-03-16,1.0800,42970900
CY6U,2026-03-23,1.0600,27183900
CY6U,2026-03-30,1.0200,26194000
CY6U,2026-04-06,1.0200,46842400
CY6U,2026-04-13,1.0500,40193100
CY6U,2026-04-20,1.0400,21282000
CY6U,2026-04-27,1.0500,11942900
CY6U,2026-05-04,1.0400,21034400
CY6U,2026-05-11,1.0300,11999600
CY6U,2026-05-18,1.0200,16697000
CY6U,2026-05-25,1.0100,17064310
CY6U,2026-06-01,1.0100,11699400
CY6U,2026-06-08,1.0100,19272800
CY6U,2026-06-15,1.0400,29865400
CY6U,2026-06-22,1.0400,18001100
CY6U,2026-06-29,1.0300,10468200
D01,2023-07-03,2.6600,2376100
D01,2023-07-10,2.8600,2020500
D01,2023-07-17,2.7500,2463400
D01,2023-07-24,2.7500,1823300
D01,2023-07-31,2.5500,3574700
D01,2023-08-07,2.6300,1667900
D01,2023-08-14,2.4800,1303000
D01,2023-08-21,2.4000,2129100
D01,2023-08-28,2.4700,1952300
D01,2023-09-04,2.5400,1827200
D01,2023-09-11,2.6100,1382700
D01,2023-09-18,2.7000,3725400
D01,2023-09-25,2.6600,1286200
D01,2023-10-02,2.4600,1845900
D01,2023-10-09,2.3600,1562400
D01,2023-10-16,2.2800,4006000
D01,2023-10-23,2.1500,1902200
D01,2023-10-30,2.2800,3285600
D01,2023-11-06,2.3000,1903700
D01,2023-11-13,2.3000,1312600
D01,2023-11-20,2.2300,1535600
D01,2023-11-27,2.3300,2695600
D01,2023-12-04,2.2600,1677000
D01,2023-12-11,2.3500,3907000
D01,2024-01-01,2.2800,2406700
D01,2024-01-08,2.1900,2981500
D01,2024-01-15,2.1100,4347700
D01,2024-01-22,2.0900,5812900
D01,2024-01-29,2.0600,4617300
D01,2024-02-05,2.0800,2380400
D01,2024-02-12,2.1100,1701200
D01,2024-02-19,2.1500,3361200
D01,2024-02-26,2.0700,2957000
D01,2024-03-04,2.1400,4241600
D01,2024-03-11,2.1800,5831700
D01,2024-03-18,2.1400,4942100
D01,2024-03-25,2.1500,3475300
D01,2024-04-01,2.0400,5423800
D01,2024-04-08,2.0000,3501900
D01,2024-04-15,1.7700,6878500
D01,2024-04-22,1.9300,5275500
D01,2024-04-29,1.9200,3363500
D01,2024-05-06,1.8600,2525300
D01,2024-05-13,1.8800,2488900
D01,2024-05-20,1.8800,2713800
D01,2024-05-27,1.8400,3368500
D01,2024-06-03,1.9200,3604000
D01,2024-06-10,1.9100,3040500
D01,2024-06-17,1.9200,2310200
D01,2024-06-24,1.9000,2077900
D01,2024-07-01,1.8500,1846900
D01,2024-07-08,1.8800,2761100
D01,2024-07-15,1.8400,2331600
D01,2024-07-22,1.7900,3933400
D01,2024-07-29,1.7800,4132786
D01,2024-08-05,1.7600,2732400
D01,2024-08-12,1.9000,5097000
D01,2024-08-19,1.9100,3062600
D01,2024-08-26,1.8600,10696100
D01,2024-09-02,1.8200,3163000
D01,2024-09-09,1.8100,2612900
D01,2024-09-16,1.9200,4220800
D01,2024-09-23,2.1800,13306600
D01,2024-09-30,2.2100,8936200
D01,2024-10-07,2.1800,6250400
D01,2024-10-14,2.1900,10784600
D01,2024-10-21,2.3600,6927500
D01,2024-10-28,2.3800,5036400
D01,2024-11-04,2.3700,5322300
D01,2024-11-11,2.3400,2188400
D01,2024-11-18,2.5000,4702700
D01,2024-11-25,2.5500,2688100
D01,2024-12-02,2.4000,4869600
D01,2024-12-09,2.3200,3449200
D01,2024-12-16,2.2800,1519600
D01,2024-12-23,2.3000,1120900
D01,2024-12-30,2.3000,1081500
D01,2025-01-06,2.2900,1740300
D01,2025-01-13,2.2600,1692600
D01,2025-01-20,2.2800,2129000
D01,2025-01-27,2.3500,599800
D01,2025-02-03,2.3500,1414600
D01,2025-02-10,2.2600,2582800
D01,2025-02-17,2.2400,1584500
D01,2025-02-24,2.2100,2342000
D01,2025-03-03,2.1200,4488300
D01,2025-03-10,2.2700,8013000
D01,2025-03-17,2.2500,5556600
D01,2025-03-24,2.3900,8993800
D01,2025-03-31,2.2600,6003200
D01,2025-04-07,2.1700,6919200
D01,2025-04-14,2.4100,4827100
D01,2025-04-21,2.4300,4442600
D01,2025-04-28,2.5800,4531400
D01,2025-05-05,2.7000,7826900
D01,2025-05-12,2.7300,5650700
D01,2025-05-19,2.7000,3944600
D01,2025-05-26,2.7600,4999700
D01,2025-06-02,2.6600,3446400
D01,2025-06-09,2.7000,8620400
D01,2025-06-16,2.6300,5592400
D01,2025-06-23,2.7300,7416700
D01,2025-06-30,2.8800,4452000
D01,2025-07-07,2.8800,3750800
D01,2025-07-14,3.1300,4061700
D01,2025-07-21,3.5400,8617300
D01,2025-07-28,3.4300,5413800
D01,2025-08-04,3.5100,3223100
D01,2025-08-11,3.5900,3136200
D01,2025-08-18,3.1200,4721900
D01,2025-08-25,3.1800,4270600
D01,2025-09-01,3.3200,5311100
D01,2025-09-08,3.2900,3066200
D01,2025-09-15,3.1700,4574000
D01,2025-09-22,3.1600,2588600
D01,2025-09-29,3.3800,3993400
D01,2025-10-06,3.3400,3347200
D01,2025-10-13,3.3900,3354600
D01,2025-10-20,3.4700,3585828
D01,2025-10-27,3.5100,5003700
D01,2025-11-03,3.3400,5375400
D01,2025-11-10,3.5000,3187500
D01,2025-11-17,3.4100,2664700
D01,2025-11-24,3.4400,3217300
D01,2025-12-01,4.1000,13519900
D01,2025-12-08,4.0000,6815400
D01,2025-12-15,4.0500,5274400
D01,2025-12-22,3.9600,1558400
D01,2025-12-29,3.9300,2006800
D01,2026-01-05,3.9900,4064100
D01,2026-01-12,3.9400,2875700
D01,2026-01-19,4.0800,8819700
D01,2026-01-26,4.1200,4487500
D01,2026-02-02,4.2000,4048000
D01,2026-02-09,4.1200,5473200
D01,2026-02-16,4.2100,2924300
D01,2026-02-23,4.1900,8206500
D01,2026-03-02,4.3400,13339200
D01,2026-03-09,4.6900,14707900
D01,2026-03-16,4.4100,11699400
D01,2026-03-23,4.3500,9763600
D01,2026-03-30,4.3400,8029600
D01,2026-04-06,4.2900,10591200
D01,2026-04-13,4.0700,8892600
D01,2026-04-20,4.2200,8648800
D01,2026-04-27,4.1800,3914000
D01,2026-05-04,4.2300,4577000
D01,2026-05-11,4.2000,6878900
D01,2026-05-18,4.2200,5340300
D01,2026-05-25,4.0000,6920600
D01,2026-06-01,3.8500,4977900
D01,2026-06-08,3.7600,4893500
D01,2026-06-15,3.6800,6906700
D01,2026-06-22,3.6900,6244600
D01,2026-06-29,3.6600,3707600
D05,2023-07-03,27.8818,16501452
D05,2023-07-10,29.0818,20433270
D05,2023-07-17,29.7636,15381575
D05,2023-07-24,31.1455,22747545
D05,2023-07-31,31.1364,19695940
D05,2023-08-07,30.5636,13288279
D05,2023-08-14,29.7455,20114270
D05,2023-08-21,29.9091,13005850
D05,2023-08-28,30.2727,10353484
D05,2023-09-04,30.2091,10481268
D05,2023-09-11,31.1273,18329726
D05,2023-09-18,30.2273,14502840
D05,2023-09-25,30.5818,14972843
D05,2023-10-02,30.7182,16549610
D05,2023-10-09,30.7000,16333460
D05,2023-10-16,30.0727,13544960
D05,2023-10-23,30.1182,13325950
D05,2023-10-30,30.2636,15527400
D05,2023-11-06,30.1545,17712074
D05,2023-11-13,29.7182,15622090
D05,2023-11-20,28.9273,20132530
D05,2023-11-27,29.0000,24713235
D05,2023-12-04,28.7273,22922240
D05,2023-12-11,28.2364,27745578
D05,2024-01-01,29.9091,10717677
D05,2024-01-08,29.6455,15354350
D05,2024-01-15,29.1364,21289730
D05,2024-01-22,29.1818,19269250
D05,2024-01-29,29.2909,19795525
D05,2024-02-05,29.5818,30436230
D05,2024-02-12,30.7909,27460095
D05,2024-02-19,30.7545,22212279
D05,2024-02-26,30.5000,21776425
D05,2024-03-04,30.6818,18882490
D05,2024-03-11,31.5182,27544467
D05,2024-03-18,32.5727,21754771
D05,2024-03-25,32.7545,25997400
D05,2024-04-01,32.2727,20599997
D05,2024-04-08,32.8364,16612420
D05,2024-04-15,33.1000,27349080
D05,2024-04-22,34.4200,29163200
D05,2024-04-29,35.6400,23100520
D05,2024-05-06,35.4000,19123180
D05,2024-05-13,35.7000,16715865
D05,2024-05-20,35.8700,11744500
D05,2024-05-27,35.9900,20915800
D05,2024-06-03,35.5200,19415160
D05,2024-06-10,35.4800,14369608
D05,2024-06-17,35.4500,12792971
D05,2024-06-24,35.7900,22097040
D05,2024-07-01,37.4200,25345494
D05,2024-07-08,37.9300,31593130
D05,2024-07-15,36.6900,24846180
D05,2024-07-22,36.2400,21187786
D05,2024-07-29,35.3100,23600495
D05,2024-08-05,33.5700,47780408
D05,2024-08-12,35.5600,27736600
D05,2024-08-19,35.8900,14611280
D05,2024-08-26,36.3600,18313271
D05,2024-09-02,36.5300,17854753
D05,2024-09-09,37.9400,28229986
D05,2024-09-16,39.0000,25073468
D05,2024-09-23,37.6000,31007800
D05,2024-09-30,38.0400,19426900
D05,2024-10-07,38.6900,18366330
D05,2024-10-14,39.7000,23132300
D05,2024-10-21,39.1500,16145600
D05,2024-10-28,38.7500,19085501
D05,2024-11-04,42.4000,36315478
D05,2024-11-11,42.9400,29127600
D05,2024-11-18,42.3300,18804841
D05,2024-11-25,42.4300,27966251
D05,2024-12-02,43.6800,23128500
D05,2024-12-09,43.7400,16197900
D05,2024-12-16,42.8200,22217938
D05,2024-12-23,43.5500,4873000
D05,2024-12-30,43.6200,7633900
D05,2025-01-06,44.1300,23458750
D05,2025-01-13,43.8500,22340750
D05,2025-01-20,43.5100,20154500
D05,2025-01-27,44.6100,15215000
D05,2025-02-03,44.6800,19211700
D05,2025-02-10,44.8400,28700100
D05,2025-02-17,46.6200,23515700
D05,2025-02-24,45.9000,27126440
D05,2025-03-03,45.9800,20945087
D05,2025-03-10,44.2500,31787890
D05,2025-03-17,45.3100,20559900
D05,2025-03-24,46.4700,19129557
D05,2025-03-31,43.3000,38505900
D05,2025-04-07,38.1300,83982100
D05,2025-04-14,40.8300,21607700
D05,2025-04-21,42.3500,26437000
D05,2025-04-28,42.7000,17779300
D05,2025-05-05,43.7100,21208500
D05,2025-05-12,44.6000,25101773
D05,2025-05-19,44.4600,21788451
D05,2025-05-26,44.7200,36020606
D05,2025-06-02,45.1200,19760671
D05,2025-06-09,44.4500,19449500
D05,2025-06-16,43.8800,17428936
D05,2025-06-23,44.8600,21971787
D05,2025-06-30,45.2100,16756827
D05,2025-07-07,45.9900,22148140
D05,2025-07-14,46.9900,17139200
D05,2025-07-21,49.0600,25976561
D05,2025-07-28,47.6000,20705723
D05,2025-08-04,50.7400,24730280
D05,2025-08-11,49.9000,22081360
D05,2025-08-18,50.8100,16952300
D05,2025-08-25,50.5200,17454813
D05,2025-09-01,50.8100,11943000
D05,2025-09-08,51.7900,20469719
D05,2025-09-15,50.4700,21563271
D05,2025-09-22,50.2900,15243600
D05,2025-09-29,52.8600,23394083
D05,2025-10-06,53.8500,17408200
D05,2025-10-13,52.0000,28216050
D05,2025-10-20,53.2300,13513603
D05,2025-10-27,53.9300,20022560
D05,2025-11-03,54.9800,30877800
D05,2025-11-10,53.9900,26191100
D05,2025-11-17,53.6700,20431842
D05,2025-11-24,54.2000,23915568
D05,2025-12-01,54.1600,15172886
D05,2025-12-08,55.0400,15657000
D05,2025-12-15,54.8700,19160000
D05,2025-12-22,56.2300,13804171
D05,2025-12-29,56.4000,9139057
D05,2026-01-05,57.6000,22449500
D05,2026-01-12,59.1200,18074900
D05,2026-01-19,58.6500,21575700
D05,2026-01-26,59.2000,23024744
D05,2026-02-02,59.3000,24022500
D05,2026-02-09,57.0600,42076300
D05,2026-02-16,57.9900,14288000
D05,2026-02-23,57.1200,22896700
D05,2026-03-02,55.0000,44191666
D05,2026-03-09,55.3100,27661326
D05,2026-03-16,57.4000,31090240
D05,2026-03-23,57.1500,22089274
D05,2026-03-30,57.5500,22523513
D05,2026-04-06,57.3500,23556182
D05,2026-04-13,57.2500,23904500
D05,2026-04-20,56.9000,21449639
D05,2026-04-27,58.5000,27381700
D05,2026-05-04,58.6800,25681811
D05,2026-05-11,60.2000,32481200
D05,2026-05-18,62.1000,28084860
D05,2026-05-25,62.8400,18275508
D05,2026-06-01,63.7800,18893411
D05,2026-06-08,63.2400,34508900
D05,2026-06-15,65.9600,27781470
D05,2026-06-22,65.4300,21103609
D05,2026-06-29,66.7600,16707247
D05,2026-07-06,70.4500,20405800
D05,2026-07-13,71.9600,24217600
D05,2026-07-20,73.9400,21819418
D05,2026-07-27,74.0200,21858600
D05,2026-08-03,76.3300,28464320
D05,2026-08-10,75.5300,23606857
D05,2026-08-17,76.0000,16287800
D05,2026-08-24,76.1500,15113550
DCRU,2023-07-03,0.4800,19427000
DCRU,2023-07-10,0.4800,10428400
DCRU,2023-07-17,0.5600,30210600
DCRU,2023-07-24,0.5050,14854900
DCRU,2023-07-31,0.5000,9996400
DCRU,2023-08-07,0.5150,2430900
DCRU,2023-08-14,0.5300,7021000
DCRU,2023-08-21,0.5500,7818638
DCRU,2023-08-28,0.5550,13378600
DCRU,2023-09-04,0.5800,35313600
DCRU,2023-09-11,0.5600,60945200
DCRU,2023-09-18,0.5300,12667400
DCRU,2023-09-25,0.5300,5791100
DCRU,2023-10-02,0.5050,11096800
DCRU,2023-10-09,0.5450,8391800
DCRU,2023-10-16,0.5050,18578600
DCRU,2023-10-23,0.5000,7707800
DCRU,2023-10-30,0.5700,20200400
DCRU,2023-11-06,0.5250,19282000
DCRU,2023-11-13,0.5700,8765600
DCRU,2023-11-20,0.5900,10024500
DCRU,2023-11-27,0.6050,9623000
DCRU,2023-12-04,0.6350,8972000
DCRU,2023-12-11,0.6250,29113900
DCRU,2024-01-01,0.6550,8349700
DCRU,2024-01-08,0.6500,8280100
DCRU,2024-01-15,0.6350,5140900
DCRU,2024-01-22,0.6150,4712600
DCRU,2024-01-29,0.6450,10182000
DCRU,2024-02-05,0.6650,30944100
DCRU,2024-02-12,0.6200,29654300
DCRU,2024-02-19,0.6050,25942300
DCRU,2024-02-26,0.5950,28529700
DCRU,2024-03-04,0.6000,13089200
DCRU,2024-03-11,0.5650,23631800
DCRU,2024-03-18,0.5850,10852800
DCRU,2024-03-25,0.6000,9873300
DCRU,2024-04-01,0.6050,7274700
DCRU,2024-04-08,0.6150,10779400
DCRU,2024-04-15,0.5800,15400300
DCRU,2024-04-22,0.6050,7170800
DCRU,2024-04-29,0.6000,5270300
DCRU,2024-05-06,0.6150,13393600
DCRU,2024-05-13,0.6200,4961400
DCRU,2024-05-20,0.6050,3321700
DCRU,2024-05-27,0.5800,6755200
DCRU,2024-06-03,0.5700,9127600
DCRU,2024-06-10,0.5400,19918900
DCRU,2024-06-17,0.5950,34170800
DCRU,2024-06-24,0.5700,8737300
DCRU,2024-07-01,0.5950,9008800
DCRU,2024-07-08,0.6400,16406800
DCRU,2024-07-15,0.6400,14536700
DCRU,2024-07-22,0.5650,14264400
DCRU,2024-07-29,0.5800,14248700
DCRU,2024-08-05,0.5650,17294400
DCRU,2024-08-12,0.6000,9591200
DCRU,2024-08-19,0.6150,14027800
DCRU,2024-08-26,0.6100,8858600
DCRU,2024-09-02,0.5900,23121000
DCRU,2024-09-09,0.5700,13941400
DCRU,2024-09-16,0.6150,31571300
DCRU,2024-09-23,0.6150,20608400
DCRU,2024-09-30,0.6000,13336300
DCRU,2024-10-07,0.5950,14516400
DCRU,2024-10-14,0.5750,16437100
DCRU,2024-10-21,0.6000,12921500
DCRU,2024-10-28,0.6050,27092000
DCRU,2024-11-04,0.5800,16043200
DCRU,2024-11-11,0.6000,6151500
DCRU,2024-11-18,0.6050,13517200
DCRU,2024-11-25,0.6150,11197500
DCRU,2024-12-02,0.5900,11083000
DCRU,2024-12-09,0.5850,13421600
DCRU,2024-12-16,0.5750,18708900
DCRU,2024-12-23,0.5800,2576500
DCRU,2024-12-30,0.5800,3205200
DCRU,2025-01-06,0.5750,20120100
DCRU,2025-01-13,0.5800,18086900
DCRU,2025-01-20,0.5800,5771600
DCRU,2025-01-27,0.5550,13972349
DCRU,2025-02-03,0.5300,23544300
DCRU,2025-02-10,0.5600,15669400
DCRU,2025-02-17,0.5700,12279000
DCRU,2025-02-24,0.5650,22439300
DCRU,2025-03-03,0.5700,18025000
DCRU,2025-03-10,0.5550,25282900
DCRU,2025-03-17,0.5550,13553200
DCRU,2025-03-24,0.5300,11727200
DCRU,2025-03-31,0.4950,17942200
DCRU,2025-04-07,0.4600,18075200
DCRU,2025-04-14,0.4800,8429600
DCRU,2025-04-21,0.4750,23465100
DCRU,2025-04-28,0.5200,21858100
DCRU,2025-05-05,0.5150,14830300
DCRU,2025-05-12,0.5200,9410100
DCRU,2025-05-19,0.5050,8046900
DCRU,2025-05-26,0.5000,14644500
DCRU,2025-06-02,0.5100,11021900
DCRU,2025-06-09,0.5100,7761200
DCRU,2025-06-16,0.4950,16568800
DCRU,2025-06-23,0.5350,11856300
DCRU,2025-06-30,0.5200,17555900
DCRU,2025-07-07,0.5300,7573400
DCRU,2025-07-14,0.5500,10054300
DCRU,2025-07-21,0.5350,15144100
DCRU,2025-07-28,0.5150,11000100
DCRU,2025-08-04,0.5200,11128800
DCRU,2025-08-11,0.5000,18822900
DCRU,2025-08-18,0.5050,10055800
DCRU,2025-08-25,0.5100,9255600
DCRU,2025-09-01,0.5050,12293300
DCRU,2025-09-08,0.5200,12942700
DCRU,2025-09-15,0.5050,23536400
DCRU,2025-09-22,0.4900,22160983
DCRU,2025-09-29,0.4750,30167300
DCRU,2025-10-06,0.4600,21139200
DCRU,2025-10-13,0.4750,15036800
DCRU,2025-10-20,0.5050,16824400
DCRU,2025-10-27,0.5150,19719700
DCRU,2025-11-03,0.5050,18147300
DCRU,2025-11-10,0.4950,8138500
DCRU,2025-11-17,0.4900,8978200
DCRU,2025-11-24,0.5050,11176400
DCRU,2025-12-01,0.4950,9494300
DCRU,2025-12-08,0.5000,13074200
DCRU,2025-12-15,0.4900,16233100
DCRU,2025-12-22,0.5000,5499700
DCRU,2025-12-29,0.5100,3470700
DCRU,2026-01-05,0.5400,44954100
DCRU,2026-01-12,0.5500,13538200
DCRU,2026-01-19,0.5500,13143400
DCRU,2026-01-26,0.5400,15079100
DCRU,2026-02-02,0.5200,17789200
DCRU,2026-02-09,0.5200,16211300
DCRU,2026-02-16,0.5200,7612100
DCRU,2026-02-23,0.5150,13344100
DCRU,2026-03-02,0.4900,15630200
DCRU,2026-03-09,0.4850,10431000
DCRU,2026-03-16,0.4850,6864300
DCRU,2026-03-23,0.4850,18964700
DCRU,2026-03-30,0.4900,10102100
DCRU,2026-04-06,0.5100,7733500
DCRU,2026-04-13,0.5200,12182600
DCRU,2026-04-20,0.5200,17011200
DCRU,2026-04-27,0.5150,12135700
DCRU,2026-05-04,0.5150,10632300
DCRU,2026-05-11,0.5050,11096700
DCRU,2026-05-18,0.4950,14452000
DCRU,2026-05-25,0.4900,15218600
DCRU,2026-06-01,0.4900,12191800
DCRU,2026-06-08,0.4850,6995500
DCRU,2026-06-15,0.4950,12773600
DCRU,2026-06-22,0.5000,21203807
DCRU,2026-06-29,0.5150,13409200
DM0,2025-06-30,0.3700,819000
DM0,2025-07-07,0.4050,65363200
DM0,2025-07-14,0.3950,1950000
DM0,2025-07-21,0.4000,1871600
DM0,2025-07-28,0.3950,580000
DM0,2025-08-04,0.4000,1110000
DM0,2025-08-11,0.4000,1243100
DM0,2025-08-18,0.4050,414100
DM0,2025-08-25,0.4050,1393000
DM0,2025-09-01,0.4050,738500
DM0,2025-09-08,0.4100,473200
DM0,2025-09-15,0.4100,673800
DM0,2025-09-22,0.4000,170200
DM0,2025-09-29,0.4050,231100
DM0,2025-10-06,0.3900,228300
DM0,2025-10-13,0.3800,42200
DM0,2025-10-20,0.3950,53300
DM0,2025-10-27,0.4000,77400
DM0,2025-11-03,0.3850,1313100
DM0,2025-11-10,0.3850,703300
DM0,2025-11-17,0.3800,157400
DM0,2025-11-24,0.3900,128200
DM0,2025-12-01,0.3950,268600
DM0,2025-12-08,0.3750,440200
DM0,2025-12-15,0.3850,2647200
DM0,2025-12-22,0.3900,41400
DM0,2025-12-29,0.3950,50200
DM0,2026-01-05,0.3850,175500
DM0,2026-01-12,0.3800,155700
DM0,2026-01-19,0.3850,968400
DM0,2026-01-26,0.3900,171600
DM0,2026-02-02,0.3850,18100
DM0,2026-02-09,0.3850,104900
DM0,2026-02-16,0.3850,15400
DM0,2026-02-23,0.3850,313700
DM0,2026-03-02,0.4300,1771400
DM0,2026-03-09,0.4300,191200
DM0,2026-03-16,0.4250,179300
DM0,2026-03-23,0.4100,216800
DM0,2026-03-30,0.4200,239200
DM0,2026-04-06,0.4250,900200
DM0,2026-04-13,0.4800,2863500
DM0,2026-04-20,0.4700,975400
DM0,2026-04-27,0.4700,380900
DM0,2026-05-04,0.4700,262000
DM0,2026-05-11,0.4650,389900
DM0,2026-05-18,0.4750,187000
DM0,2026-05-25,0.4550,122200
DM0,2026-06-01,0.4600,168900
DM0,2026-06-08,0.4500,258000
DM0,2026-06-15,0.4550,168400
DM0,2026-06-22,0.4250,360700
DM0,2026-06-29,0.4250,266200
DU4,2023-07-03,0.0700,455800
DU4,2023-07-10,0.0790,8374400
DU4,2023-07-17,0.0770,914500
DU4,2023-07-24,0.0910,23560700
DU4,2023-07-31,0.1020,36472100
DU4,2023-08-07,0.0970,11692400
DU4,2023-08-14,0.0880,7139400
DU4,2023-08-21,0.0920,3891300
DU4,2023-08-28,0.0800,11148300
DU4,2023-09-04,0.0790,10070800
DU4,2023-09-11,0.0840,21583500
DU4,2023-09-18,0.0800,23954100
DU4,2023-09-25,0.0800,20448800
DU4,2023-10-02,0.0830,28486300
DU4,2023-10-09,0.0930,42893600
DU4,2023-10-16,0.0860,28661500
DU4,2023-10-23,0.0850,17138500
DU4,2023-10-30,0.0890,13585700
DU4,2023-11-06,0.0810,15645000
DU4,2023-11-13,0.0840,13827400
DU4,2023-11-20,0.0910,13925900
DU4,2023-11-27,0.0890,6480900
DU4,2023-12-04,0.0910,5865300
DU4,2023-12-11,0.0920,10052200
DU4,2024-01-01,0.0950,14235600
DU4,2024-01-08,0.1030,23326100
DU4,2024-01-15,0.0950,17818500
DU4,2024-01-22,0.0930,12538400
DU4,2024-01-29,0.0930,10167200
DU4,2024-02-05,0.0920,3928300
DU4,2024-02-12,0.1000,15338800
DU4,2024-02-19,0.0970,10253100
DU4,2024-02-26,0.0970,17182300
DU4,2024-03-04,0.0940,8185100
DU4,2024-03-11,0.0980,7707500
DU4,2024-03-18,0.0990,9018700
DU4,2024-03-25,0.1070,20777800
DU4,2024-04-01,0.1230,38899000
DU4,2024-04-08,0.1470,50740500
DU4,2024-04-15,0.1360,30555600
DU4,2024-04-22,0.1390,14793300
DU4,2024-04-29,0.1390,10906700
DU4,2024-05-06,0.1430,19887600
DU4,2024-05-13,0.1350,46691100
DU4,2024-05-20,0.1680,39907500
DU4,2024-05-27,0.1820,59699200
DU4,2024-06-03,0.1800,19354200
DU4,2024-06-10,0.1740,26409700
DU4,2024-06-17,0.1980,58256400
DU4,2024-06-24,0.1930,37937400
DU4,2024-07-01,0.2250,44306000
DU4,2024-07-08,0.1830,69128000
DU4,2024-07-15,0.1740,58333700
DU4,2024-07-22,0.1760,57831800
DU4,2024-07-29,0.1610,41590000
DU4,2024-08-05,0.1500,28783800
DU4,2024-08-12,0.1370,50824200
DU4,2024-08-19,0.1390,36686700
DU4,2024-08-26,0.1320,28174600
DU4,2024-09-02,0.1210,29638300
DU4,2024-09-09,0.1340,64197500
DU4,2024-09-16,0.1400,68310800
DU4,2024-09-23,0.1580,97016500
DU4,2024-09-30,0.1820,128294500
DU4,2024-10-07,0.1700,40243100
DU4,2024-10-14,0.1670,27172200
DU4,2024-10-21,0.1650,33892700
DU4,2024-10-28,0.1520,20939100
DU4,2024-11-04,0.1390,21022300
DU4,2024-11-11,0.1280,22636400
DU4,2024-11-18,0.1340,29677800
DU4,2024-11-25,0.1300,9960700
DU4,2024-12-02,0.1380,15550000
DU4,2024-12-09,0.1310,14250300
DU4,2024-12-16,0.1260,8256800
DU4,2024-12-23,0.1320,11995100
DU4,2024-12-30,0.1360,16781100
DU4,2025-01-06,0.1350,15779000
DU4,2025-01-13,0.1340,13410800
DU4,2025-01-20,0.1320,9000300
DU4,2025-01-27,0.1300,3489800
DU4,2025-02-03,0.1340,20736200
DU4,2025-02-10,0.1550,81045000
DU4,2025-02-17,0.1420,43686300
DU4,2025-02-24,0.1300,17895700
DU4,2025-03-03,0.1160,32922900
DU4,2025-03-10,0.1170,17140800
DU4,2025-03-17,0.1190,24507800
DU4,2025-03-24,0.1150,9892700
DU4,2025-03-31,0.1100,8210400
DU4,2025-04-07,0.0940,10610800
DU4,2025-04-14,0.1040,10849100
DU4,2025-04-21,0.1090,22199300
DU4,2025-04-28,0.1040,9813000
DU4,2025-05-05,0.1050,7200100
DU4,2025-05-12,0.1040,8533200
DU4,2025-05-19,0.1000,6289800
DU4,2025-05-26,0.1010,6862600
DU4,2025-06-02,0.0990,5888200
DU4,2025-06-09,0.1090,30292500
DU4,2025-06-16,0.1140,31299000
DU4,2025-06-23,0.1140,19347100
E28,2023-07-03,0.8800,16011100
E28,2023-07-10,0.9150,17036700
E28,2023-07-17,0.8850,15066200
E28,2023-07-24,0.8600,24290000
E28,2023-07-31,0.8350,15836700
E28,2023-08-07,0.8250,13973300
E28,2023-08-14,0.9800,52669100
E28,2023-08-21,1.0100,29484800
E28,2023-08-28,1.0400,26800341
E28,2023-09-04,1.0200,19694100
E28,2023-09-11,1.1200,31361900
E28,2023-09-18,1.0800,17397300
E28,2023-09-25,1.1200,12755100
E28,2023-10-02,1.0700,9575800
E28,2023-10-09,1.1800,25933100
E28,2023-10-16,1.0600,14138100
E28,2023-10-23,1.0700,11548300
E28,2023-10-30,1.1000,17970300
E28,2023-11-06,1.0900,12260500
E28,2023-11-13,1.0700,6830600
E28,2023-11-20,1.1300,19298600
E28,2023-11-27,1.1900,18406300
E28,2023-12-04,1.2500,20260600
E28,2023-12-11,1.3100,20407700
E28,2024-01-01,1.3000,14996000
E28,2024-01-08,1.3200,17367300
E28,2024-01-15,1.3100,13681800
E28,2024-01-22,1.3900,31393900
E28,2024-01-29,1.3100,21339200
E28,2024-02-05,1.3000,12082500
E28,2024-02-12,1.4200,17875500
E28,2024-02-19,1.5400,36106000
E28,2024-02-26,1.6500,33916000
E28,2024-03-04,1.7400,20695200
E28,2024-03-11,1.6300,19657200
E28,2024-03-18,1.6500,14201600
E28,2024-03-25,1.6700,8820100
E28,2024-04-01,1.6200,7359200
E28,2024-04-08,1.6000,8830900
E28,2024-04-15,1.5100,11269000
E28,2024-04-22,1.4700,16006500
E28,2024-04-29,1.3700,13531300
E28,2024-05-06,1.4100,16504600
E28,2024-05-13,1.3800,34490800
E28,2024-05-20,1.4500,14538300
E28,2024-05-27,1.4500,21664300
E28,2024-06-03,1.5900,28690500
E28,2024-06-10,1.5700,24031500
E28,2024-06-17,1.5900,16011300
E28,2024-06-24,1.6300,17813600
E28,2024-07-01,1.6600,19958900
E28,2024-07-08,1.6300,15925700
E28,2024-07-15,1.5100,24048900
E28,2024-07-22,1.3700,32050100
E28,2024-07-29,1.2500,42682200
E28,2024-08-05,1.2500,33716600
E28,2024-08-12,1.4000,36638000
E28,2024-08-19,1.3700,15586900
E28,2024-08-26,1.2800,15911000
E28,2024-09-02,1.1800,19855800
E28,2024-09-09,1.2500,17855700
E28,2024-09-16,1.3300,20801000
E28,2024-09-23,1.3600,16321400
E28,2024-09-30,1.3500,12902800
E28,2024-10-07,1.2800,15635700
E28,2024-10-14,1.2400,15188400
E28,2024-10-21,1.1900,15458300
E28,2024-10-28,1.1600,10043500
E28,2024-11-04,1.2100,12400200
E28,2024-11-11,1.1800,14420800
E28,2024-11-18,1.2200,15286800
E28,2024-11-25,1.1800,8467300
E28,2024-12-02,1.1800,9079300
E28,2024-12-09,1.1700,6703500
E28,2024-12-16,1.0900,16345500
E28,2024-12-23,1.1300,8833800
E28,2024-12-30,1.1800,7892000
E28,2025-01-06,1.1200,13392300
E28,2025-01-13,1.1200,7546200
E28,2025-01-20,1.1300,9585300
E28,2025-01-27,1.1300,5607600
E28,2025-02-03,1.1200,5267300
E28,2025-02-10,1.1000,6773100
E28,2025-02-17,1.0900,13867200
E28,2025-02-24,1.0400,16357900
E28,2025-03-03,1.0600,11208500
E28,2025-03-10,1.0700,18521400
E28,2025-03-17,1.0900,10155900
E28,2025-03-24,1.0600,6603200
E28,2025-03-31,0.9800,9758800
E28,2025-04-07,0.9350,27051600
E28,2025-04-14,0.9550,11489200
E28,2025-04-21,1.0500,19050500
E28,2025-04-28,1.0100,6322900
E28,2025-05-05,1.0400,6542300
E28,2025-05-12,1.1600,18366100
E28,2025-05-19,1.1300,9190100
E28,2025-05-26,1.1500,12343300
E28,2025-06-02,1.1800,14968600
E28,2025-06-09,1.1700,14650000
E28,2025-06-16,1.1500,11001600
E28,2025-06-23,1.2600,25186000
E28,2025-06-30,1.2600,16325800
E28,2025-07-07,1.3100,15628200
E28,2025-07-14,1.4500,35786700
E28,2025-07-21,1.6700,38089400
E28,2025-07-28,1.6500,27119700
E28,2025-08-04,1.6300,24336700
E28,2025-08-11,1.4800,28331000
E28,2025-08-18,1.4100,25404800
E28,2025-08-25,1.4300,15408300
E28,2025-09-01,1.4200,17726500
E28,2025-09-08,1.4200,13154100
E28,2025-09-15,1.4800,30349900
E28,2025-09-22,1.4000,23623600
E28,2025-09-29,1.5200,24273900
E28,2025-10-06,1.5200,25790500
E28,2025-10-13,1.4100,23570800
E28,2025-10-20,1.5700,22782700
E28,2025-10-27,1.6500,22616400
E28,2025-11-03,1.6100,23918700
E28,2025-11-10,1.5400,16187400
E28,2025-11-17,1.4200,19785500
E28,2025-11-24,1.4100,13286700
E28,2025-12-01,1.3900,9446000
E28,2025-12-08,1.3800,8674800
E28,2025-12-15,1.3600,12584100
E28,2025-12-22,1.3800,10329900
E28,2025-12-29,1.4200,8038900
E28,2026-01-05,1.4300,15764700
E28,2026-01-12,1.5900,32327600
E28,2026-01-19,1.5600,30518600
E28,2026-01-26,1.6700,45204700
E28,2026-02-02,1.6700,41593200
E28,2026-02-09,1.8700,42892300
E28,2026-02-16,1.8900,13295400
E28,2026-02-23,2.1600,50430900
E28,2026-03-02,2.0100,58577700
E28,2026-03-09,1.9900,37272200
E28,2026-03-16,2.0800,33197000
E28,2026-03-23,2.1100,57308500
E28,2026-03-30,2.0300,31498500
E28,2026-04-06,2.3800,50651700
E28,2026-04-13,2.5300,40447500
E28,2026-04-20,2.6600,29559400
E28,2026-04-27,2.6800,25431400
E28,2026-05-04,2.9300,25966500
E28,2026-05-11,3.1800,41940500
E28,2026-05-18,2.9600,45502200
E28,2026-05-25,3.2900,21924700
E28,2026-06-01,2.9200,24921400
E28,2026-06-08,2.8300,22022800
E28,2026-06-15,3.1300,23902900
E28,2026-06-22,2.9700,42697400
E28,2026-06-29,2.9400,26887100
E28,2026-07-06,2.7600,24341400
E28,2026-07-27,2.4700,32221700
E3B,2023-07-03,0.1950,77000
E3B,2023-07-10,0.1960,829000
E3B,2023-07-17,0.1870,498300
E3B,2023-07-24,0.1900,1321100
E3B,2023-07-31,0.1880,148800
E3B,2023-08-07,0.1840,1459500
E3B,2023-08-14,0.1850,183400
E3B,2023-08-21,0.1850,0
E3B,2023-08-28,0.1850,0
E3B,2023-09-04,0.1850,200
E3B,2023-09-11,0.1840,38200
E3B,2023-09-18,0.1820,144700
E3B,2023-09-25,0.1830,87200
E3B,2023-10-02,0.1830,0
E3B,2023-10-09,0.1830,8000
E3B,2023-10-16,0.1790,244400
E3B,2023-10-23,0.1770,31100
E3B,2023-10-30,0.1830,765000
E3B,2023-11-06,0.1800,600100
E3B,2023-11-13,0.1800,600
E3B,2023-11-20,0.1810,3127800
E3B,2023-11-27,0.1960,1469200
E3B,2023-12-04,0.1950,134700
E3B,2023-12-11,0.1950,246900
E3B,2024-01-01,0.1930,1474500
E3B,2024-01-08,0.1930,249000
E3B,2024-01-15,0.1900,1417100
E3B,2024-01-22,0.1940,508800
E3B,2024-01-29,0.1940,596600
E3B,2024-02-05,0.1910,712600
E3B,2024-02-12,0.1970,638100
E3B,2024-02-19,0.1980,450100
E3B,2024-02-26,0.1810,2999300
E3B,2024-03-04,0.1820,1211200
E3B,2024-03-11,0.1820,1072900
E3B,2024-03-18,0.1820,228900
E3B,2024-03-25,0.1850,1450000
E3B,2024-04-01,0.1900,995800
E3B,2024-04-08,0.1880,478700
E3B,2024-04-15,0.1800,894900
E3B,2024-04-22,0.1800,636000
E3B,2024-04-29,0.1840,402200
E3B,2024-05-06,0.1880,566300
E3B,2024-05-13,0.1900,1121900
E3B,2024-05-20,0.2050,11336400
E3B,2024-05-27,0.2250,32005800
E3B,2024-06-03,0.2150,6432000
E3B,2024-06-10,0.2100,6081000
E3B,2024-06-17,0.2200,12172900
E3B,2024-06-24,0.2300,9985200
E3B,2024-07-01,0.2250,4107700
E3B,2024-07-08,0.2300,2956200
E3B,2024-07-15,0.2300,4729200
E3B,2024-07-22,0.2250,4556300
E3B,2024-07-29,0.2200,981700
E3B,2024-08-05,0.2200,2672500
E3B,2024-08-12,0.2250,3576800
E3B,2024-08-19,0.2250,2169100
E3B,2024-08-26,0.2250,2494900
E3B,2024-09-02,0.2500,13374700
E3B,2024-09-09,0.3050,44781600
E3B,2024-09-16,0.3400,27741000
E3B,2024-09-23,0.3650,34417800
E3B,2024-09-30,0.3550,15281400
E3B,2024-10-07,0.3600,11797900
E3B,2024-10-14,0.4300,60187800
E3B,2024-10-21,0.4850,83132600
E3B,2024-10-28,0.4350,39637300
E3B,2024-11-04,0.4100,29348000
E3B,2024-11-11,0.4300,44917400
E3B,2024-11-18,0.4550,45399500
E3B,2024-11-25,0.4500,27760900
E3B,2024-12-02,0.4950,50266500
E3B,2024-12-09,0.4750,25981100
E3B,2024-12-16,0.4250,46881500
E3B,2024-12-23,0.4250,20224600
E3B,2024-12-30,0.4550,29409800
E3B,2025-01-06,0.4500,58961500
E3B,2025-01-13,0.4700,34535000
E3B,2025-01-20,0.4800,33928700
E3B,2025-01-27,0.4900,11469000
E3B,2025-02-03,0.5100,24176100
E3B,2025-02-10,0.5300,39996800
E3B,2025-02-17,0.5400,27356100
E3B,2025-02-24,0.4750,28256300
E3B,2025-03-03,0.4300,62344300
E3B,2025-03-10,0.4600,23230800
E3B,2025-03-17,0.5050,25490600
E3B,2025-03-24,0.5200,28875100
E3B,2025-03-31,0.4800,48084800
E3B,2025-04-07,0.4650,43252300
E3B,2025-04-14,0.5100,29057900
E3B,2025-04-21,0.5450,36270000
E3B,2025-04-28,0.5450,29213800
E3B,2025-05-05,0.4350,52139200
E3B,2025-05-12,0.4300,16093300
E3B,2025-05-19,0.4100,13883100
E3B,2025-05-26,0.4200,14475000
E3B,2025-06-02,0.4400,13470600
E3B,2025-06-09,0.4500,28636900
E3B,2025-06-16,0.4500,17955000
E3B,2025-06-23,0.4650,20020100
E3B,2025-06-30,0.4750,31069000
E3B,2025-07-07,0.5300,41063000
E3B,2025-07-14,0.5850,40741300
E3B,2025-07-21,0.7100,74006100
E3B,2025-07-28,0.6450,37699400
E3B,2025-08-04,0.6900,60623600
E3B,2025-08-11,0.7000,27434700
E3B,2025-08-18,0.7150,37091100
E3B,2025-08-25,0.7350,43831200
E3B,2025-09-01,0.7350,37830700
E3B,2025-09-08,0.7800,44403100
E3B,2025-09-15,0.7200,38916500
E3B,2025-09-22,0.7100,24774600
E3B,2025-09-29,0.7400,22845200
E3B,2025-10-06,0.7400,31213000
E3B,2025-10-13,0.6750,27181700
E3B,2025-10-20,0.7500,19998100
E3B,2025-10-27,0.7250,16939400
E3B,2025-11-03,0.7200,14000200
E3B,2025-11-10,0.7300,9578000
E3B,2025-11-17,0.7050,14352700
E3B,2025-11-24,0.7050,16707600
E3B,2025-12-01,0.7150,15337200
E3B,2025-12-08,0.7100,9902000
E3B,2025-12-15,0.7350,16757200
E3B,2025-12-22,0.7500,6813100
E3B,2025-12-29,0.7450,7152800
E3B,2026-01-05,0.8050,38129700
E3B,2026-01-12,0.9000,52224300
E3B,2026-01-19,0.9000,19575100
E3B,2026-01-26,0.8900,10927700
E3B,2026-02-02,0.8600,11378900
E3B,2026-02-09,0.8850,13385800
E3B,2026-02-16,0.8900,3529200
E3B,2026-02-23,0.7950,19469900
E3B,2026-03-02,0.7150,25363400
E3B,2026-03-09,0.6750,25054000
E3B,2026-03-16,0.6750,30958200
E3B,2026-03-23,0.6600,19844800
E3B,2026-03-30,0.6550,11669400
E3B,2026-04-06,0.7300,34677300
E3B,2026-04-13,0.7550,30414600
E3B,2026-04-20,0.7350,14119000
E3B,2026-04-27,0.7250,8647600
E3B,2026-05-04,0.7250,12897200
E3B,2026-05-11,0.7100,13388300
E3B,2026-05-18,0.6800,9582800
E3B,2026-05-25,0.6700,5502100
E3B,2026-06-01,0.6450,5399400
E3B,2026-06-08,0.6500,9507000
E3B,2026-06-15,0.6650,7131900
E3B,2026-06-22,0.6500,4428100
E3B,2026-06-29,0.6650,5543400
E5H,2023-07-03,0.2400,108313100
E5H,2023-07-10,0.2400,58292200
E5H,2023-07-17,0.2400,28984600
E5H,2023-07-24,0.2450,74859300
E5H,2023-07-31,0.2500,45755900
E5H,2023-08-07,0.2500,32532100
E5H,2023-08-14,0.2500,60832300
E5H,2023-08-21,0.2500,36266800
E5H,2023-08-28,0.2500,44623100
E5H,2023-09-04,0.2400,44207200
E5H,2023-09-11,0.2450,47409000
E5H,2023-09-18,0.2500,55385400
E5H,2023-09-25,0.2650,106094300
E5H,2023-10-02,0.2650,29665300
E5H,2023-10-09,0.2650,28798100
E5H,2023-10-16,0.2650,39179900
E5H,2023-10-23,0.2650,37931100
E5H,2023-10-30,0.2650,28986200
E5H,2023-11-06,0.2650,42919100
E5H,2023-11-13,0.2650,80090400
E5H,2023-11-20,0.2650,56711097
E5H,2023-11-27,0.2650,39047700
E5H,2023-12-04,0.2650,26385012
E5H,2023-12-11,0.2600,59219627
E5H,2024-01-01,0.2650,23305500
E5H,2024-01-08,0.2650,44556800
E5H,2024-01-15,0.2650,34905900
E5H,2024-01-22,0.2650,27560300
E5H,2024-01-29,0.2700,58255900
E5H,2024-02-05,0.2700,34800800
E5H,2024-02-12,0.2700,43361000
E5H,2024-02-19,0.2750,77320700
E5H,2024-02-26,0.2700,123254800
E5H,2024-03-04,0.2700,110720800
E5H,2024-03-11,0.2700,327337500
E5H,2024-03-18,0.2700,60293018
E5H,2024-03-25,0.2700,51596286
E5H,2024-04-01,0.2700,32496900
E5H,2024-04-08,0.2700,45824100
E5H,2024-04-15,0.2700,21390600
E5H,2024-04-22,0.2700,29615868
E5H,2024-04-29,0.2750,21782600
E5H,2024-05-06,0.2650,97510700
E5H,2024-05-13,0.2650,83531600
E5H,2024-05-20,0.2650,99674300
E5H,2024-05-27,0.2650,95947700
E5H,2024-06-03,0.2650,31079000
E5H,2024-06-10,0.2650,88739100
E5H,2024-06-17,0.2800,208264600
E5H,2024-06-24,0.2700,50922900
E5H,2024-07-01,0.2700,18122200
E5H,2024-07-08,0.2700,58273300
E5H,2024-07-15,0.2750,18851000
E5H,2024-07-22,0.2750,12459600
E5H,2024-07-29,0.2650,47809300
E5H,2024-08-05,0.2650,99728600
E5H,2024-08-12,0.2650,59963100
E5H,2024-08-19,0.2650,52454200
E5H,2024-08-26,0.2650,34727900
E5H,2024-09-02,0.2700,91680400
E5H,2024-09-09,0.2700,17498500
E5H,2024-09-16,0.2750,76459700
E5H,2024-09-23,0.2750,22743300
E5H,2024-09-30,0.2750,54813100
E5H,2024-10-07,0.2850,59019600
E5H,2024-10-14,0.2850,27346800
E5H,2024-10-21,0.2900,22259700
E5H,2024-10-28,0.2950,47430800
E5H,2024-11-04,0.2800,30900900
E5H,2024-11-11,0.2750,31227900
E5H,2024-11-18,0.2750,33724300
E5H,2024-11-25,0.2700,17987900
E5H,2024-12-02,0.2800,28976900
E5H,2024-12-09,0.2750,16600600
E5H,2024-12-16,0.2550,206070900
E5H,2024-12-23,0.2600,21973000
E5H,2024-12-30,0.2600,17320500
E5H,2025-01-06,0.2450,87133800
E5H,2025-01-13,0.2400,35677800
E5H,2025-01-20,0.2550,45226300
E5H,2025-01-27,0.2450,20073300
E5H,2025-02-03,0.2450,13198500
E5H,2025-02-10,0.2500,10336400
E5H,2025-02-17,0.2450,22507200
E5H,2025-02-24,0.2500,64640500
E5H,2025-03-03,0.2500,32801500
E5H,2025-03-10,0.2550,40331292
E5H,2025-03-17,0.2650,40750000
E5H,2025-03-24,0.2700,17642400
E5H,2025-03-31,0.2600,12257400
E5H,2025-04-07,0.2400,49113200
E5H,2025-04-14,0.2450,12927800
E5H,2025-04-21,0.2400,18787200
E5H,2025-04-28,0.2450,16075300
E5H,2025-05-05,0.2400,15582000
E5H,2025-05-12,0.2450,9441400
E5H,2025-05-19,0.2450,10398600
E5H,2025-05-26,0.2500,48189500
E5H,2025-06-02,0.2500,33625800
E5H,2025-06-09,0.2500,13863900
E5H,2025-06-16,0.2550,29199800
E5H,2025-06-23,0.2550,29397300
E5H,2025-06-30,0.2500,22236700
E5H,2025-07-07,0.2500,17255200
E5H,2025-07-14,0.2550,46926500
E5H,2025-07-21,0.2600,34228800
E5H,2025-07-28,0.2550,14058600
E5H,2025-08-04,0.2600,56737700
E5H,2025-08-11,0.2650,77628300
E5H,2025-08-18,0.2650,66013300
E5H,2025-08-25,0.2800,114323800
E5H,2025-09-01,0.2850,90903200
E5H,2025-09-08,0.3250,181693800
E5H,2025-09-15,0.3000,99392569
E5H,2025-09-22,0.2950,74177800
E5H,2025-09-29,0.3100,93699400
E5H,2025-10-06,0.2950,100697400
E5H,2025-10-13,0.2700,89206300
E5H,2025-10-20,0.2800,38241200
E5H,2025-10-27,0.2800,53133300
E5H,2025-11-03,0.2750,28065500
E5H,2025-11-10,0.2700,65767200
E5H,2025-11-17,0.2800,31872000
E5H,2025-11-24,0.2750,28592100
E5H,2025-12-01,0.2800,14640900
E5H,2025-12-08,0.2800,20803400
E5H,2025-12-15,0.2750,130569500
E5H,2025-12-22,0.2800,17154500
E5H,2025-12-29,0.2850,31404200
E5H,2026-01-05,0.2900,95284600
E5H,2026-01-12,0.2800,97818400
E5H,2026-01-19,0.2850,32224700
E5H,2026-01-26,0.2900,107045300
E5H,2026-02-02,0.2900,63692200
E5H,2026-02-09,0.2900,61429200
E5H,2026-02-16,0.2950,31442800
E5H,2026-02-23,0.2850,91763000
E5H,2026-03-02,0.2900,90526000
E5H,2026-03-09,0.3000,97299200
E5H,2026-03-16,0.3000,269072800
E5H,2026-03-23,0.3000,83256300
E5H,2026-03-30,0.3000,51245000
E5H,2026-04-06,0.3100,58458300
E5H,2026-04-13,0.3100,65294100
E5H,2026-04-20,0.3100,35639600
E5H,2026-04-27,0.3150,82569500
E5H,2026-05-04,0.3450,214990500
E5H,2026-05-11,0.3250,133909001
E5H,2026-05-18,0.2750,266724300
E5H,2026-05-25,0.2750,158303400
E5H,2026-06-01,0.2800,94198200
E5H,2026-06-08,0.2700,69512500
E5H,2026-06-15,0.2700,101067200
E5H,2026-06-22,0.2700,78173100
E5H,2026-06-29,0.2650,103169700
EB5,2023-07-03,1.5000,14718900
EB5,2023-07-10,1.5100,5506200
EB5,2023-07-17,1.4800,6266600
EB5,2023-07-24,1.5500,12773400
EB5,2023-07-31,1.5500,9132600
EB5,2023-08-07,1.5400,4926800
EB5,2023-08-14,1.5000,5591200
EB5,2023-08-21,1.5000,4100300
EB5,2023-08-28,1.5500,5218800
EB5,2023-09-04,1.5200,4521700
EB5,2023-09-11,1.5300,4026800
EB5,2023-09-18,1.5400,4466900
EB5,2023-09-25,1.5300,3139100
EB5,2023-10-02,1.4800,2325700
EB5,2023-10-09,1.5000,2828000
EB5,2023-10-16,1.4400,3663600
EB5,2023-10-23,1.4500,9774100
EB5,2023-10-30,1.5200,7379900
EB5,2023-11-06,1.4300,7533600
EB5,2023-11-13,1.4100,9256700
EB5,2023-11-20,1.4400,7757600
EB5,2023-11-27,1.4000,7323100
EB5,2023-12-04,1.4000,6507400
EB5,2023-12-11,1.3900,6162000
EB5,2024-01-01,1.4400,3126200
EB5,2024-01-08,1.4700,4220900
EB5,2024-01-15,1.5100,4139100
EB5,2024-01-22,1.5300,4402200
EB5,2024-01-29,1.4800,6376200
EB5,2024-02-05,1.4200,3408100
EB5,2024-02-12,1.4500,3717700
EB5,2024-02-19,1.4400,4660800
EB5,2024-02-26,1.4000,4981600
EB5,2024-03-04,1.3600,12861700
EB5,2024-03-11,1.3200,7945500
EB5,2024-03-18,1.3400,7695000
EB5,2024-03-25,1.3700,10158600
EB5,2024-04-01,1.3800,13314600
EB5,2024-04-08,1.4000,9341900
EB5,2024-04-15,1.4000,9459500
EB5,2024-04-22,1.4000,3359400
EB5,2024-04-29,1.4300,6550000
EB5,2024-05-06,1.3800,3679100
EB5,2024-05-13,1.4100,10018700
EB5,2024-05-20,1.4000,5311886
EB5,2024-05-27,1.4100,5541400
EB5,2024-06-03,1.4200,3441600
EB5,2024-06-10,1.3900,9504900
EB5,2024-06-17,1.3800,2465300
EB5,2024-06-24,1.3800,3978600
EB5,2024-07-01,1.3900,3163100
EB5,2024-07-08,1.4500,4702900
EB5,2024-07-15,1.4600,4220400
EB5,2024-07-22,1.4600,1943600
EB5,2024-07-29,1.4600,2120100
EB5,2024-08-05,1.3800,1375000
EB5,2024-08-12,1.4100,6845100
EB5,2024-08-19,1.4700,3791800
EB5,2024-08-26,1.4800,4890900
EB5,2024-09-02,1.4600,1771300
EB5,2024-09-09,1.4500,3026000
EB5,2024-09-16,1.4400,2239000
EB5,2024-09-23,1.4800,4096100
EB5,2024-09-30,1.4700,3721000
EB5,2024-10-07,1.4600,3487900
EB5,2024-10-14,1.4500,2463100
EB5,2024-10-21,1.5000,4020100
EB5,2024-10-28,1.5200,5465300
EB5,2024-11-04,1.5500,3839600
EB5,2024-11-11,1.5200,5124500
EB5,2024-11-18,1.4900,7795900
EB5,2024-11-25,1.4900,6105400
EB5,2024-12-02,1.5100,8323900
EB5,2024-12-09,1.4700,6695900
EB5,2024-12-16,1.4200,7185600
EB5,2024-12-23,1.4500,1751800
EB5,2024-12-30,1.4700,4289300
EB5,2025-01-06,1.4200,8262400
EB5,2025-01-13,1.4600,6291600
EB5,2025-01-20,1.4700,3608400
EB5,2025-01-27,1.4500,2400000
EB5,2025-02-03,1.4600,4983800
EB5,2025-02-10,1.4600,5489900
EB5,2025-02-17,1.4100,6091400
EB5,2025-02-24,1.4600,5624000
EB5,2025-03-03,1.6400,18974900
EB5,2025-03-10,1.6600,19115000
EB5,2025-03-17,1.6200,18323800
EB5,2025-03-24,1.7500,13282300
EB5,2025-03-31,1.5900,13382200
EB5,2025-04-07,1.5000,15912000
EB5,2025-04-14,1.4800,14502700
EB5,2025-04-21,1.5100,11360800
EB5,2025-04-28,1.5100,6275300
EB5,2025-05-05,1.4400,6294600
EB5,2025-05-12,1.4800,9324900
EB5,2025-05-19,1.4500,6808000
EB5,2025-05-26,1.4200,6976500
EB5,2025-06-02,1.4200,7047900
EB5,2025-06-09,1.4300,7994600
EB5,2025-06-16,1.4200,9422900
EB5,2025-06-23,1.4900,6912200
EB5,2025-06-30,1.5000,7745200
EB5,2025-07-07,1.5000,6179400
EB5,2025-07-14,1.5600,9177000
EB5,2025-07-21,1.5900,9601600
EB5,2025-07-28,1.5300,13299200
EB5,2025-08-04,1.5500,6372900
EB5,2025-08-11,1.7600,29801100
EB5,2025-08-18,1.7600,21972400
EB5,2025-08-25,1.7100,14404300
EB5,2025-09-01,1.6900,12244900
EB5,2025-09-08,1.6800,13079100
EB5,2025-09-15,1.6400,9445100
EB5,2025-09-22,1.6500,10892700
EB5,2025-09-29,1.7100,8967300
EB5,2025-10-06,1.7300,10753600
EB5,2025-10-13,1.7000,13710000
EB5,2025-10-20,1.8400,12856100
EB5,2025-10-27,1.9600,14645300
EB5,2025-11-03,2.0000,9049000
EB5,2025-11-10,2.0500,8117600
EB5,2025-11-17,2.1300,17647600
EB5,2025-11-24,2.0700,4624000
EB5,2025-12-01,2.0900,6259800
EB5,2025-12-08,2.0500,6148900
EB5,2025-12-15,2.0600,5001200
EB5,2025-12-22,2.0800,2873900
EB5,2025-12-29,2.0800,3457200
EB5,2026-01-05,2.0800,4631500
EB5,2026-01-12,1.9900,12118000
EB5,2026-01-19,2.0600,8066000
EB5,2026-01-26,2.1400,6451600
EB5,2026-02-02,2.0800,4674700
EB5,2026-02-09,2.2800,12977100
EB5,2026-02-16,2.3000,4263000
EB5,2026-02-23,2.3700,13747000
EB5,2026-03-02,2.7400,22340300
EB5,2026-03-09,2.6800,16177900
EB5,2026-03-16,2.8700,17962900
EB5,2026-03-23,2.8100,14881400
EB5,2026-03-30,2.8900,17583100
EB5,2026-04-06,2.8400,15009500
EB5,2026-04-13,2.8600,18611700
EB5,2026-04-20,3.1000,13318500
EB5,2026-04-27,3.4900,16716000
EB5,2026-05-04,3.6700,20242800
EB5,2026-05-11,3.9000,14826200
EB5,2026-05-18,2.8300,45489900
EB5,2026-05-25,2.6500,21996400
EB5,2026-06-01,2.6100,14595400
EB5,2026-06-08,2.8300,22212100
EB5,2026-06-15,3.1700,19068700
EB5,2026-06-22,3.1200,9179900
EB5,2026-06-29,3.4000,8470300
EB5,2026-07-13,3.4500,12485100
EB5,2026-08-24,4.4700,10763700
ER0,2025-06-30,0.2700,2713200
ER0,2025-07-07,0.2750,3591900
ER0,2025-07-14,0.2800,2543600
ER0,2025-07-21,0.3000,4086800
ER0,2025-07-28,0.2750,4062500
ER0,2025-08-04,0.2800,1262000
ER0,2025-08-11,0.3100,4150100
ER0,2025-08-18,0.3700,49946100
ER0,2025-08-25,0.3750,15594300
ER0,2025-09-01,0.4050,24684800
ER0,2025-09-08,0.4150,12862600
ER0,2025-09-15,0.3850,8024800
ER0,2025-09-22,0.3650,3587600
ER0,2025-09-29,0.3800,5998000
ER0,2025-10-06,0.3850,6534400
ER0,2025-10-13,0.3800,15090500
ER0,2025-10-20,0.4100,7548800
ER0,2025-10-27,0.4050,7811600
ER0,2025-11-03,0.4050,8188000
ER0,2025-11-10,0.3800,5551800
ER0,2025-11-17,0.3700,2525800
ER0,2025-11-24,0.3650,1902700
ER0,2025-12-01,0.3600,291800
ER0,2025-12-08,0.3500,307700
ER0,2025-12-15,0.3400,228000
ER0,2025-12-22,0.3600,1314500
ER0,2025-12-29,0.3650,577800
ER0,2026-01-05,0.3600,657600
ER0,2026-01-12,0.3450,2367300
ER0,2026-01-19,0.3600,1323600
ER0,2026-01-26,0.3450,937000
ER0,2026-02-02,0.3500,536900
ER0,2026-02-09,0.3450,573500
ER0,2026-02-16,0.3650,6646300
ER0,2026-02-23,0.3800,6159800
ER0,2026-03-02,0.3550,2638600
ER0,2026-03-09,0.3450,587100
ER0,2026-03-16,0.3400,333000
ER0,2026-03-23,0.3500,343900
ER0,2026-03-30,0.3450,256100
ER0,2026-04-06,0.3400,445300
ER0,2026-04-13,0.3450,771100
ER0,2026-04-20,0.3550,352000
ER0,2026-04-27,0.3500,832500
ER0,2026-05-04,0.3550,1545800
ER0,2026-05-11,0.3650,7772900
ER0,2026-05-18,0.3600,2587900
ER0,2026-05-25,0.3500,3744900
ER0,2026-06-01,0.3350,1432400
ER0,2026-06-08,0.3200,1530800
ER0,2026-06-15,0.3250,418400
ER0,2026-06-22,0.3150,228200
ER0,2026-06-29,0.3200,206100
F03,2023-07-03,0.8667,3697320
F03,2023-07-10,0.9833,8728440
F03,2023-07-17,0.9333,2378760
F03,2023-07-24,0.9000,3101640
F03,2023-07-31,0.8750,2498160
F03,2023-08-07,0.9000,4456200
F03,2023-08-14,0.8750,2060640
F03,2023-08-21,0.8583,2114880
F03,2023-08-28,0.8583,2136720
F03,2023-09-04,0.8667,2770080
F03,2023-09-11,0.9000,2874360
F03,2023-09-18,0.9000,4032240
F03,2023-09-25,0.9250,2213400
F03,2023-10-02,0.9583,4610640
F03,2023-10-09,0.9500,4312440
F03,2023-10-16,0.8917,3511080
F03,2023-10-23,0.8750,1091280
F03,2023-10-30,0.9250,2751480
F03,2023-11-06,0.9417,8007960
F03,2023-11-13,0.9250,5259240
F03,2023-11-20,0.9250,3765120
F03,2023-11-27,0.9083,3113520
F03,2023-12-04,0.9250,3859320
F03,2023-12-11,0.9500,3755400
F03,2024-01-01,0.9417,2177520
F03,2024-01-08,0.9667,5487240
F03,2024-01-15,0.9667,7716720
F03,2024-01-22,1.1167,12944400
F03,2024-01-29,1.1250,4827000
F03,2024-02-05,1.1583,5490720
F03,2024-02-12,1.1667,2756520
F03,2024-02-19,1.1833,5735760
F03,2024-02-26,1.2000,4793040
F03,2024-03-04,1.1833,3442920
F03,2024-03-11,1.1583,2870040
F03,2024-03-18,1.1250,7518000
F03,2024-03-25,1.1333,3636480
F03,2024-04-01,1.1667,5824320
F03,2024-04-08,1.1333,3369480
F03,2024-04-15,1.0667,4201800
F03,2024-04-22,1.0500,3503640
F03,2024-04-29,0.9750,4618800
F03,2024-05-06,0.9500,4703520
F03,2024-05-13,0.9333,5132520
F03,2024-05-20,0.9333,3095880
F03,2024-05-27,0.9167,2654880
F03,2024-06-03,0.8750,3735480
F03,2024-06-10,0.8500,3641520
F03,2024-06-17,0.8417,1616880
F03,2024-06-24,0.8333,4346640
F03,2024-07-01,0.8208,4101120
F03,2024-07-08,0.8333,2754960
F03,2024-07-15,0.8417,4040640
F03,2024-07-22,0.8417,2883480
F03,2024-07-29,0.8292,2137920
F03,2024-08-05,0.8125,2903760
F03,2024-08-12,0.8125,2191080
F03,2024-08-19,0.8250,2347920
F03,2024-08-26,0.8042,1912320
F03,2024-09-02,0.8083,2149920
F03,2024-09-09,0.8083,985440
F03,2024-09-16,0.8208,1057320
F03,2024-09-23,0.8167,1219080
F03,2024-09-30,0.8583,3681720
F03,2024-10-07,0.8583,3927120
F03,2024-10-14,0.8667,1176000
F03,2024-10-21,0.8667,1167000
F03,2024-10-28,0.8667,920520
F03,2024-11-04,0.8500,632760
F03,2024-11-11,0.8583,2072880
F03,2024-11-18,0.8333,1702440
F03,2024-11-25,0.8167,2054880
F03,2024-12-02,0.8292,1097880
F03,2024-12-09,0.8208,532920
F03,2024-12-16,0.8167,1018560
F03,2024-12-23,0.8208,288960
F03,2024-12-30,0.8250,837600
F03,2025-01-06,0.8208,1193280
F03,2025-01-13,0.8292,1559280
F03,2025-01-20,0.8208,3785400
F03,2025-01-27,0.8208,647760
F03,2025-02-03,0.8167,1338840
F03,2025-02-10,0.8083,1200000
F03,2025-02-17,0.8208,4070760
F03,2025-02-24,0.9500,23065200
F03,2025-03-03,1.0250,13621800
F03,2025-03-10,1.0583,8408040
F03,2025-03-17,1.1500,6770400
F03,2025-03-24,1.1500,3343680
F03,2025-03-31,1.0917,5490000
F03,2025-04-07,1.0417,6494040
F03,2025-04-14,1.1083,2861040
F03,2025-04-21,1.3000,8108400
F03,2025-04-28,1.1917,2796840
F03,2025-05-05,1.2583,3762120
F03,2025-05-12,1.4250,4787280
F03,2025-05-19,1.4750,3209640
F03,2025-05-26,1.4500,2760960
F03,2025-06-02,1.5667,3943560
F03,2025-06-09,1.4917,2339400
F03,2025-06-16,1.4583,3379560
F03,2025-06-23,1.5833,4447800
F03,2025-06-30,1.5333,4449600
F03,2025-07-07,1.5833,5221560
F03,2025-07-14,1.8833,9212520
F03,2025-07-21,2.0417,7438440
F03,2025-07-28,1.9333,4517280
F03,2025-08-04,2.0000,4128960
F03,2025-08-11,1.9250,6016920
F03,2025-08-18,1.9333,5947560
F03,2025-08-25,1.9917,10754400
F03,2025-09-01,1.9750,3873480
F03,2025-09-08,2.1583,6885720
F03,2025-09-15,2.2417,6022560
F03,2025-09-22,2.0750,31529520
F03,2025-09-29,2.0333,6030960
F03,2025-10-06,1.9333,7023360
F03,2025-10-13,1.8000,7044000
F03,2025-10-20,1.9583,5844360
F03,2025-10-27,1.9667,5606640
F03,2025-11-03,1.8833,4826880
F03,2025-11-10,2.1333,13136640
F03,2025-11-17,2.1167,8797560
F03,2025-11-24,2.1417,4241400
F03,2025-12-01,2.0500,4290720
F03,2025-12-08,2.0250,4214880
F03,2025-12-15,1.9667,4653960
F03,2025-12-22,1.9917,3784080
F03,2025-12-29,2.0417,5719200
F03,2026-01-05,2.0917,4071360
F03,2026-01-12,2.1333,6732720
F03,2026-01-19,2.3083,13305960
F03,2026-01-26,2.2500,5122920
F03,2026-02-02,2.3583,7723920
F03,2026-02-09,2.4667,7180080
F03,2026-02-16,2.6917,4162440
F03,2026-02-23,2.7083,8468520
F03,2026-03-02,2.5417,8928480
F03,2026-03-09,2.5583,6698640
F03,2026-03-16,2.6750,8881800
F03,2026-03-23,2.5833,11822160
F03,2026-03-30,2.4167,8710800
F03,2026-04-06,2.6583,9192240
F03,2026-04-13,2.6000,6411120
F03,2026-04-20,2.6083,5960040
F03,2026-04-27,2.7167,6461040
F03,2026-05-04,2.5417,11235960
F03,2026-05-11,2.5667,19078680
F03,2026-05-18,2.5083,8533560
F03,2026-05-25,2.5833,9884520
F03,2026-06-01,2.3700,6662120
F03,2026-06-08,2.3200,6424600
F03,2026-06-15,2.5300,5040900
F03,2026-06-22,2.3300,5891900
F03,2026-06-29,2.5300,4552800
F34,2023-07-03,3.6700,50294500
F34,2023-07-10,3.8100,34838500
F34,2023-07-17,3.7500,27143900
F34,2023-07-24,3.8400,24724700
F34,2023-07-31,3.8300,22098293
F34,2023-08-07,3.8100,13045100
F34,2023-08-14,3.6000,41470700
F34,2023-08-21,3.5500,30929300
F34,2023-08-28,3.7800,38921600
F34,2023-09-04,3.6500,23036300
F34,2023-09-11,3.8000,27692600
F34,2023-09-18,3.6800,16397600
F34,2023-09-25,3.7300,16918700
F34,2023-10-02,3.6600,19100530
F34,2023-10-09,3.5800,21881200
F34,2023-10-16,3.4400,24486500
F34,2023-10-23,3.5200,18354200
F34,2023-10-30,3.6400,23121700
F34,2023-11-06,3.5900,18799300
F34,2023-11-13,3.6800,14679900
F34,2023-11-20,3.6900,15086400
F34,2023-11-27,3.6100,29392400
F34,2023-12-04,3.6300,22261900
F34,2023-12-11,3.4600,91750354
F34,2024-01-01,3.5300,16135800
F34,2024-01-08,3.4500,18763900
F34,2024-01-15,3.3600,22068000
F34,2024-01-22,3.3600,28375300
F34,2024-01-29,3.3400,21053300
F34,2024-02-05,3.1200,36443500
F34,2024-02-12,3.2400,25756400
F34,2024-02-19,3.3900,28878900
F34,2024-02-26,3.3300,30230460
F34,2024-03-04,3.3800,27706300
F34,2024-03-11,3.3900,33183186
F34,2024-03-18,3.3900,22070000
F34,2024-03-25,3.4300,15147400
F34,2024-04-01,3.4600,17977600
F34,2024-04-08,3.5400,12635200
F34,2024-04-15,3.4000,23067000
F34,2024-04-22,3.4700,28394200
F34,2024-04-29,3.2300,36347500
F34,2024-05-06,3.1800,28192800
F34,2024-05-13,3.1600,22915187
F34,2024-05-20,3.1200,22201600
F34,2024-05-27,3.0900,42383100
F34,2024-06-03,3.1000,24856700
F34,2024-06-10,3.0700,17963300
F34,2024-06-17,3.1300,21219800
F34,2024-06-24,3.1000,34486872
F34,2024-07-01,3.1200,25352900
F34,2024-07-08,3.1700,28897200
F34,2024-07-15,3.1000,16727100
F34,2024-07-22,3.1000,16938200
F34,2024-07-29,3.1900,24001300
F34,2024-08-05,3.0700,28001100
F34,2024-08-12,3.1300,23235300
F34,2024-08-19,3.1300,20950400
F34,2024-08-26,3.1400,23543400
F34,2024-09-02,3.1100,20631200
F34,2024-09-09,3.1200,20308600
F34,2024-09-16,3.1400,24407100
F34,2024-09-23,3.3600,36864097
F34,2024-09-30,3.3400,32575200
F34,2024-10-07,3.3000,34735900
F34,2024-10-14,3.2800,18891900
F34,2024-10-21,3.2500,14289400
F34,2024-10-28,3.0800,21004600
F34,2024-11-04,3.1400,24244200
F34,2024-11-11,3.0600,21770800
F34,2024-11-18,3.0800,13948800
F34,2024-11-25,3.0800,37680183
F34,2024-12-02,3.0700,16808500
F34,2024-12-09,3.0500,17629400
F34,2024-12-16,3.0000,24523171
F34,2024-12-23,3.0700,8858200
F34,2024-12-30,3.1000,10322500
F34,2025-01-06,3.0300,16514400
F34,2025-01-13,3.0800,16922600
F34,2025-01-20,3.0700,13265300
F34,2025-01-27,3.1200,11303200
F34,2025-02-03,3.2500,39353400
F34,2025-02-10,3.2700,19882300
F34,2025-02-17,3.0800,40251800
F34,2025-02-24,3.2100,34213200
F34,2025-03-03,3.2700,29838600
F34,2025-03-10,3.3000,26146800
F34,2025-03-17,3.2900,22310500
F34,2025-03-24,3.3500,23557400
F34,2025-03-31,3.2700,24404000
F34,2025-04-07,3.1400,52087000
F34,2025-04-14,3.0900,35243100
F34,2025-04-21,3.1300,27444300
F34,2025-04-28,3.0700,30623000
F34,2025-05-05,3.0600,33901200
F34,2025-05-12,3.0900,25342300
F34,2025-05-19,3.0700,20138300
F34,2025-05-26,3.0500,24230200
F34,2025-06-02,3.0400,24042600
F34,2025-06-09,3.0100,21799600
F34,2025-06-16,2.9200,54096600
F34,2025-06-23,2.9100,41455500
F34,2025-06-30,2.9400,39856300
F34,2025-07-07,2.9500,26039300
F34,2025-07-14,3.0500,30545200
F34,2025-07-21,3.0100,40566057
F34,2025-07-28,2.9300,34424800
F34,2025-08-04,2.9600,24000300
F34,2025-08-11,2.9200,39318800
F34,2025-08-18,2.9100,38699000
F34,2025-08-25,2.9500,27819700
F34,2025-09-01,2.9700,21005620
F34,2025-09-08,2.9500,23383900
F34,2025-09-15,2.9000,27929700
F34,2025-09-22,2.8500,40985111
F34,2025-09-29,2.8700,43887000
F34,2025-10-06,2.9400,41986000
F34,2025-10-13,2.9500,33025600
F34,2025-10-20,2.9900,19971600
F34,2025-10-27,3.1300,50705300
F34,2025-11-03,3.2800,47596300
F34,2025-11-10,3.3300,36387000
F34,2025-11-17,3.2500,29699900
F34,2025-11-24,3.2400,41992138
F34,2025-12-01,3.0600,34427200
F34,2025-12-08,3.0700,25655400
F34,2025-12-15,3.0600,26238500
F34,2025-12-22,3.1000,16345959
F34,2025-12-29,3.0500,17293600
F34,2026-01-05,3.1100,22452200
F34,2026-01-12,3.1700,26335700
F34,2026-01-19,3.2400,24777800
F34,2026-01-26,3.3900,52750000
F34,2026-02-02,3.4400,38274500
F34,2026-02-09,3.5500,30123400
F34,2026-02-16,3.5800,21231800
F34,2026-02-23,3.5200,41280200
F34,2026-03-02,3.4900,58707046
F34,2026-03-09,3.8000,67463800
F34,2026-03-16,3.8000,54026600
F34,2026-03-23,3.7900,40316500
F34,2026-03-30,3.8300,35125900
F34,2026-04-06,3.8700,51014300
F34,2026-04-13,3.8400,37288800
F34,2026-04-20,3.8800,36210000
F34,2026-04-27,3.6100,54533000
F34,2026-05-04,3.7200,50316100
F34,2026-05-11,3.8000,36796500
F34,2026-05-18,3.5900,41339897
F34,2026-05-25,3.5900,74551600
F34,2026-06-01,3.4300,35563000
F34,2026-06-08,3.5700,43369200
F34,2026-06-15,3.7300,43744447
F34,2026-06-22,3.6600,33213600
F34,2026-06-29,3.7200,27063500
F34,2026-07-06,3.8500,28952700
F34,2026-07-13,3.8700,34118300
F34,2026-07-20,3.8900,22344200
F34,2026-07-27,3.9300,27713600
F34,2026-08-24,3.8100,26073000
F9D,2025-06-30,1.4200,3152700
F9D,2025-07-07,1.5600,6579400
F9D,2025-07-14,1.6200,4611400
F9D,2025-07-21,1.7000,6568900
F9D,2025-07-28,1.5800,6152400
F9D,2025-08-04,1.5800,4308500
F9D,2025-08-11,1.5100,2514600
F9D,2025-08-18,1.5400,3158100
F9D,2025-08-25,1.4600,1870600
F9D,2025-09-01,1.6000,8748300
F9D,2025-09-08,1.7000,4195000
F9D,2025-09-15,1.7400,7045800
F9D,2025-09-22,1.6600,3507700
F9D,2025-09-29,1.7500,2822600
F9D,2025-10-06,1.8300,6552800
F9D,2025-10-13,1.7100,7011800
F9D,2025-10-20,1.7600,2401400
F9D,2025-10-27,1.7900,3140300
F9D,2025-11-03,1.7600,4210800
F9D,2025-11-10,1.7100,3117900
F9D,2025-11-17,1.6400,2307600
F9D,2025-11-24,1.6500,1188700
F9D,2025-12-01,1.7700,2654600
F9D,2025-12-08,1.7300,1294100
F9D,2025-12-15,1.7700,1684000
F9D,2025-12-22,1.7600,854900
F9D,2025-12-29,1.7600,1015900
F9D,2026-01-05,1.7900,2137400
F9D,2026-01-12,1.8300,4351400
F9D,2026-01-19,1.8500,3917600
F9D,2026-01-26,1.9500,5447900
F9D,2026-02-02,2.0700,5656400
F9D,2026-02-09,2.2600,8791500
F9D,2026-02-16,2.2500,1999300
F9D,2026-02-23,2.2000,3614900
F9D,2026-03-02,2.0200,5707400
F9D,2026-03-09,1.8500,4745100
F9D,2026-03-16,1.7900,3770600
F9D,2026-03-23,1.8800,5782500
F9D,2026-03-30,1.8300,2479500
F9D,2026-04-06,2.0300,3859300
F9D,2026-04-13,2.1500,3248600
F9D,2026-04-20,2.1800,3355600
F9D,2026-04-27,2.3900,6452200
F9D,2026-05-04,2.5700,4033100
F9D,2026-05-11,2.4200,3665900
F9D,2026-05-18,2.4200,2554800
F9D,2026-05-25,2.1900,8931700
F9D,2026-06-01,2.0200,5037900
F9D,2026-06-08,2.0200,3263200
F9D,2026-06-15,2.0300,4185200
F9D,2026-06-22,2.0000,2798500
F9D,2026-06-29,2.0900,2557100
G07,2023-07-03,17.6200,59400
G07,2023-07-10,18.0000,105800
G07,2023-07-17,18.5000,107600
G07,2023-07-24,18.6500,176200
G07,2023-07-31,18.8800,221400
G07,2023-08-07,18.8000,93000
G07,2023-08-14,18.3900,151000
G07,2023-08-21,17.9600,96500
G07,2023-08-28,18.2500,40200
G07,2023-09-04,18.2100,37200
G07,2023-09-11,18.2000,56000
G07,2023-09-18,18.1100,38100
G07,2023-09-25,18.0500,23400
G07,2023-10-02,18.0500,70800
G07,2023-10-09,17.9900,16900
G07,2023-10-16,17.7500,35900
G07,2023-10-23,17.4400,38700
G07,2023-10-30,17.6700,85800
G07,2023-11-06,17.7300,30400
G07,2023-11-13,17.4900,41600
G07,2023-11-20,17.3800,30800
G07,2023-11-27,17.3900,52300
G07,2023-12-04,17.3900,41600
G07,2023-12-11,17.5000,364500
G07,2024-01-01,17.9500,49600
G07,2024-01-08,18.2200,58000
G07,2024-01-15,18.3300,47000
G07,2024-01-22,17.7100,84000
G07,2024-01-29,17.6000,97900
G07,2024-02-05,17.7000,114900
G07,2024-02-12,18.3500,79600
G07,2024-02-19,18.2400,56600
G07,2024-02-26,17.8500,186700
G07,2024-03-04,18.2400,192400
G07,2024-03-11,18.3900,101900
G07,2024-03-18,18.3200,42200
G07,2024-03-25,18.2200,40000
G07,2024-04-01,18.3500,74500
G07,2024-04-08,18.2600,72500
G07,2024-04-15,18.2400,107700
G07,2024-04-22,18.6900,123600
G07,2024-04-29,18.3000,125000
G07,2024-05-06,25.7200,1108900
G07,2024-05-13,25.8600,4114300
G07,2024-05-20,26.0100,588400
G07,2024-05-27,26.3200,467100
G07,2024-06-03,26.0300,943100
G07,2024-06-10,26.1000,1211300
G07,2024-06-17,25.6100,2112500
G07,2024-06-24,25.6600,1891500
G07,2024-07-01,25.6300,602200
G07,2024-07-08,25.8000,735800
G07,2024-07-15,25.8000,0
G07,2024-07-22,25.8000,0
G07,2024-07-29,25.8000,0
G07,2024-08-05,25.8000,0
G07,2024-08-12,25.8000,0
G07,2024-08-19,25.8000,0
G07,2024-08-26,25.8000,0
G07,2024-09-02,25.8000,0
G07,2024-09-09,25.8000,0
G07,2024-09-16,25.8000,0
G07,2024-09-23,25.8000,0
G07,2024-09-30,25.8000,0
G07,2024-10-07,25.8000,0
G07,2024-10-14,25.8000,0
G07,2024-10-21,25.8000,0
G07,2024-10-28,25.8000,0
G07,2024-11-04,25.8000,0
G07,2024-11-11,25.8000,0
G07,2024-11-18,25.8000,0
G07,2024-11-25,25.8000,0
G07,2024-12-02,25.8000,0
G07,2024-12-09,25.8000,0
G07,2024-12-16,25.8000,0
G07,2024-12-23,25.8000,0
G07,2024-12-30,25.8000,0
G07,2025-01-06,25.8000,0
G07,2025-01-13,25.8000,0
G07,2025-01-20,25.8000,0
G07,2025-01-27,25.8000,0
G07,2025-02-03,25.8000,0
G07,2025-02-10,25.8000,0
G07,2025-02-17,25.8000,0
G07,2025-02-24,25.8000,0
G07,2025-03-03,25.8000,0
G07,2025-03-10,25.8000,0
G07,2025-03-17,25.8000,0
G07,2025-03-24,25.8000,0
G07,2025-03-31,25.8000,0
G07,2025-04-07,25.8000,0
G07,2025-04-14,25.8000,0
G07,2025-04-21,25.8000,0
G07,2025-04-28,25.8000,0
G07,2025-05-05,25.8000,0
G07,2025-05-12,25.8000,0
G07,2025-05-19,25.8000,0
G07,2025-05-26,25.8000,0
G07,2025-06-02,25.8000,0
G07,2025-06-09,25.8000,0
G07,2025-06-16,25.8000,0
G07,2025-06-23,25.8000,0
G07,2025-06-30,25.8000,0
G07,2025-07-07,25.8000,0
G07,2025-07-14,12.9000,0
G07,2025-07-21,12.9000,0
G07,2025-07-28,12.9000,0
G07,2025-08-04,12.9000,0
G07,2025-08-11,12.9000,0
G07,2025-08-18,13.7000,3108500
G07,2025-08-25,13.6500,1461000
G07,2025-09-01,13.7100,518000
G07,2025-09-08,14.8700,753800
G07,2025-09-15,15.3000,1246500
G07,2025-09-22,14.9900,307900
G07,2025-09-29,15.0600,172300
G07,2025-10-06,14.9600,186100
G07,2025-10-13,14.8100,256000
G07,2025-10-20,15.1400,100000
G07,2025-10-27,15.2400,164200
G07,2025-11-03,15.1500,102500
G07,2025-11-10,15.1500,186400
G07,2025-11-17,14.9800,151100
G07,2025-11-24,15.1400,50100
G07,2025-12-01,15.1500,127300
G07,2025-12-08,15.2200,140300
G07,2025-12-15,15.2400,127400
G07,2025-12-22,15.2800,65000
G07,2025-12-29,15.3200,59500
G07,2026-01-05,15.4300,83000
G07,2026-01-12,15.4600,109300
G07,2026-01-19,15.6500,123600
G07,2026-01-26,15.6200,74900
G07,2026-02-02,15.6700,133500
G07,2026-02-09,15.6700,91800
G07,2026-02-16,15.7800,44000
G07,2026-02-23,16.1600,237100
G07,2026-03-02,15.9100,341500
G07,2026-03-09,15.7500,185700
G07,2026-03-16,15.9500,161300
G07,2026-03-23,15.7500,340200
G07,2026-03-30,15.8400,174500
G07,2026-04-06,15.9200,130500
G07,2026-04-13,16.0500,183200
G07,2026-04-20,15.6100,197600
G07,2026-04-27,15.5500,96600
G07,2026-05-04,15.7700,123000
G07,2026-05-11,15.6300,231400
G07,2026-05-18,15.7500,257700
G07,2026-05-25,15.7100,112900
G07,2026-06-01,15.8100,161400
G07,2026-06-08,15.8000,115400
G07,2026-06-15,15.9900,177500
G07,2026-06-22,16.1500,116300
G07,2026-06-29,16.2000,82300
G13,2023-07-03,0.9300,93786800
G13,2023-07-10,0.9550,182252900
G13,2023-07-17,0.9350,127221900
G13,2023-07-24,0.9400,134079900
G13,2023-07-31,0.9200,152384100
G13,2023-08-07,0.9550,126011400
G13,2023-08-14,0.9250,151860600
G13,2023-08-21,0.9050,134271100
G13,2023-08-28,0.8750,112406500
G13,2023-09-04,0.8800,103218496
G13,2023-09-11,0.8700,117655100
G13,2023-09-18,0.8500,114867600
G13,2023-09-25,0.8450,118956675
G13,2023-10-02,0.8250,117446800
G13,2023-10-09,0.8400,110323900
G13,2023-10-16,0.8350,134918100
G13,2023-10-23,0.8700,158699800
G13,2023-10-30,0.8750,134245000
G13,2023-11-06,0.8500,94053400
G13,2023-11-13,0.9350,273884800
G13,2023-11-20,0.9150,101284900
G13,2023-11-27,0.9200,124479271
G13,2023-12-04,0.9800,164090900
G13,2023-12-11,0.9900,182814900
G13,2024-01-01,0.9850,80528700
G13,2024-01-08,1.0000,75298700
G13,2024-01-15,0.9850,95314500
G13,2024-01-22,1.0100,159218000
G13,2024-01-29,1.0200,101295500
G13,2024-02-05,1.0200,79853700
G13,2024-02-12,1.0400,117934800
G13,2024-02-19,0.9300,245375500
G13,2024-02-26,0.9050,271706056
G13,2024-03-04,0.9000,163663000
G13,2024-03-11,0.8850,146522200
G13,2024-03-18,0.8850,129733400
G13,2024-03-25,0.8850,104784500
G13,2024-04-01,0.8950,129042300
G13,2024-04-08,0.9100,148004800
G13,2024-04-15,0.9200,218662000
G13,2024-04-22,0.9200,203444200
G13,2024-04-29,0.8900,117070100
G13,2024-05-06,0.8850,133307100
G13,2024-05-13,0.9000,243318281
G13,2024-05-20,0.9000,120351800
G13,2024-05-27,0.9100,161170700
G13,2024-06-03,0.8900,107491100
G13,2024-06-10,0.8700,125880800
G13,2024-06-17,0.8800,100006876
G13,2024-06-24,0.8650,89349000
G13,2024-07-01,0.8450,155517100
G13,2024-07-08,0.8700,121887500
G13,2024-07-15,0.8500,93478100
G13,2024-07-22,0.8450,72379600
G13,2024-07-29,0.8400,119038900
G13,2024-08-05,0.8150,195000600
G13,2024-08-12,0.8250,167833100
G13,2024-08-19,0.8150,155088300
G13,2024-08-26,0.8050,231428200
G13,2024-09-02,0.8200,155092500
G13,2024-09-09,0.8350,90722500
G13,2024-09-16,0.8500,120405000
G13,2024-09-23,0.8650,185210500
G13,2024-09-30,0.8850,180042365
G13,2024-10-07,0.8700,110015600
G13,2024-10-14,0.8450,116561800
G13,2024-10-21,0.8250,95753900
G13,2024-10-28,0.8450,72861900
G13,2024-11-04,0.7900,185221900
G13,2024-11-11,0.7750,207819200
G13,2024-11-18,0.7750,171330700
G13,2024-11-25,0.7650,189581511
G13,2024-12-02,0.7800,140908300
G13,2024-12-09,0.7700,118187500
G13,2024-12-16,0.7500,129037100
G13,2024-12-23,0.7650,56772200
G13,2024-12-30,0.7650,57464200
G13,2025-01-06,0.7500,107156457
G13,2025-01-13,0.7450,156558100
G13,2025-01-20,0.7450,87017878
G13,2025-01-27,0.7550,87549000
G13,2025-02-03,0.7400,108606700
G13,2025-02-10,0.7600,92884500
G13,2025-02-17,0.7500,177449300
G13,2025-02-24,0.7300,189992174
G13,2025-03-03,0.7100,224793000
G13,2025-03-10,0.7300,196227100
G13,2025-03-17,0.7650,206533800
G13,2025-03-24,0.7500,155404300
G13,2025-03-31,0.7300,165257300
G13,2025-04-07,0.6950,340031300
G13,2025-04-14,0.7150,92073000
G13,2025-04-21,0.7350,127761800
G13,2025-04-28,0.7250,91673900
G13,2025-05-05,0.7400,85369100
G13,2025-05-12,0.7150,141818200
G13,2025-05-19,0.7100,114741300
G13,2025-05-26,0.6900,201815074
G13,2025-06-02,0.7050,169316400
G13,2025-06-09,0.7050,78517900
G13,2025-06-16,0.7000,102632778
G13,2025-06-23,0.7150,144420800
G13,2025-06-30,0.7200,161685500
G13,2025-07-07,0.7300,171051800
G13,2025-07-14,0.7300,147393800
G13,2025-07-21,0.7500,210436700
G13,2025-07-28,0.7350,154993400
G13,2025-08-04,0.7450,163382900
G13,2025-08-11,0.7550,186277600
G13,2025-08-18,0.7450,168840200
G13,2025-08-25,0.7200,256961400
G13,2025-09-01,0.7650,288288805
G13,2025-09-08,0.7600,227370700
G13,2025-09-15,0.7600,179427900
G13,2025-09-22,0.7400,222929538
G13,2025-09-29,0.7300,272328600
G13,2025-10-06,0.7250,243433900
G13,2025-10-13,0.7250,281917300
G13,2025-10-20,0.7350,203753613
G13,2025-10-27,0.7300,132414400
G13,2025-11-03,0.7450,232906500
G13,2025-11-10,0.7900,457007800
G13,2025-11-17,0.7350,302753600
G13,2025-11-24,0.7600,1012069242
G13,2025-12-01,0.7350,240413700
G13,2025-12-08,0.7200,226230300
G13,2025-12-15,0.7200,156932900
G13,2025-12-22,0.7250,55129900
G13,2025-12-29,0.7250,99251000
G13,2026-01-05,0.7300,99428200
G13,2026-01-12,0.7300,109411100
G13,2026-01-19,0.7300,137833300
G13,2026-01-26,0.7350,103006900
G13,2026-02-02,0.7450,133829800
G13,2026-02-09,0.7700,155420000
G13,2026-02-16,0.8100,225293500
G13,2026-02-23,0.7150,380033400
G13,2026-03-02,0.6900,335066700
G13,2026-03-09,0.6650,240031000
G13,2026-03-16,0.6800,172035600
G13,2026-03-23,0.6750,119754100
G13,2026-03-30,0.6750,117330800
G13,2026-04-06,0.6850,95048300
G13,2026-04-13,0.7100,161266200
G13,2026-04-20,0.7050,155467700
G13,2026-04-27,0.6800,134320100
G13,2026-05-04,0.6850,87437100
G13,2026-05-11,0.5950,632785100
G13,2026-05-18,0.5900,248153219
G13,2026-05-25,0.6000,185840600
G13,2026-06-01,0.6150,181103800
G13,2026-06-08,0.6050,170954500
G13,2026-06-15,0.6100,162997600
G13,2026-06-22,0.6050,204722300
G13,2026-06-29,0.6150,125739000
G13,2026-07-13,0.6300,95339600
G13,2026-08-10,0.6650,329477300
G92,2025-06-30,0.9250,4223200
G92,2025-07-07,0.9600,5210000
G92,2025-07-14,1.0000,9084600
G92,2025-07-21,1.1800,18096500
G92,2025-07-28,1.1200,9851800
G92,2025-08-04,1.1300,8157200
G92,2025-08-11,1.2300,21127200
G92,2025-08-18,1.3100,12307500
G92,2025-08-25,1.3600,9770000
G92,2025-09-01,1.3600,6045100
G92,2025-09-08,1.4200,7797200
G92,2025-09-15,1.3700,5008000
G92,2025-09-22,1.3300,4779900
G92,2025-09-29,1.3400,6152000
G92,2025-10-06,1.3100,4624900
G92,2025-10-13,1.2300,4258000
G92,2025-10-20,1.3400,4289500
G92,2025-10-27,1.5200,17490200
G92,2025-11-03,1.5300,16323300
G92,2025-11-10,1.5400,4320200
G92,2025-11-17,1.4800,3501300
G92,2025-11-24,1.5100,3400600
G92,2025-12-01,1.4800,1879400
G92,2025-12-08,1.4700,3023900
G92,2025-12-15,1.5500,3834300
G92,2025-12-22,1.6300,4820200
G92,2025-12-29,1.6500,2565900
G92,2026-01-05,1.6800,6736700
G92,2026-01-12,1.8000,10238200
G92,2026-01-19,1.7800,3550800
G92,2026-01-26,1.7500,3238300
G92,2026-02-02,1.7400,3439100
G92,2026-02-09,1.7600,4204000
G92,2026-02-16,1.8700,4799300
G92,2026-02-23,2.0200,21126200
G92,2026-03-02,1.8300,14994300
G92,2026-03-09,2.0400,14131800
G92,2026-03-16,2.2800,18814900
G92,2026-03-23,2.0700,13066300
G92,2026-03-30,2.1200,8013900
G92,2026-04-06,2.1300,9171800
G92,2026-04-13,2.1100,7786000
G92,2026-04-20,2.2300,8759600
G92,2026-04-27,2.1200,3846400
G92,2026-05-04,2.1000,6434700
G92,2026-05-11,2.0500,8301700
G92,2026-05-18,1.9800,4481100
G92,2026-05-25,1.9300,4956600
G92,2026-06-01,1.8400,4378200
G92,2026-06-08,1.8100,3520900
G92,2026-06-15,1.9200,5610100
G92,2026-06-22,1.8100,3833100
G92,2026-06-29,1.8700,2619700
H02,2023-07-03,9.2100,261100
H02,2023-07-10,9.2400,1514000
H02,2023-07-17,9.2500,884600
H02,2023-07-24,9.6500,372800
H02,2023-07-31,9.5600,296500
H02,2023-08-07,9.8800,503000
H02,2023-08-14,9.6800,1229600
H02,2023-08-21,9.4200,474700
H02,2023-08-28,10.0300,743400
H02,2023-09-04,9.8300,387300
H02,2023-09-11,9.8200,261600
H02,2023-09-18,9.8400,188600
H02,2023-09-25,9.8500,245300
H02,2023-10-02,9.8500,221900
H02,2023-10-09,9.8900,207500
H02,2023-10-16,9.6100,234200
H02,2023-10-23,9.5800,208100
H02,2023-10-30,9.6400,162400
H02,2023-11-06,9.8100,165700
H02,2023-11-13,9.8200,112300
H02,2023-11-20,9.7500,114600
H02,2023-11-27,9.8500,356700
H02,2023-12-04,9.6900,270800
H02,2023-12-11,9.5000,295433
H02,2024-01-01,9.7200,97200
H02,2024-01-08,9.6500,132000
H02,2024-01-15,9.5400,217900
H02,2024-01-22,9.5500,215500
H02,2024-01-29,9.5100,166000
H02,2024-02-05,9.5100,295100
H02,2024-02-12,9.6400,722700
H02,2024-02-19,9.7700,561400
H02,2024-02-26,9.8600,714800
H02,2024-03-04,9.6800,250900
H02,2024-03-11,9.7200,169300
H02,2024-03-18,9.5300,613700
H02,2024-03-25,9.6800,114500
H02,2024-04-01,9.7800,201700
H02,2024-04-08,9.8000,117300
H02,2024-04-15,9.7200,196900
H02,2024-04-22,9.8200,213800
H02,2024-04-29,9.6400,267300
H02,2024-05-06,9.6500,561900
H02,2024-05-13,9.7600,444500
H02,2024-05-20,9.7900,304900
H02,2024-05-27,9.7700,379100
H02,2024-06-03,9.8100,379500
H02,2024-06-10,9.7300,1675700
H02,2024-06-17,9.7700,723100
H02,2024-06-24,9.7500,176600
H02,2024-07-01,9.8900,363800
H02,2024-07-08,10.3500,670300
H02,2024-07-15,10.2700,419500
H02,2024-07-22,10.3800,362000
H02,2024-07-29,10.2500,441000
H02,2024-08-05,10.0400,305300
H02,2024-08-12,10.2500,201700
H02,2024-08-19,10.1100,230100
H02,2024-08-26,10.1300,171900
H02,2024-09-02,10.4500,367100
H02,2024-09-09,10.8500,359500
H02,2024-09-16,10.9100,445600
H02,2024-09-23,10.8700,421900
H02,2024-09-30,10.9100,852371
H02,2024-10-07,10.6900,266200
H02,2024-10-14,11.0000,326800
H02,2024-10-21,10.8700,347500
H02,2024-10-28,10.7500,120900
H02,2024-11-04,11.2500,439300
H02,2024-11-11,11.1800,234500
H02,2024-11-18,11.1700,164100
H02,2024-11-25,11.1900,122300
H02,2024-12-02,11.3800,302900
H02,2024-12-09,11.4600,265900
H02,2024-12-16,10.9800,448900
H02,2024-12-23,11.1000,292604
H02,2024-12-30,11.1300,97900
H02,2025-01-06,11.1400,328100
H02,2025-01-13,11.2600,262200
H02,2025-01-20,11.4100,239100
H02,2025-01-27,11.5600,163800
H02,2025-02-03,11.6000,424400
H02,2025-02-10,11.7400,263000
H02,2025-02-17,11.9800,516900
H02,2025-02-24,12.7100,1036800
H02,2025-03-03,12.9600,632200
H02,2025-03-10,12.7600,516800
H02,2025-03-17,12.9500,526900
H02,2025-03-24,13.2100,831400
H02,2025-03-31,12.8000,612800
H02,2025-04-07,12.0900,1457400
H02,2025-04-14,12.7700,548100
H02,2025-04-21,12.8700,736900
H02,2025-04-28,13.0000,476700
H02,2025-05-05,11.5200,885000
H02,2025-05-12,11.5100,457800
H02,2025-05-19,11.8000,325900
H02,2025-05-26,11.8100,443800
H02,2025-06-02,11.7100,661600
H02,2025-06-09,11.8000,751600
H02,2025-06-16,11.6400,551300
H02,2025-06-23,11.9200,668154
H02,2025-06-30,12.6500,1053700
H02,2025-07-07,12.1200,952500
H02,2025-07-14,12.6600,812600
H02,2025-07-21,13.0700,980600
H02,2025-07-28,13.9200,2248300
H02,2025-08-04,14.0800,768000
H02,2025-08-11,14.0800,730100
H02,2025-08-18,14.0000,415500
H02,2025-08-25,14.0000,442100
H02,2025-09-01,14.2900,689300
H02,2025-09-08,14.3700,568100
H02,2025-09-15,14.6800,513800
H02,2025-09-22,14.2300,789000
H02,2025-09-29,14.5800,591100
H02,2025-10-06,15.2100,723700
H02,2025-10-13,14.7700,385300
H02,2025-10-20,15.1400,563900
H02,2025-10-27,14.8100,441600
H02,2025-11-03,15.4900,1202900
H02,2025-11-10,15.0000,723700
H02,2025-11-17,15.2100,961800
H02,2025-11-24,15.3300,450100
H02,2025-12-01,15.6200,691100
H02,2025-12-08,15.6300,985900
H02,2025-12-15,15.5800,1034100
H02,2025-12-22,15.8300,603200
H02,2025-12-29,15.8000,511000
H02,2026-01-05,16.2900,1759600
H02,2026-01-12,16.4900,1427600
H02,2026-01-19,16.7500,1410800
H02,2026-01-26,16.3800,1095800
H02,2026-02-02,16.7400,1059600
H02,2026-02-09,16.8800,868900
H02,2026-02-16,17.0700,1055900
H02,2026-02-23,16.7000,2089600
H02,2026-03-02,15.4500,3270500
H02,2026-03-09,14.9200,1801400
H02,2026-03-16,15.9000,8272500
H02,2026-03-23,17.0800,3788300
H02,2026-03-30,16.7700,1420000
H02,2026-04-06,17.0400,990800
H02,2026-04-13,17.9500,2214000
H02,2026-04-20,17.2500,1664400
H02,2026-04-27,17.2100,902600
H02,2026-05-04,17.4900,1329300
H02,2026-05-11,16.8100,1727200
H02,2026-05-18,16.6700,2128600
H02,2026-05-25,15.4200,5719600
H02,2026-06-01,15.4900,1331700
H02,2026-06-08,16.1700,1363500
H02,2026-06-15,16.1000,1246600
H02,2026-06-22,15.8400,795000
H02,2026-06-29,15.9300,1072000
H02,2026-08-03,16.0300,884100
H15,2023-07-03,3.9100,17100
H15,2023-07-10,3.7600,428300
H15,2023-07-17,3.6900,192500
H15,2023-07-24,3.6700,67600
H15,2023-07-31,3.6300,62800
H15,2023-08-07,3.6500,79100
H15,2023-08-14,3.5500,41700
H15,2023-08-21,3.5200,62400
H15,2023-08-28,3.7800,312300
H15,2023-09-04,3.7200,30100
H15,2023-09-11,3.7200,50800
H15,2023-09-18,3.7000,53400
H15,2023-09-25,3.6900,23300
H15,2023-10-02,3.6400,16100
H15,2023-10-09,3.6000,3100
H15,2023-10-16,3.5800,114800
H15,2023-10-23,3.8400,53000
H15,2023-10-30,3.6900,12800
H15,2023-11-06,3.6600,52700
H15,2023-11-13,3.6600,0
H15,2023-11-20,3.6600,11100
H15,2023-11-27,3.5700,7000
H15,2023-12-04,3.5800,6800
H15,2023-12-11,3.5800,15200
H15,2024-01-01,3.6300,0
H15,2024-01-08,3.6000,2000
H15,2024-01-15,3.5900,54500
H15,2024-01-22,3.5600,9200
H15,2024-01-29,3.6000,88100
H15,2024-02-05,3.5700,73700
H15,2024-02-12,3.5600,19000
H15,2024-02-19,3.5700,56300
H15,2024-02-26,3.5700,63800
H15,2024-03-04,3.5600,63100
H15,2024-03-11,3.5800,76600
H15,2024-03-18,3.5800,59100
H15,2024-03-25,3.5800,54200
H15,2024-04-01,3.5800,22500
H15,2024-04-08,3.5700,126400
H15,2024-04-15,3.5600,46200
H15,2024-04-22,3.5700,9900
H15,2024-04-29,3.6000,26700
H15,2024-05-06,3.6400,33200
H15,2024-05-13,3.6100,67300
H15,2024-05-20,3.6100,10500
H15,2024-05-27,3.6000,4000
H15,2024-06-03,3.5500,81100
H15,2024-06-10,3.5500,22700
H15,2024-06-17,3.5600,75600
H15,2024-06-24,3.5600,60100
H15,2024-07-01,3.5600,4000
H15,2024-07-08,3.6100,94700
H15,2024-07-15,3.5800,12300
H15,2024-07-22,3.5600,244100
H15,2024-07-29,3.5500,95200
H15,2024-08-05,3.5400,60800
H15,2024-08-12,3.5300,16400
H15,2024-08-19,3.5400,33700
H15,2024-08-26,3.5400,20800
H15,2024-09-02,3.5600,31000
H15,2024-09-09,3.5800,38300
H15,2024-09-16,3.5700,17000
H15,2024-09-23,3.7200,43000
H15,2024-09-30,3.6800,14700
H15,2024-10-07,3.6900,1300
H15,2024-10-14,3.6400,6300
H15,2024-10-21,3.5900,17800
H15,2024-10-28,3.5800,3300
H15,2024-11-04,3.5700,278200
H15,2024-11-11,3.6800,215900
H15,2024-11-18,3.5900,3700
H15,2024-11-25,3.6200,209000
H15,2024-12-02,3.5900,16900
H15,2024-12-09,3.6000,35400
H15,2024-12-16,3.5800,26500
H15,2024-12-23,3.5900,4100
H15,2024-12-30,3.5600,60600
H15,2025-01-06,3.6000,170400
H15,2025-01-13,3.5800,7600
H15,2025-01-20,3.6000,3600
H15,2025-01-27,3.5800,34200
H15,2025-02-03,3.5500,39500
H15,2025-02-10,3.5500,28900
H15,2025-02-17,3.5500,9700
H15,2025-02-24,3.5700,19100
H15,2025-03-03,3.6000,1343100
H15,2025-03-10,3.5900,54400
H15,2025-03-17,3.5500,15600
H15,2025-03-24,3.5800,23400
H15,2025-03-31,3.5700,128000
H15,2025-04-07,3.4300,53100
H15,2025-04-14,3.6000,147100
H15,2025-04-21,3.6000,274400
H15,2025-04-28,3.6300,122700
H15,2025-05-05,3.6900,202900
H15,2025-05-12,4.4200,1054300
H15,2025-05-19,4.2400,533700
H15,2025-05-26,4.4200,209300
H15,2025-06-02,4.4000,197100
H15,2025-06-09,4.4100,161900
H15,2025-06-16,4.4400,292900
H15,2025-06-23,4.5000,108700
H22,2025-06-30,1.6400,7628900
H22,2025-07-07,1.6900,8347000
H22,2025-07-14,1.6900,5617400
H22,2025-07-21,1.7400,6804000
H22,2025-07-28,1.6800,5231800
H22,2025-08-04,1.7900,9855200
H22,2025-08-11,1.8800,11609500
H22,2025-08-18,2.4000,18194700
H22,2025-08-25,2.5500,19222600
H22,2025-09-01,2.4200,10714300
H22,2025-09-08,2.4300,8681700
H22,2025-09-15,2.4500,9828000
H22,2025-09-22,2.4000,4179400
H22,2025-09-29,2.5600,8423200
H22,2025-10-06,2.6200,7324000
H22,2025-10-13,2.5200,7853900
H22,2025-10-20,2.4400,15975100
H22,2025-10-27,2.4100,4922400
H22,2025-11-03,2.3800,5107600
H22,2025-11-10,2.3300,4359400
H22,2025-11-17,2.2000,9578700
H22,2025-11-24,2.1200,11931200
H22,2025-12-01,2.1300,5450400
H22,2025-12-08,2.1900,3661300
H22,2025-12-15,2.3200,6480400
H22,2025-12-22,2.4000,3748400
H22,2025-12-29,2.4800,3225700
H22,2026-01-05,2.6200,6247900
H22,2026-01-12,2.7500,4480500
H22,2026-01-19,2.8900,5197800
H22,2026-01-26,3.4300,10775900
H22,2026-02-02,3.3800,8795200
H22,2026-02-09,3.3300,4677500
H22,2026-02-16,3.3800,2987400
H22,2026-02-23,3.2300,14987800
H22,2026-03-02,2.9000,9179700
H22,2026-03-09,2.8000,8225700
H22,2026-03-16,2.8600,10434000
H22,2026-03-23,2.8400,9565200
H22,2026-03-30,2.7600,4519800
H22,2026-04-06,2.9800,6166800
H22,2026-04-13,3.2600,8444700
H22,2026-04-20,3.1400,9497200
H22,2026-04-27,2.9100,6994700
H22,2026-05-04,3.2900,13784400
H22,2026-05-11,3.5500,24352700
H22,2026-05-18,3.4500,10483400
H22,2026-05-25,3.4000,5352500
H22,2026-06-01,3.0300,6976000
H22,2026-06-08,2.9100,7524800
H22,2026-06-15,3.0600,7276100
H22,2026-06-22,2.7600,7589800
H22,2026-06-29,2.6600,8601300
H22,2026-07-20,2.8700,9791600
H78,2023-07-03,3.8100,6381700
H78,2023-07-10,3.8500,10695500
H78,2023-07-17,3.7400,8681497
H78,2023-07-24,3.5900,17933700
H78,2023-07-31,3.5300,17191800
H78,2023-08-07,3.6500,7078200
H78,2023-08-14,3.5500,9402900
H78,2023-08-21,3.5500,6672900
H78,2023-08-28,3.5500,5282600
H78,2023-09-04,3.6400,5575600
H78,2023-09-11,3.5500,12126200
H78,2023-09-18,3.4500,6830900
H78,2023-09-25,3.5700,9273800
H78,2023-10-02,3.4700,7133500
H78,2023-10-09,3.4200,6159100
H78,2023-10-16,3.3800,6665500
H78,2023-10-23,3.1600,11230000
H78,2023-10-30,3.3300,10780600
H78,2023-11-06,3.2300,9939400
H78,2023-11-13,3.2900,8279800
H78,2023-11-20,3.3500,7379800
H78,2023-11-27,3.1900,14405200
H78,2023-12-04,3.2800,7269000
H78,2023-12-11,3.3800,9656300
H78,2024-01-01,3.4400,5265300
H78,2024-01-08,3.3400,11845400
H78,2024-01-15,3.1300,7645900
H78,2024-01-22,3.1700,7968300
H78,2024-01-29,3.1600,13661200
H78,2024-02-05,3.1700,7828200
H78,2024-02-12,3.2400,5822100
H78,2024-02-19,3.2700,7407500
H78,2024-02-26,3.2400,12977000
H78,2024-03-04,3.2400,10927000
H78,2024-03-11,3.2400,13368450
H78,2024-03-18,3.1300,9894300
H78,2024-03-25,3.0700,6882100
H78,2024-04-01,3.0700,9574500
H78,2024-04-08,2.9900,7992800
H78,2024-04-15,2.8300,11768100
H78,2024-04-22,3.1400,12186700
H78,2024-04-29,3.2500,12059300
H78,2024-05-06,3.3500,11708700
H78,2024-05-13,3.4200,12012900
H78,2024-05-20,3.3900,10259700
H78,2024-05-27,3.3900,15798600
H78,2024-06-03,3.4200,12396300
H78,2024-06-10,3.2200,9270500
H78,2024-06-17,3.2600,8804300
H78,2024-06-24,3.2300,8411300
H78,2024-07-01,3.2200,7424300
H78,2024-07-08,3.3400,6486500
H78,2024-07-15,3.3700,7973700
H78,2024-07-22,3.3600,4599800
H78,2024-07-29,3.2100,8065700
H78,2024-08-05,3.3400,12557700
H78,2024-08-12,3.4700,10021400
H78,2024-08-19,3.5500,11044700
H78,2024-08-26,3.7500,14381565
H78,2024-09-02,3.6700,7454200
H78,2024-09-09,3.6300,14702100
H78,2024-09-16,3.6700,15990100
H78,2024-09-23,3.6900,18971100
H78,2024-09-30,3.9300,31021442
H78,2024-10-07,3.9200,22701200
H78,2024-10-14,4.0200,14899000
H78,2024-10-21,3.9300,16188046
H78,2024-10-28,4.4800,44102785
H78,2024-11-04,4.6300,37405300
H78,2024-11-11,4.6700,17706700
H78,2024-11-18,4.6700,13232700
H78,2024-11-25,4.5500,21498549
H78,2024-12-02,4.7300,22770300
H78,2024-12-09,4.5600,18035708
H78,2024-12-16,4.3200,24169700
H78,2024-12-23,4.4100,4352300
H78,2024-12-30,4.4500,4536300
H78,2025-01-06,4.2800,7299400
H78,2025-01-13,4.1800,9094800
H78,2025-01-20,4.2700,8678400
H78,2025-01-27,4.3600,6766400
H78,2025-02-03,4.3600,12100500
H78,2025-02-10,4.3500,15483000
H78,2025-02-17,4.5200,13249862
H78,2025-02-24,4.5200,16506200
H78,2025-03-03,4.4600,15497300
H78,2025-03-10,4.3900,13960500
H78,2025-03-17,4.2900,21919900
H78,2025-03-24,4.3200,16928500
H78,2025-03-31,4.3900,12838300
H78,2025-04-07,4.0500,17215600
H78,2025-04-14,4.1200,10478900
H78,2025-04-21,4.6400,16452500
H78,2025-04-28,4.9100,15404000
H78,2025-05-05,5.0200,17957000
H78,2025-05-12,5.1800,15961600
H78,2025-05-19,5.2700,13061194
H78,2025-05-26,5.1700,16806200
H78,2025-06-02,5.4600,15788826
H78,2025-06-09,5.6100,11382400
H78,2025-06-16,5.4900,12823500
H78,2025-06-23,5.8400,17499000
H78,2025-06-30,6.3400,20867300
H78,2025-07-07,6.2700,15089200
H78,2025-07-14,6.2500,11149500
H78,2025-07-21,6.1900,11432929
H78,2025-07-28,5.9300,18263600
H78,2025-08-04,6.1400,11583500
H78,2025-08-11,6.2000,7520900
H78,2025-08-18,6.1600,14284027
H78,2025-08-25,6.2000,11619063
H78,2025-09-01,6.3800,15151121
H78,2025-09-08,6.4200,9507600
H78,2025-09-15,6.7300,29389748
H78,2025-09-22,6.2500,17770909
H78,2025-09-29,6.5500,14384900
H78,2025-10-06,6.4000,7987200
H78,2025-10-13,6.1800,10759051
H78,2025-10-20,6.2100,14668892
H78,2025-10-27,6.1100,10608200
H78,2025-11-03,6.0500,11557100
H78,2025-11-10,6.3400,22120400
H78,2025-11-17,6.3300,10152600
H78,2025-11-24,6.3500,15911239
H78,2025-12-01,6.6800,13436500
H78,2025-12-08,7.1700,21801879
H78,2025-12-15,6.9200,15700700
H78,2025-12-22,7.0200,5744091
H78,2025-12-29,7.0500,5109400
H78,2026-01-05,7.7300,17392100
H78,2026-01-12,8.2600,18548800
H78,2026-01-19,8.1700,12364800
H78,2026-01-26,8.4900,14903900
H78,2026-02-02,8.1800,22240333
H78,2026-02-09,8.5200,14975200
H78,2026-02-16,8.5100,6397500
H78,2026-02-23,8.6700,14754400
H78,2026-03-02,8.3800,15850437
H78,2026-03-09,8.8100,17821600
H78,2026-03-16,8.0200,17441800
H78,2026-03-23,7.8500,13064200
H78,2026-03-30,7.7900,10882799
H78,2026-04-06,8.0800,10937123
H78,2026-04-13,8.0400,11718900
H78,2026-04-20,7.6600,16476100
H78,2026-04-27,7.8900,13650600
H78,2026-05-04,8.2500,19078100
H78,2026-05-11,8.2100,15018800
H78,2026-05-18,8.0100,9830800
H78,2026-05-25,7.6200,19715704
H78,2026-06-01,7.3700,9001400
H78,2026-06-08,7.3300,8891000
H78,2026-06-15,7.0600,17414100
H78,2026-06-22,7.1000,16243584
H78,2026-06-29,7.2700,9915300
H78,2026-07-06,7.3200,6737500
H78,2026-07-13,7.6500,9568700
H78,2026-07-20,7.7700,10643200
H78,2026-07-27,8.1200,11362200
H78,2026-08-10,8.6700,12127063
H78,2026-08-17,8.4600,11224417
HMN,2023-07-03,1.0600,14943800
HMN,2023-07-10,1.1100,28451158
HMN,2023-07-17,1.0900,17955487
HMN,2023-07-24,1.1000,12469300
HMN,2023-07-31,1.0400,61754596
HMN,2023-08-07,1.0100,50440500
HMN,2023-08-14,1.0100,48603200
HMN,2023-08-21,1.0000,46617300
HMN,2023-08-28,0.9700,68782482
HMN,2023-09-04,0.9950,35248900
HMN,2023-09-11,0.9850,31487700
HMN,2023-09-18,0.9750,24050500
HMN,2023-09-25,0.9600,28402700
HMN,2023-10-02,0.8950,51012700
HMN,2023-10-09,0.9200,39506300
HMN,2023-10-16,0.8750,38047100
HMN,2023-10-23,0.9250,49787700
HMN,2023-10-30,0.9250,31494700
HMN,2023-11-06,0.9000,34880000
HMN,2023-11-13,0.9150,46132600
HMN,2023-11-20,0.9400,35015600
HMN,2023-11-27,0.9350,31074700
HMN,2023-12-04,0.9600,22463500
HMN,2023-12-11,0.9700,73224900
HMN,2024-01-01,0.9800,24272500
HMN,2024-01-08,0.9650,30622100
HMN,2024-01-15,0.9450,28709000
HMN,2024-01-22,0.9300,42039300
HMN,2024-01-29,0.9700,42521500
HMN,2024-02-05,0.9350,25289600
HMN,2024-02-12,0.9300,20132500
HMN,2024-02-19,0.9200,21208100
HMN,2024-02-26,0.8950,43411700
HMN,2024-03-04,0.9000,16676400
HMN,2024-03-11,0.9050,27762207
HMN,2024-03-18,0.9350,18743600
HMN,2024-03-25,0.9450,16303900
HMN,2024-04-01,0.9400,13340550
HMN,2024-04-08,0.9300,10312800
HMN,2024-04-15,0.8700,39100571
HMN,2024-04-22,0.9000,25136800
HMN,2024-04-29,0.8950,20198000
HMN,2024-05-06,0.9100,20621300
HMN,2024-05-13,0.9150,25580400
HMN,2024-05-20,0.9000,14755700
HMN,2024-05-27,0.8950,21436400
HMN,2024-06-03,0.9000,14259300
HMN,2024-06-10,0.8900,14434200
HMN,2024-06-17,0.8850,28257000
HMN,2024-06-24,0.8750,28444900
HMN,2024-07-01,0.8700,29846300
HMN,2024-07-08,0.8950,46082400
HMN,2024-07-15,0.9000,43516400
HMN,2024-07-22,0.9000,35104300
HMN,2024-07-29,0.8900,21764400
HMN,2024-08-05,0.8600,37127000
HMN,2024-08-12,0.8600,30855700
HMN,2024-08-19,0.8950,31079700
HMN,2024-08-26,0.9100,31015000
HMN,2024-09-02,0.9300,24958500
HMN,2024-09-09,0.9350,20225400
HMN,2024-09-16,0.9550,56847800
HMN,2024-09-23,0.9700,46676800
HMN,2024-09-30,0.9800,38656800
HMN,2024-10-07,0.9500,23191800
HMN,2024-10-14,0.9550,18364800
HMN,2024-10-21,0.9200,33429400
HMN,2024-10-28,0.9050,29174600
HMN,2024-11-04,0.8950,58990500
HMN,2024-11-11,0.8850,13704200
HMN,2024-11-18,0.8750,22621100
HMN,2024-11-25,0.8900,27036600
HMN,2024-12-02,0.8900,18483000
HMN,2024-12-09,0.8800,21026100
HMN,2024-12-16,0.8600,220811200
HMN,2024-12-23,0.8750,7409400
HMN,2024-12-30,0.9050,15751500
HMN,2025-01-06,0.8800,23231500
HMN,2025-01-13,0.8850,26621100
HMN,2025-01-20,0.8800,29374700
HMN,2025-01-27,0.8950,18504800
HMN,2025-02-03,0.8700,32985400
HMN,2025-02-10,0.8750,18683600
HMN,2025-02-17,0.8750,21288800
HMN,2025-02-24,0.8600,36951800
HMN,2025-03-03,0.8600,23901300
HMN,2025-03-10,0.8750,32232900
HMN,2025-03-17,0.8700,46086300
HMN,2025-03-24,0.8700,15226400
HMN,2025-03-31,0.8650,27289600
HMN,2025-04-07,0.8250,56219400
HMN,2025-04-14,0.8450,17108400
HMN,2025-04-21,0.8550,33472900
HMN,2025-04-28,0.8550,14048800
HMN,2025-05-05,0.8500,15472700
HMN,2025-05-12,0.8600,13148400
HMN,2025-05-19,0.8550,14500300
HMN,2025-05-26,0.8550,25882900
HMN,2025-06-02,0.8700,15741100
HMN,2025-06-09,0.8700,18991000
HMN,2025-06-16,0.8550,29477700
HMN,2025-06-23,0.8800,28859700
HMN,2025-06-30,0.8850,33378924
HMN,2025-07-07,0.8800,17691500
HMN,2025-07-14,0.8950,30972400
HMN,2025-07-21,0.9100,46642600
HMN,2025-07-28,0.8900,49874200
HMN,2025-08-04,0.8750,53557600
HMN,2025-08-11,0.8750,36498400
HMN,2025-08-18,0.8650,58273300
HMN,2025-08-25,0.8850,90153467
HMN,2025-09-01,0.8950,86055400
HMN,2025-09-08,0.9150,54752800
HMN,2025-09-15,0.9250,37750800
HMN,2025-09-22,0.9150,27028000
HMN,2025-09-29,0.9650,45868900
HMN,2025-10-06,0.9450,27995600
HMN,2025-10-13,0.9350,32532200
HMN,2025-10-20,0.9450,16668200
HMN,2025-10-27,0.9450,23219600
HMN,2025-11-03,0.9400,22704000
HMN,2025-11-10,0.9450,18712100
HMN,2025-11-17,0.9250,22322600
HMN,2025-11-24,0.9450,23176500
HMN,2025-12-01,0.9350,21777800
HMN,2025-12-08,0.9400,21895500
HMN,2025-12-15,0.9400,27633600
HMN,2025-12-22,0.9450,10173400
HMN,2025-12-29,0.9600,12128800
HMN,2026-01-05,0.9650,22619400
HMN,2026-01-12,0.9700,16233400
HMN,2026-01-19,0.9750,20277700
HMN,2026-01-26,0.9800,42373600
HMN,2026-02-02,0.9700,41972300
HMN,2026-02-09,0.9800,38964200
HMN,2026-02-16,0.9850,30957800
HMN,2026-02-23,0.9700,40601100
HMN,2026-03-02,0.9250,45140500
HMN,2026-03-09,0.9000,45923500
HMN,2026-03-16,0.9000,35149100
HMN,2026-03-23,0.8950,43972800
HMN,2026-03-30,0.8950,26074600
HMN,2026-04-06,0.9100,23520900
HMN,2026-04-13,0.9150,25555400
HMN,2026-04-20,0.9050,21948500
HMN,2026-04-27,0.8950,21515100
HMN,2026-05-04,0.8950,17538800
HMN,2026-05-11,0.8800,38422900
HMN,2026-05-18,0.8950,33520800
HMN,2026-05-25,0.8950,21490000
HMN,2026-06-01,0.8950,23910300
HMN,2026-06-08,0.8950,18590600
HMN,2026-06-15,0.8950,39405600
HMN,2026-06-22,0.8950,20359600
HMN,2026-06-29,0.8950,79939472
HMN,2026-08-03,0.8600,59450500
HQU,2025-06-30,0.5900,3806300
HQU,2025-07-07,0.6450,7386800
HQU,2025-07-14,0.7300,12841200
HQU,2025-07-21,0.9200,16122300
HQU,2025-07-28,0.9800,13623200
HQU,2025-08-04,1.0400,12808400
HQU,2025-08-11,1.0500,6262800
HQU,2025-08-18,1.0100,6809500
HQU,2025-08-25,1.0000,5515200
HQU,2025-09-01,1.0300,5598400
HQU,2025-09-08,1.0600,6423300
HQU,2025-09-15,1.0500,2699400
HQU,2025-09-22,0.9800,2644000
HQU,2025-09-29,0.9950,1515700
HQU,2025-10-06,0.9600,3019900
HQU,2025-10-13,0.8550,6122300
HQU,2025-10-20,0.8700,2748000
HQU,2025-10-27,0.8800,1903300
HQU,2025-11-03,0.8300,1960500
HQU,2025-11-10,0.7650,3484000
HQU,2025-11-17,0.7100,2860600
HQU,2025-11-24,0.7100,1386100
HQU,2025-12-01,0.7200,3666000
HQU,2025-12-08,0.6550,2637800
HQU,2025-12-15,0.6500,2506200
HQU,2025-12-22,0.6850,2046900
HQU,2025-12-29,0.7000,1987700
HQU,2026-01-05,0.6700,2400700
HQU,2026-01-12,0.7100,5423000
HQU,2026-01-19,0.7300,3898600
HQU,2026-01-26,0.6850,2975300
HQU,2026-02-02,0.6050,4218000
HQU,2026-02-09,0.6350,7466100
HQU,2026-02-16,0.8000,8427400
HQU,2026-02-23,0.7300,4926800
HQU,2026-03-02,0.7150,8079500
HQU,2026-03-09,0.8500,14133400
HQU,2026-03-16,0.8650,10677500
HQU,2026-03-23,1.1800,23271500
HQU,2026-03-30,1.5500,24573400
HQU,2026-04-06,2.0100,29436800
HQU,2026-04-13,2.3800,16362900
HQU,2026-04-20,2.3800,8925300
HQU,2026-04-27,2.2700,8035200
HQU,2026-05-04,2.2000,4524100
HQU,2026-05-11,2.4900,8848100
HQU,2026-05-18,2.1000,5819000
HQU,2026-05-25,1.9400,3414500
HQU,2026-06-01,1.7700,3802200
HQU,2026-06-08,1.7500,2816300
HQU,2026-06-15,1.7500,2791100
HQU,2026-06-22,1.4900,3165900
HQU,2026-06-29,1.4600,2269000
I07,2025-06-30,0.3100,2628100
I07,2025-07-07,0.3050,1799200
I07,2025-07-14,0.3300,5542100
I07,2025-07-21,0.3850,16946800
I07,2025-07-28,0.3700,13159900
I07,2025-08-04,0.3850,17587000
I07,2025-08-11,0.3800,6687500
I07,2025-08-18,0.3850,5440600
I07,2025-08-25,0.3850,3973200
I07,2025-09-01,0.4100,7493000
I07,2025-09-08,0.4300,11092300
I07,2025-09-15,0.4200,7008476
I07,2025-09-22,0.4100,4042800
I07,2025-09-29,0.4150,3642200
I07,2025-10-06,0.4100,3153300
I07,2025-10-13,0.3800,4809900
I07,2025-10-20,0.4050,2223100
I07,2025-10-27,0.4250,7576400
I07,2025-11-03,0.4150,3817700
I07,2025-11-10,0.4050,1968400
I07,2025-11-17,0.3950,3085000
I07,2025-11-24,0.3950,1922800
I07,2025-12-01,0.3800,2333000
I07,2025-12-08,0.3750,1972900
I07,2025-12-15,0.3750,1363800
I07,2025-12-22,0.3850,718500
I07,2025-12-29,0.3900,665100
I07,2026-01-05,0.3850,1518300
I07,2026-01-12,0.3900,997100
I07,2026-01-19,0.3900,2590100
I07,2026-01-26,0.4000,6148300
I07,2026-02-02,0.3900,2016200
I07,2026-02-09,0.4050,3411800
I07,2026-02-16,0.4050,488200
I07,2026-02-23,0.4150,5492700
I07,2026-03-02,0.3700,5298300
I07,2026-03-09,0.3750,4971900
I07,2026-03-16,0.3750,1659000
I07,2026-03-23,0.3750,2383600
I07,2026-03-30,0.3800,559000
I07,2026-04-06,0.4050,3572600
I07,2026-04-13,0.4150,5954500
I07,2026-04-20,0.4850,49505700
I07,2026-04-27,0.6100,58285200
I07,2026-05-04,0.7300,51832400
I07,2026-05-11,0.6350,58487500
I07,2026-05-18,0.6750,61839500
I07,2026-05-25,0.7350,60142600
I07,2026-06-01,0.6900,26918600
I07,2026-06-08,0.7750,71070800
I07,2026-06-15,0.7450,41438900
I07,2026-06-22,0.6750,40625800
I07,2026-06-29,0.6850,35488100
ITS,2025-06-30,0.9100,9101600
ITS,2025-07-07,0.8800,7080400
ITS,2025-07-14,0.8750,5781400
ITS,2025-07-21,0.8650,3972300
ITS,2025-07-28,0.8100,5423800
ITS,2025-08-04,0.8450,2516400
ITS,2025-08-11,0.8450,3210800
ITS,2025-08-18,0.8500,1354400
ITS,2025-08-25,0.8800,2821000
ITS,2025-09-01,0.8950,1874700
ITS,2025-09-08,0.9300,3998800
ITS,2025-09-15,0.9200,1716300
ITS,2025-09-22,0.8550,1398200
ITS,2025-09-29,0.8800,804200
ITS,2025-10-06,0.8600,974300
ITS,2025-10-13,0.8150,1597200
ITS,2025-10-20,0.8400,1051100
ITS,2025-10-27,0.8250,769100
ITS,2025-11-03,0.8300,1902100
ITS,2025-11-10,0.8200,1369000
ITS,2025-11-17,0.8400,660100
ITS,2025-11-24,0.8250,550600
ITS,2025-12-01,0.8200,528700
ITS,2025-12-08,0.8000,1126000
ITS,2025-12-15,0.7800,941600
ITS,2025-12-22,0.7850,213400
ITS,2025-12-29,0.7750,743700
ITS,2026-01-05,0.8000,609000
ITS,2026-01-12,0.7950,1091400
ITS,2026-01-19,0.8400,4125000
ITS,2026-01-26,0.8650,3756700
ITS,2026-02-02,0.8350,5083900
ITS,2026-02-09,0.9700,12706100
ITS,2026-02-16,0.9550,1023200
ITS,2026-02-23,1.1200,19369200
ITS,2026-03-02,1.0800,4994800
ITS,2026-03-09,1.0200,2304200
ITS,2026-03-16,1.0100,2991500
ITS,2026-03-23,0.9800,3571700
ITS,2026-03-30,0.9900,1143100
ITS,2026-04-06,1.0100,2416900
ITS,2026-04-13,1.0400,6430100
ITS,2026-04-20,1.0400,6195300
ITS,2026-04-27,0.9750,33059100
ITS,2026-05-04,0.9850,4456700
ITS,2026-05-11,0.9500,4285000
ITS,2026-05-18,0.9200,1960300
ITS,2026-05-25,0.9200,1784500
ITS,2026-06-01,0.9200,959100
ITS,2026-06-08,0.9050,1115000
ITS,2026-06-15,0.9000,708700
ITS,2026-06-22,0.8900,707800
ITS,2026-06-29,0.9000,360800
J36,2023-07-03,49.1900,860100
J36,2023-07-10,50.0100,770000
J36,2023-07-17,49.4000,635900
J36,2023-07-24,49.6500,1021780
J36,2023-07-31,46.8900,1433400
J36,2023-08-07,47.9300,941000
J36,2023-08-14,45.2100,1107400
J36,2023-08-21,46.4500,869600
J36,2023-08-28,47.5600,1069700
J36,2023-09-04,47.6500,682900
J36,2023-09-11,46.4300,1296600
J36,2023-09-18,46.9000,686600
J36,2023-09-25,46.4200,750854
J36,2023-10-02,45.4600,809700
J36,2023-10-09,43.7400,1315900
J36,2023-10-16,40.4600,1510300
J36,2023-10-23,39.7400,1473700
J36,2023-10-30,40.9200,1120100
J36,2023-11-06,39.9700,2243400
J36,2023-11-13,39.8000,1684400
J36,2023-11-20,40.2300,952900
J36,2023-11-27,39.5800,2717900
J36,2023-12-04,40.4500,1326400
J36,2023-12-11,40.0000,1985800
J36,2024-01-01,40.4400,534200
J36,2024-01-08,40.4000,1971000
J36,2024-01-15,40.6700,2513600
J36,2024-01-22,41.3100,1653900
J36,2024-01-29,40.7600,1487300
J36,2024-02-05,42.5000,818400
J36,2024-02-12,41.3200,1054900
J36,2024-02-19,41.6100,885400
J36,2024-02-26,40.4900,1334900
J36,2024-03-04,39.1100,1798100
J36,2024-03-11,39.7900,2249062
J36,2024-03-18,37.4000,1526400
J36,2024-03-25,37.3000,1453688
J36,2024-04-01,37.1300,1216900
J36,2024-04-08,36.4500,1703600
J36,2024-04-15,36.7900,2219200
J36,2024-04-22,38.0600,1142711
J36,2024-04-29,39.2900,1218400
J36,2024-05-06,40.4300,1426100
J36,2024-05-13,39.3400,1155439
J36,2024-05-20,38.2000,687300
J36,2024-05-27,36.8000,1592800
J36,2024-06-03,37.8800,1259100
J36,2024-06-10,36.6600,987900
J36,2024-06-17,37.0300,1786900
J36,2024-06-24,35.3800,1437351
J36,2024-07-01,35.0100,1298900
J36,2024-07-08,36.1600,1136600
J36,2024-07-15,35.9000,1303900
J36,2024-07-22,36.3500,644100
J36,2024-07-29,34.4500,933500
J36,2024-08-05,35.6000,1287500
J36,2024-08-12,36.6500,1106000
J36,2024-08-19,36.6500,1293300
J36,2024-08-26,36.0400,1574700
J36,2024-09-02,35.7100,1287600
J36,2024-09-09,36.3300,1197500
J36,2024-09-16,37.5000,1088678
J36,2024-09-23,38.4500,1347100
J36,2024-09-30,40.0900,1683490
J36,2024-10-07,38.4100,1430500
J36,2024-10-14,37.6000,1261400
J36,2024-10-21,37.0500,753000
J36,2024-10-28,38.8800,1602800
J36,2024-11-04,40.8100,1579200
J36,2024-11-11,42.0800,1186000
J36,2024-11-18,43.1800,1088200
J36,2024-11-25,43.6600,2249378
J36,2024-12-02,46.0600,2252100
J36,2024-12-09,43.2900,947941
J36,2024-12-16,40.2300,1510800
J36,2024-12-23,41.4300,248600
J36,2024-12-30,40.9800,419300
J36,2025-01-06,40.1600,664500
J36,2025-01-13,40.5100,867800
J36,2025-01-20,40.4500,634400
J36,2025-01-27,40.3500,273200
J36,2025-02-03,38.8700,714300
J36,2025-02-10,39.4900,898600
J36,2025-02-17,41.8000,1297398
J36,2025-02-24,39.8900,1276800
J36,2025-03-03,39.5000,1320800
J36,2025-03-10,43.0600,2256300
J36,2025-03-17,42.2400,1470757
J36,2025-03-24,42.3600,949900
J36,2025-03-31,41.9600,823500
J36,2025-04-07,39.4500,1882000
J36,2025-04-14,41.0600,632400
J36,2025-04-21,44.4000,1628200
J36,2025-04-28,46.2000,1193300
J36,2025-05-05,46.4900,1529000
J36,2025-05-12,46.7400,1066200
J36,2025-05-19,45.0300,1471200
J36,2025-05-26,44.5000,2761680
J36,2025-06-02,43.9400,2048908
J36,2025-06-09,45.4400,1241700
J36,2025-06-16,46.1800,1241100
J36,2025-06-23,47.8200,1293400
J36,2025-06-30,49.3600,1153200
J36,2025-07-07,49.0000,1131500
J36,2025-07-14,53.6600,1211700
J36,2025-07-21,56.4600,1403100
J36,2025-07-28,55.9800,1846700
J36,2025-08-04,56.1700,907400
J36,2025-08-11,58.5900,1004112
J36,2025-08-18,57.5900,1215300
J36,2025-08-25,60.5900,2256200
J36,2025-09-01,59.9900,1514800
J36,2025-09-08,61.4100,1327300
J36,2025-09-15,60.5500,2339100
J36,2025-09-22,62.0000,1317250
J36,2025-09-29,64.6700,1770100
J36,2025-10-06,62.6900,1072300
J36,2025-10-13,61.1300,1253900
J36,2025-10-20,61.7300,2213504
J36,2025-10-27,58.7500,2158900
J36,2025-11-03,62.3700,2437955
J36,2025-11-10,67.5600,1687000
J36,2025-11-17,62.1500,1313700
J36,2025-11-24,65.6000,2019048
J36,2025-12-01,68.4100,1192600
J36,2025-12-08,69.9400,1459400
J36,2025-12-15,67.2000,1677500
J36,2025-12-22,66.6500,596637
J36,2025-12-29,67.6100,679400
J36,2026-01-05,74.7200,1723600
J36,2026-01-12,74.3500,1303100
J36,2026-01-19,74.7700,1652400
J36,2026-01-26,72.7700,3151900
J36,2026-02-02,75.7100,2369900
J36,2026-02-09,76.2000,1924139
J36,2026-02-16,78.2500,1122100
J36,2026-02-23,82.5000,1959515
J36,2026-03-02,75.5100,2160438
J36,2026-03-09,76.9000,2265645
J36,2026-03-16,73.7100,2521928
J36,2026-03-23,72.8200,1355412
J36,2026-03-30,74.3900,1605400
J36,2026-04-06,73.2600,1284900
J36,2026-04-13,72.8600,1879500
J36,2026-04-20,70.9400,1217000
J36,2026-04-27,67.8900,1596607
J36,2026-05-04,71.2800,1610343
J36,2026-05-11,73.2200,1631600
J36,2026-05-18,71.2400,1003600
J36,2026-05-25,66.3800,3019400
J36,2026-06-01,62.7200,1763200
J36,2026-06-08,63.2500,1886600
J36,2026-06-15,64.7600,2400800
J36,2026-06-22,62.7600,2173295
J36,2026-06-29,62.7100,1617900
J36,2026-07-06,62.0000,1863100
J36,2026-07-13,63.2300,1309200
J36,2026-08-03,63.7000,1896300
J36,2026-08-10,62.3400,2219259
J36,2026-08-24,58.7100,2153900
J69U,2023-07-03,2.1400,10025900
J69U,2023-07-10,2.2100,13910600
J69U,2023-07-17,2.2000,9421500
J69U,2023-07-24,2.1800,9184700
J69U,2023-07-31,2.1800,16430128
J69U,2023-08-07,2.1800,7295300
J69U,2023-08-14,2.1900,10321700
J69U,2023-08-21,2.1700,11556900
J69U,2023-08-28,2.2400,14082500
J69U,2023-09-04,2.2500,7749600
J69U,2023-09-11,2.2200,11115600
J69U,2023-09-18,2.1800,10067000
J69U,2023-09-25,2.1900,9304900
J69U,2023-10-02,2.0600,15702600
J69U,2023-10-09,2.1100,16033600
J69U,2023-10-16,2.0500,18449600
J69U,2023-10-23,2.0400,17889000
J69U,2023-10-30,2.0900,13597500
J69U,2023-11-06,2.1100,9134500
J69U,2023-11-13,2.1900,15397900
J69U,2023-11-20,2.2100,7114700
J69U,2023-11-27,2.1900,7925900
J69U,2023-12-04,2.2300,5478500
J69U,2023-12-11,2.2400,24966500
J69U,2024-01-01,2.2600,5893800
J69U,2024-01-08,2.2900,12533100
J69U,2024-01-15,2.2000,14039700
J69U,2024-01-22,2.2200,38054600
J69U,2024-01-29,2.3300,26594400
J69U,2024-02-05,2.2500,22236200
J69U,2024-02-12,2.2300,9680200
J69U,2024-02-19,2.2200,9688300
J69U,2024-02-26,2.1700,16334600
J69U,2024-03-04,2.2000,15308000
J69U,2024-03-11,2.1800,24136500
J69U,2024-03-18,2.2000,12560600
J69U,2024-03-25,2.1900,13843300
J69U,2024-04-01,2.1700,17077800
J69U,2024-04-08,2.1500,10237000
J69U,2024-04-15,2.1000,18247800
J69U,2024-04-22,2.1600,14345900
J69U,2024-04-29,2.1100,10225400
J69U,2024-05-06,2.1700,12549600
J69U,2024-05-13,2.1900,14191900
J69U,2024-05-20,2.1800,8143800
J69U,2024-05-27,2.1700,17712800
J69U,2024-06-03,2.2000,14838500
J69U,2024-06-10,2.1500,8510500
J69U,2024-06-17,2.1300,15635500
J69U,2024-06-24,2.1300,12611600
J69U,2024-07-01,2.1200,12666500
J69U,2024-07-08,2.2200,19440800
J69U,2024-07-15,2.1900,13133200
J69U,2024-07-22,2.2000,6534700
J69U,2024-07-29,2.2400,16096400
J69U,2024-08-05,2.2200,15689500
J69U,2024-08-12,2.3000,17843800
J69U,2024-08-19,2.3600,17192900
J69U,2024-08-26,2.3800,13386200
J69U,2024-09-02,2.3800,15913000
J69U,2024-09-09,2.3600,22097900
J69U,2024-09-16,2.2700,45097900
J69U,2024-09-23,2.3400,32327700
J69U,2024-09-30,2.3000,35638100
J69U,2024-10-07,2.2500,19468200
J69U,2024-10-14,2.3000,11207200
J69U,2024-10-21,2.2500,16886600
J69U,2024-10-28,2.2500,25951200
J69U,2024-11-04,2.1100,32424700
J69U,2024-11-11,2.1100,17815300
J69U,2024-11-18,2.1100,21391400
J69U,2024-11-25,2.1300,17975200
J69U,2024-12-02,2.1400,10949000
J69U,2024-12-09,2.1100,11074500
J69U,2024-12-16,2.0900,16622200
J69U,2024-12-23,2.1200,4236700
J69U,2024-12-30,2.1500,8565500
J69U,2025-01-06,2.1300,11195500
J69U,2025-01-13,2.1100,13503200
J69U,2025-01-20,2.1200,16998900
J69U,2025-01-27,2.1400,10722600
J69U,2025-02-03,2.1300,16289100
J69U,2025-02-10,2.1100,26597200
J69U,2025-02-17,2.0700,22925000
J69U,2025-02-24,2.0500,22895200
J69U,2025-03-03,2.0700,13965900
J69U,2025-03-10,2.2200,36604700
J69U,2025-03-17,2.2000,17407500
J69U,2025-03-24,2.1729,28384013
J69U,2025-03-31,2.1900,46547952
J69U,2025-04-07,2.1200,78700000
J69U,2025-04-14,2.2100,30083300
J69U,2025-04-21,2.2500,29716900
J69U,2025-04-28,2.2600,19350700
J69U,2025-05-05,2.2700,20473800
J69U,2025-05-12,2.1900,20358900
J69U,2025-05-19,2.1900,14906400
J69U,2025-05-26,2.2000,16793800
J69U,2025-06-02,2.1600,24489200
J69U,2025-06-09,2.1800,18302900
J69U,2025-06-16,2.2300,31694400
J69U,2025-06-23,2.2700,14500737
J69U,2025-06-30,2.2200,37860595
J69U,2025-07-07,2.1900,27167400
J69U,2025-07-14,2.1900,23203500
J69U,2025-07-21,2.2000,36434100
J69U,2025-07-28,2.2200,33825400
J69U,2025-08-04,2.2400,30352400
J69U,2025-08-11,2.2300,20707000
J69U,2025-08-18,2.2500,24288700
J69U,2025-08-25,2.3300,27361996
J69U,2025-09-01,2.3400,19118100
J69U,2025-09-08,2.3800,13117500
J69U,2025-09-15,2.3300,14816100
J69U,2025-09-22,2.3400,14947700
J69U,2025-09-29,2.3700,35954400
J69U,2025-10-06,2.3800,13921000
J69U,2025-10-13,2.4200,19726500
J69U,2025-10-20,2.4400,17279500
J69U,2025-10-27,2.3400,30250900
J69U,2025-11-03,2.2800,46303000
J69U,2025-11-10,2.2600,26922800
J69U,2025-11-17,2.2100,23635700
J69U,2025-11-24,2.2800,24856800
J69U,2025-12-01,2.2600,23331000
J69U,2025-12-08,2.2800,13281500
J69U,2025-12-15,2.3000,21876500
J69U,2025-12-22,2.3100,7308800
J69U,2025-12-29,2.3200,8832400
J69U,2026-01-05,2.2600,33928000
J69U,2026-01-12,2.2600,18061200
J69U,2026-01-19,2.2600,25884700
J69U,2026-01-26,2.2400,32789200
J69U,2026-02-02,2.2500,25721800
J69U,2026-02-09,2.2600,30239000
J69U,2026-02-16,2.2700,9751700
J69U,2026-02-23,2.2900,26764900
J69U,2026-03-02,2.2500,37753600
J69U,2026-03-09,2.2100,32920800
J69U,2026-03-16,2.2500,16599000
J69U,2026-03-23,2.1800,24152600
J69U,2026-03-30,2.2000,15652700
J69U,2026-04-06,2.2400,22079200
J69U,2026-04-13,2.2900,21986132
J69U,2026-04-20,2.3200,26317800
J69U,2026-04-27,2.3400,27769200
J69U,2026-05-04,2.2600,23448300
J69U,2026-05-11,2.2300,13968400
J69U,2026-05-18,2.2600,21826300
J69U,2026-05-25,2.2700,16688300
J69U,2026-06-01,2.2700,16196100
J69U,2026-06-08,2.2700,26063900
J69U,2026-06-15,2.2400,32739900
J69U,2026-06-22,2.2900,26808470
J69U,2026-06-29,2.2500,25494800
J69U,2026-07-20,2.2700,23235700
J69U,2026-08-03,2.2100,31789300
J85,2023-07-03,1.1600,8092900
J85,2023-07-10,1.2000,8276500
J85,2023-07-17,1.2000,10757700
J85,2023-07-24,1.1800,6790042
J85,2023-07-31,1.1500,9212500
J85,2023-08-07,1.1200,9393700
J85,2023-08-14,1.0600,11055700
J85,2023-08-21,1.0700,11560800
J85,2023-08-28,1.0300,18918099
J85,2023-09-04,1.0500,21159700
J85,2023-09-11,1.0700,9098000
J85,2023-09-18,1.0600,4950200
J85,2023-09-25,1.0400,7561800
J85,2023-10-02,1.0200,7543900
J85,2023-10-09,1.0200,10291300
J85,2023-10-16,0.9600,15943100
J85,2023-10-23,0.9600,8218200
J85,2023-10-30,1.0000,13668600
J85,2023-11-06,0.9700,13680000
J85,2023-11-13,1.0100,12588100
J85,2023-11-20,1.0400,8615900
J85,2023-11-27,1.0200,13390100
J85,2023-12-04,1.0400,4196900
J85,2023-12-11,1.0800,19563600
J85,2024-01-01,1.0800,4341400
J85,2024-01-08,1.0600,10860600
J85,2024-01-15,1.0200,14235500
J85,2024-01-22,1.0300,12174600
J85,2024-01-29,1.0300,11803900
J85,2024-02-05,0.9700,15487100
J85,2024-02-12,0.9800,6552500
J85,2024-02-19,0.9650,5970200
J85,2024-02-26,0.9550,15566600
J85,2024-03-04,0.9700,8686600
J85,2024-03-11,0.9900,7403900
J85,2024-03-18,0.9950,8463500
J85,2024-03-25,1.0200,9065200
J85,2024-04-01,0.9900,7349900
J85,2024-04-08,0.9850,3832564
J85,2024-04-15,0.9400,10135900
J85,2024-04-22,0.9650,8509400
J85,2024-04-29,0.9700,4760600
J85,2024-05-06,0.9800,11494400
J85,2024-05-13,0.9750,6010300
J85,2024-05-20,0.9750,3866500
J85,2024-05-27,0.9800,7438100
J85,2024-06-03,0.9700,3571700
J85,2024-06-10,0.9550,4071200
J85,2024-06-17,0.9600,4659700
J85,2024-06-24,0.9500,2508600
J85,2024-07-01,0.9550,4160000
J85,2024-07-08,0.9900,7938400
J85,2024-07-15,0.9850,8107200
J85,2024-07-22,0.9700,3484100
J85,2024-07-29,0.9400,11938100
J85,2024-08-05,0.8700,15660200
J85,2024-08-12,0.8600,11569300
J85,2024-08-19,0.9050,8920100
J85,2024-08-26,0.9350,8295700
J85,2024-09-02,0.9350,7788200
J85,2024-09-09,0.9550,5510400
J85,2024-09-16,0.9800,14292600
J85,2024-09-23,0.9850,13737500
J85,2024-09-30,1.0100,17659100
J85,2024-10-07,0.9800,7117500
J85,2024-10-14,0.9800,4565800
J85,2024-10-21,0.9300,8666900
J85,2024-10-28,0.9050,11730200
J85,2024-11-04,0.8700,19309800
J85,2024-11-11,0.8700,7922300
J85,2024-11-18,0.8500,11004100
J85,2024-11-25,0.8550,10837900
J85,2024-12-02,0.8750,6401100
J85,2024-12-09,0.8650,6516900
J85,2024-12-16,0.8400,9576000
J85,2024-12-23,0.8600,3277300
J85,2024-12-30,0.8850,4590700
J85,2025-01-06,0.8750,3389500
J85,2025-01-13,0.8750,4945800
J85,2025-01-20,0.8650,6090400
J85,2025-01-27,0.8650,4337800
J85,2025-02-03,0.8250,8161600
J85,2025-02-10,0.8200,6269400
J85,2025-02-17,0.8100,7059900
J85,2025-02-24,0.7750,17276200
J85,2025-03-03,0.7900,7694800
J85,2025-03-10,0.8350,11980600
J85,2025-03-17,0.8550,13475000
J85,2025-03-24,0.8200,6434200
J85,2025-03-31,0.8200,8055500
J85,2025-04-07,0.7300,23003600
J85,2025-04-14,0.7650,7209100
J85,2025-04-21,0.7950,8844500
J85,2025-04-28,0.7750,5387700
J85,2025-05-05,0.7750,10367200
J85,2025-05-12,0.7850,4201300
J85,2025-05-19,0.7550,8776000
J85,2025-05-26,0.7600,5841500
J85,2025-06-02,0.7800,5162800
J85,2025-06-09,0.7600,9184200
J85,2025-06-16,0.7800,27696900
J85,2025-06-23,0.7800,10804600
JYEU,2023-07-03,0.6550,26160498
JYEU,2023-07-10,0.6750,17819800
JYEU,2023-07-17,0.6800,23821300
JYEU,2023-07-24,0.6800,10396100
JYEU,2023-07-31,0.6700,20062000
JYEU,2023-08-07,0.6650,39442200
JYEU,2023-08-14,0.6050,49480100
JYEU,2023-08-21,0.5900,42296300
JYEU,2023-08-28,0.5750,42134400
JYEU,2023-09-04,0.5450,60561062
JYEU,2023-09-11,0.5600,48886700
JYEU,2023-09-18,0.5550,33748600
JYEU,2023-09-25,0.5450,32340200
JYEU,2023-10-02,0.5100,79743100
JYEU,2023-10-09,0.5200,25287000
JYEU,2023-10-16,0.4950,32989700
JYEU,2023-10-23,0.4950,23735700
JYEU,2023-10-30,0.5450,45662500
JYEU,2023-11-06,0.5500,40096400
JYEU,2023-11-13,0.5750,28400700
JYEU,2023-11-20,0.5850,24403200
JYEU,2023-11-27,0.6150,44950700
JYEU,2023-12-04,0.6200,29439000
JYEU,2023-12-11,0.6550,57891400
JYEU,2024-01-01,0.6400,12913900
JYEU,2024-01-08,0.6300,17103700
JYEU,2024-01-15,0.6200,22169900
JYEU,2024-01-22,0.6150,15045100
JYEU,2024-01-29,0.6250,28581800
JYEU,2024-02-05,0.5900,25676100
JYEU,2024-02-12,0.6000,18677200
JYEU,2024-02-19,0.5800,32925400
JYEU,2024-02-26,0.5700,19275800
JYEU,2024-03-04,0.5850,14764900
JYEU,2024-03-11,0.5600,38264700
JYEU,2024-03-18,0.5750,23855300
JYEU,2024-03-25,0.5800,23831600
JYEU,2024-04-01,0.5750,27487400
JYEU,2024-04-08,0.5700,10916600
JYEU,2024-04-15,0.5300,41895500
JYEU,2024-04-22,0.5400,17098600
JYEU,2024-04-29,0.5350,13517400
JYEU,2024-05-06,0.5550,13514900
JYEU,2024-05-13,0.5550,19740800
JYEU,2024-05-20,0.5550,9476800
JYEU,2024-05-27,0.5550,14499700
JYEU,2024-06-03,0.5600,16045400
JYEU,2024-06-10,0.5550,19616200
JYEU,2024-06-17,0.5700,18733500
JYEU,2024-06-24,0.5600,12539100
JYEU,2024-07-01,0.5650,10484400
JYEU,2024-07-08,0.6050,36521100
JYEU,2024-07-15,0.5900,29048300
JYEU,2024-07-22,0.6000,19758100
JYEU,2024-07-29,0.6000,13041700
JYEU,2024-08-05,0.5550,38178600
JYEU,2024-08-12,0.5300,31965200
JYEU,2024-08-19,0.5700,31374500
JYEU,2024-08-26,0.5850,27982300
JYEU,2024-09-02,0.6050,22176400
JYEU,2024-09-09,0.6150,18272300
JYEU,2024-09-16,0.6000,53063000
JYEU,2024-09-23,0.6250,51598900
JYEU,2024-09-30,0.6150,43887000
JYEU,2024-10-07,0.5950,26210000
JYEU,2024-10-14,0.6000,10330400
JYEU,2024-10-21,0.5700,28940700
JYEU,2024-10-28,0.5800,15435800
JYEU,2024-11-04,0.5650,33967800
JYEU,2024-11-11,0.5550,15605600
JYEU,2024-11-18,0.5500,16746000
JYEU,2024-11-25,0.5600,13523300
JYEU,2024-12-02,0.5600,8757300
JYEU,2024-12-09,0.5550,9732600
JYEU,2024-12-16,0.5350,23965200
JYEU,2024-12-23,0.5500,6685300
JYEU,2024-12-30,0.5600,6264800
JYEU,2025-01-06,0.5500,8471100
JYEU,2025-01-13,0.5450,13942400
JYEU,2025-01-20,0.5500,13361400
JYEU,2025-01-27,0.5550,9851600
JYEU,2025-02-03,0.5300,30984700
JYEU,2025-02-10,0.5050,39916700
JYEU,2025-02-17,0.5100,20828700
JYEU,2025-02-24,0.5050,14203600
JYEU,2025-03-03,0.4850,36015400
JYEU,2025-03-10,0.5100,37747300
JYEU,2025-03-17,0.5100,32569649
JYEU,2025-03-24,0.5100,18738900
JYEU,2025-03-31,0.5150,26141100
JYEU,2025-04-07,0.4950,52009200
JYEU,2025-04-14,0.5050,9347200
JYEU,2025-04-21,0.5150,18595400
JYEU,2025-04-28,0.5150,9106400
JYEU,2025-05-05,0.5000,16677500
JYEU,2025-05-12,0.4950,13210900
JYEU,2025-05-19,0.4750,32349600
JYEU,2025-05-26,0.4750,41509700
JYEU,2025-06-02,0.4850,26781400
JYEU,2025-06-09,0.4950,23890200
JYEU,2025-06-16,0.5050,22007200
JYEU,2025-06-23,0.5250,29426500
JYEU,2025-06-30,0.5250,36363563
JYEU,2025-07-07,0.5250,25601300
JYEU,2025-07-14,0.5400,29858100
JYEU,2025-07-21,0.5500,42107300
JYEU,2025-07-28,0.5500,21004600
JYEU,2025-08-04,0.5750,57288400
JYEU,2025-08-11,0.5700,42080200
JYEU,2025-08-18,0.5800,18701400
JYEU,2025-08-25,0.6000,91300500
JYEU,2025-09-01,0.6100,33096200
JYEU,2025-09-08,0.6400,51821200
JYEU,2025-09-15,0.6200,49110300
JYEU,2025-09-22,0.6100,48838511
JYEU,2025-09-29,0.6450,56842700
JYEU,2025-10-06,0.6350,69405500
JYEU,2025-10-13,0.6350,45755600
JYEU,2025-10-20,0.6450,35733700
JYEU,2025-10-27,0.6400,31284800
JYEU,2025-11-03,0.6300,83565000
JYEU,2025-11-10,0.6250,109521200
JYEU,2025-11-17,0.6000,103489900
JYEU,2025-11-24,0.6200,105354300
JYEU,2025-12-01,0.6200,102217090
JYEU,2025-12-08,0.6100,82350000
JYEU,2025-12-15,0.6150,43559000
JYEU,2025-12-22,0.6200,17108100
JYEU,2025-12-29,0.6250,10785500
JYEU,2026-01-05,0.6250,38967300
JYEU,2026-01-12,0.6300,30088300
JYEU,2026-01-19,0.6500,60714400
JYEU,2026-01-26,0.6400,62292055
JYEU,2026-02-02,0.6350,27374900
JYEU,2026-02-09,0.6250,85547200
JYEU,2026-02-16,0.6150,91971100
JYEU,2026-02-23,0.5750,169075298
JYEU,2026-03-02,0.5550,120120206
JYEU,2026-03-09,0.5550,58921500
JYEU,2026-03-16,0.5750,135664200
JYEU,2026-03-23,0.5400,148430700
JYEU,2026-03-30,0.5350,48795099
JYEU,2026-04-06,0.5700,184765195
JYEU,2026-04-13,0.5750,45294500
JYEU,2026-04-20,0.5650,69512000
JYEU,2026-04-27,0.5700,39727700
JYEU,2026-05-04,0.5700,71832200
JYEU,2026-05-11,0.5650,70523100
JYEU,2026-05-18,0.5650,103230400
JYEU,2026-05-25,0.5600,75630100
JYEU,2026-06-01,0.5500,90066400
JYEU,2026-06-08,0.5750,79851200
JYEU,2026-06-15,0.5800,106086600
JYEU,2026-06-22,0.5750,87980300
JYEU,2026-06-29,0.5750,47279300
K71U,2023-07-03,0.9000,40118900
K71U,2023-07-10,0.9250,48032000
K71U,2023-07-17,0.9100,28572300
K71U,2023-07-24,0.9050,58452102
K71U,2023-07-31,0.8850,57905400
K71U,2023-08-07,0.8800,22362200
K71U,2023-08-14,0.8700,26795700
K71U,2023-08-21,0.8700,24873400
K71U,2023-08-28,0.8650,35852300
K71U,2023-09-04,0.8800,29281400
K71U,2023-09-11,0.8900,20899800
K71U,2023-09-18,0.8750,26373400
K71U,2023-09-25,0.8550,38953600
K71U,2023-10-02,0.8300,43753400
K71U,2023-10-09,0.8300,31629700
K71U,2023-10-16,0.8100,51128700
K71U,2023-10-23,0.7950,39398500
K71U,2023-10-30,0.8250,33053100
K71U,2023-11-06,0.8100,150311847
K71U,2023-11-13,0.8500,70800460
K71U,2023-11-20,0.8600,52028340
K71U,2023-11-27,0.8650,47404200
K71U,2023-12-04,0.8850,36088500
K71U,2023-12-11,0.9500,73567500
K71U,2024-01-01,0.9250,33610800
K71U,2024-01-08,0.9200,121543378
K71U,2024-01-15,0.9100,45408664
K71U,2024-01-22,0.9150,25315600
K71U,2024-01-29,0.9250,46423700
K71U,2024-02-05,0.8900,44094600
K71U,2024-02-12,0.8950,22510300
K71U,2024-02-19,0.8850,24306200
K71U,2024-02-26,0.8650,60496600
K71U,2024-03-04,0.8600,46124100
K71U,2024-03-11,0.8550,29194800
K71U,2024-03-18,0.8600,17802700
K71U,2024-03-25,0.8700,28150500
K71U,2024-04-01,0.8900,42058500
K71U,2024-04-08,0.8900,29075600
K71U,2024-04-15,0.8400,45893740
K71U,2024-04-22,0.8700,20586300
K71U,2024-04-29,0.8650,23759840
K71U,2024-05-06,0.8700,15053700
K71U,2024-05-13,0.8700,35594000
K71U,2024-05-20,0.8700,27226000
K71U,2024-05-27,0.8550,32162100
K71U,2024-06-03,0.8550,17026600
K71U,2024-06-10,0.8400,20853500
K71U,2024-06-17,0.8300,43818900
K71U,2024-06-24,0.8350,19517100
K71U,2024-07-01,0.8450,24857800
K71U,2024-07-08,0.8900,36592800
K71U,2024-07-15,0.8750,23653500
K71U,2024-07-22,0.8750,14138200
K71U,2024-07-29,0.8800,28300200
K71U,2024-08-05,0.8350,27144500
K71U,2024-08-12,0.8400,29063100
K71U,2024-08-19,0.8850,44067200
K71U,2024-08-26,0.8800,66657700
K71U,2024-09-02,0.9250,65738040
K71U,2024-09-09,0.9400,31418100
K71U,2024-09-16,0.9550,82863900
K71U,2024-09-23,0.9650,60976400
K71U,2024-09-30,0.9600,31982400
K71U,2024-10-07,0.9450,26658100
K71U,2024-10-14,0.9400,13480200
K71U,2024-10-21,0.9100,35271500
K71U,2024-10-28,0.8950,26333400
K71U,2024-11-04,0.8800,62940100
K71U,2024-11-11,0.8700,20374400
K71U,2024-11-18,0.8500,48886800
K71U,2024-11-25,0.8550,44699672
K71U,2024-12-02,0.8600,26811800
K71U,2024-12-09,0.8550,32980200
K71U,2024-12-16,0.8400,41778200
K71U,2024-12-23,0.8650,16492500
K71U,2024-12-30,0.8850,24876100
K71U,2025-01-06,0.8700,26128900
K71U,2025-01-13,0.8500,50612100
K71U,2025-01-20,0.8700,59069100
K71U,2025-01-27,0.8550,19434000
K71U,2025-02-03,0.8350,91211400
K71U,2025-02-10,0.8200,57036800
K71U,2025-02-17,0.8050,44084000
K71U,2025-02-24,0.8000,38496000
K71U,2025-03-03,0.8050,32672400
K71U,2025-03-10,0.8600,81343200
K71U,2025-03-17,0.8600,50005600
K71U,2025-03-24,0.8600,35679500
K71U,2025-03-31,0.8650,44037600
K71U,2025-04-07,0.8050,86053000
K71U,2025-04-14,0.8150,29209800
K71U,2025-04-21,0.8450,36970900
K71U,2025-04-28,0.8600,28429300
K71U,2025-05-05,0.8550,27804400
K71U,2025-05-12,0.8550,15234800
K71U,2025-05-19,0.8550,17119900
K71U,2025-05-26,0.8500,22166100
K71U,2025-06-02,0.8650,31136040
K71U,2025-06-09,0.8750,28502500
K71U,2025-06-16,0.8800,22358400
K71U,2025-06-23,0.8900,19297000
K71U,2025-06-30,0.8900,30123500
K71U,2025-07-07,0.8900,23107800
K71U,2025-07-14,0.9000,19330400
K71U,2025-07-21,0.9350,30782200
K71U,2025-07-28,0.9500,61159700
K71U,2025-08-04,0.9500,85944300
K71U,2025-08-11,0.9450,30230500
K71U,2025-08-18,0.9650,40424300
K71U,2025-08-25,0.9750,36655200
K71U,2025-09-01,0.9750,46482300
K71U,2025-09-08,1.0100,33787600
K71U,2025-09-15,0.9950,31132500
K71U,2025-09-22,1.0000,23975557
K71U,2025-09-29,1.0400,45197800
K71U,2025-10-06,1.0000,54937700
K71U,2025-10-13,1.0000,83415600
K71U,2025-10-20,1.0300,40481400
K71U,2025-10-27,1.0500,72254299
K71U,2025-11-03,1.0600,47727000
K71U,2025-11-10,1.0500,29011200
K71U,2025-11-17,1.0400,28464300
K71U,2025-11-24,1.0600,32366800
K71U,2025-12-01,1.0400,16810100
K71U,2025-12-08,0.9581,79166231
K71U,2025-12-15,0.9900,103346470
K71U,2025-12-22,0.9700,25882300
K71U,2025-12-29,0.9700,32171200
K71U,2026-01-05,0.9850,71793400
K71U,2026-01-12,1.0000,59713700
K71U,2026-01-19,0.9900,108600800
K71U,2026-01-26,0.9850,69408400
K71U,2026-02-02,0.9600,93208120
K71U,2026-02-09,0.9400,93725700
K71U,2026-02-16,0.9500,30084300
K71U,2026-02-23,0.9700,81249800
K71U,2026-03-02,0.9450,108166900
K71U,2026-03-09,0.9100,95754985
K71U,2026-03-16,0.9250,87961700
K71U,2026-03-23,0.8800,131163300
K71U,2026-03-30,0.8950,60448900
K71U,2026-04-06,0.9100,55469500
K71U,2026-04-13,0.9200,41835800
K71U,2026-04-20,0.8900,159923600
K71U,2026-04-27,0.8950,49129300
K71U,2026-05-04,0.8850,90038700
K71U,2026-05-11,0.8750,191333231
K71U,2026-05-18,0.8750,85377800
K71U,2026-05-25,0.8650,85236400
K71U,2026-06-01,0.8500,69427947
K71U,2026-06-08,0.8600,112073400
K71U,2026-06-15,0.8800,110754900
K71U,2026-06-22,0.8700,65004700
K71U,2026-06-29,0.8650,64282800
K71U,2026-07-06,0.8800,85149697
K71U,2026-07-27,0.9200,106583400
M44U,2023-07-03,1.6100,45803100
M44U,2023-07-10,1.7200,83186400
M44U,2023-07-17,1.6900,46354500
M44U,2023-07-24,1.7300,71997600
M44U,2023-07-31,1.6300,69694400
M44U,2023-08-07,1.6600,52815000
M44U,2023-08-14,1.6500,79697800
M44U,2023-08-21,1.6600,63793900
M44U,2023-08-28,1.6800,34786100
M44U,2023-09-04,1.6700,35780006
M44U,2023-09-11,1.7200,59878900
M44U,2023-09-18,1.6700,54930900
M44U,2023-09-25,1.6800,56134372
M44U,2023-10-02,1.5500,105526600
M44U,2023-10-09,1.5900,58956900
M44U,2023-10-16,1.4800,96148600
M44U,2023-10-23,1.4700,78343500
M44U,2023-10-30,1.5400,65164000
M44U,2023-11-06,1.5400,63828200
M44U,2023-11-13,1.5800,63777600
M44U,2023-11-20,1.5900,48837300
M44U,2023-11-27,1.6100,82271700
M44U,2023-12-04,1.6300,40492300
M44U,2023-12-11,1.7000,59850200
M44U,2024-01-01,1.6700,41024600
M44U,2024-01-08,1.6700,63997300
M44U,2024-01-15,1.6100,63310300
M44U,2024-01-22,1.5600,121819600
M44U,2024-01-29,1.5300,101864200
M44U,2024-02-05,1.5100,81875973
M44U,2024-02-12,1.5500,77434300
M44U,2024-02-19,1.5100,82882500
M44U,2024-02-26,1.4600,105950700
M44U,2024-03-04,1.4800,83885200
M44U,2024-03-11,1.4400,79499200
M44U,2024-03-18,1.4600,99995900
M44U,2024-03-25,1.4600,87424500
M44U,2024-04-01,1.4900,80690300
M44U,2024-04-08,1.4500,65820900
M44U,2024-04-15,1.3100,200096900
M44U,2024-04-22,1.3500,113388800
M44U,2024-04-29,1.3500,120160600
M44U,2024-05-06,1.3700,112782100
M44U,2024-05-13,1.3700,201278600
M44U,2024-05-20,1.3700,128462400
M44U,2024-05-27,1.3300,422265285
M44U,2024-06-03,1.3400,214700063
M44U,2024-06-10,1.3200,84111524
M44U,2024-06-17,1.3000,86276400
M44U,2024-06-24,1.2900,84969700
M44U,2024-07-01,1.2800,103042600
M44U,2024-07-08,1.3600,158337800
M44U,2024-07-15,1.3600,69407100
M44U,2024-07-22,1.3000,107534100
M44U,2024-07-29,1.3300,114212847
M44U,2024-08-05,1.2700,94127900
M44U,2024-08-12,1.3000,80030200
M44U,2024-08-19,1.3300,91164200
M44U,2024-08-26,1.3600,109612600
M44U,2024-09-02,1.4000,119325200
M44U,2024-09-09,1.4500,121445400
M44U,2024-09-16,1.4400,150211000
M44U,2024-09-23,1.4600,155096500
M44U,2024-09-30,1.4700,123283300
M44U,2024-10-07,1.4200,111243500
M44U,2024-10-14,1.4200,52776200
M44U,2024-10-21,1.3700,97969900
M44U,2024-10-28,1.3200,102143100
M44U,2024-11-04,1.2800,173862600
M44U,2024-11-11,1.2700,68142700
M44U,2024-11-18,1.2500,112282800
M44U,2024-11-25,1.2800,88372000
M44U,2024-12-02,1.2800,77298930
M44U,2024-12-09,1.2700,56373400
M44U,2024-12-16,1.2500,87701500
M44U,2024-12-23,1.2700,45121300
M44U,2024-12-30,1.3000,50968100
M44U,2025-01-06,1.2600,89829600
M44U,2025-01-13,1.2700,62382800
M44U,2025-01-20,1.2600,87328500
M44U,2025-01-27,1.2200,102751200
M44U,2025-02-03,1.2300,95886800
M44U,2025-02-10,1.2200,95425440
M44U,2025-02-17,1.2100,71111100
M44U,2025-02-24,1.2300,106702200
M44U,2025-03-03,1.2500,80911800
M44U,2025-03-10,1.3000,127311700
M44U,2025-03-17,1.3200,117863000
M44U,2025-03-24,1.3100,53950400
M44U,2025-03-31,1.3100,105404900
M44U,2025-04-07,1.0800,311250842
M44U,2025-04-14,1.1800,91957076
M44U,2025-04-21,1.1300,132430700
M44U,2025-04-28,1.1200,80045500
M44U,2025-05-05,1.0800,130188900
M44U,2025-05-12,1.1100,94186500
M44U,2025-05-19,1.0800,45418100
M44U,2025-05-26,1.1100,52111500
M44U,2025-06-02,1.1100,65633600
M44U,2025-06-09,1.1200,64059500
M44U,2025-06-16,1.1500,69618800
M44U,2025-06-23,1.1700,63288600
M44U,2025-06-30,1.1800,86904594
M44U,2025-07-07,1.1600,78555000
M44U,2025-07-14,1.1800,43187700
M44U,2025-07-21,1.1900,79558500
M44U,2025-07-28,1.1500,92128000
M44U,2025-08-04,1.1600,105279800
M44U,2025-08-11,1.1500,91827100
M44U,2025-08-18,1.1800,61396400
M44U,2025-08-25,1.2200,130680600
M44U,2025-09-01,1.2300,72603500
M44U,2025-09-08,1.2600,71607200
M44U,2025-09-15,1.2400,81929000
M44U,2025-09-22,1.2400,66174775
M44U,2025-09-29,1.2800,83119700
M44U,2025-10-06,1.2600,66949900
M44U,2025-10-13,1.2600,72844109
M44U,2025-10-20,1.3000,51302000
M44U,2025-10-27,1.3400,146067400
M44U,2025-11-03,1.3100,103883200
M44U,2025-11-10,1.2900,63414986
M44U,2025-11-17,1.2800,51315300
M44U,2025-11-24,1.3200,55388100
M44U,2025-12-01,1.2900,49432300
M44U,2025-12-08,1.2900,26169900
M44U,2025-12-15,1.2900,28631870
M44U,2025-12-22,1.3000,16801900
M44U,2025-12-29,1.3200,27143600
M44U,2026-01-05,1.3500,45034300
M44U,2026-01-12,1.3600,37875619
M44U,2026-01-19,1.3600,42308400
M44U,2026-01-26,1.3500,66200500
M44U,2026-02-02,1.3100,75660400
M44U,2026-02-09,1.3000,61104300
M44U,2026-02-16,1.2900,32786100
M44U,2026-02-23,1.2900,50698100
M44U,2026-03-02,1.2400,109790000
M44U,2026-03-09,1.2000,103021000
M44U,2026-03-16,1.2100,81929400
M44U,2026-03-23,1.1600,118042320
M44U,2026-03-30,1.1600,69366700
M44U,2026-04-06,1.1900,70713600
M44U,2026-04-13,1.2500,107463700
M44U,2026-04-20,1.2600,70300900
M44U,2026-04-27,1.2200,63892300
M44U,2026-05-04,1.1900,97089000
M44U,2026-05-11,1.1700,111723300
M44U,2026-05-18,1.1800,96734600
M44U,2026-05-25,1.2000,68702700
M44U,2026-06-01,1.1800,85660900
M44U,2026-06-08,1.2200,61849000
M44U,2026-06-15,1.2300,83655200
M44U,2026-06-22,1.2300,92407005
M44U,2026-06-29,1.2200,67673700
M44U,2026-08-03,1.2000,90103900
ME8U,2023-07-03,2.1800,16305100
ME8U,2023-07-10,2.2700,22714200
ME8U,2023-07-17,2.2500,11062000
ME8U,2023-07-24,2.2700,19289400
ME8U,2023-07-31,2.2100,20982800
ME8U,2023-08-07,2.2300,15255000
ME8U,2023-08-14,2.2100,12705700
ME8U,2023-08-21,2.2300,28089900
ME8U,2023-08-28,2.3000,26512300
ME8U,2023-09-04,2.3200,24486600
ME8U,2023-09-11,2.3000,28016700
ME8U,2023-09-18,2.2800,28677400
ME8U,2023-09-25,2.2600,14701200
ME8U,2023-10-02,2.1900,21536600
ME8U,2023-10-09,2.2300,22091700
ME8U,2023-10-16,2.1400,24609200
ME8U,2023-10-23,2.1300,26157500
ME8U,2023-10-30,2.1900,22589200
ME8U,2023-11-06,2.1700,16155900
ME8U,2023-11-13,2.2700,21267100
ME8U,2023-11-20,2.3200,21065900
ME8U,2023-11-27,2.2700,33021100
ME8U,2023-12-04,2.3100,23027700
ME8U,2023-12-11,2.4600,38990700
ME8U,2024-01-01,2.4800,15294300
ME8U,2024-01-08,2.4800,25359100
ME8U,2024-01-15,2.4100,23426300
ME8U,2024-01-22,2.4500,30694800
ME8U,2024-01-29,2.4600,39903300
ME8U,2024-02-05,2.3900,39287000
ME8U,2024-02-12,2.3900,27461300
ME8U,2024-02-19,2.3300,32127326
ME8U,2024-02-26,2.2600,41200700
ME8U,2024-03-04,2.3200,21068700
ME8U,2024-03-11,2.2700,19448500
ME8U,2024-03-18,2.3000,19148400
ME8U,2024-03-25,2.3400,21667400
ME8U,2024-04-01,2.3200,19296900
ME8U,2024-04-08,2.3100,16839900
ME8U,2024-04-15,2.1900,42845700
ME8U,2024-04-22,2.2700,26701058
ME8U,2024-04-29,2.1800,26150300
ME8U,2024-05-06,2.2100,35226800
ME8U,2024-05-13,2.2200,28658700
ME8U,2024-05-20,2.2100,11016300
ME8U,2024-05-27,2.2000,27435900
ME8U,2024-06-03,2.2000,17988000
ME8U,2024-06-10,2.1600,23099700
ME8U,2024-06-17,2.1400,20508600
ME8U,2024-06-24,2.1100,41845200
ME8U,2024-07-01,2.1100,43661400
ME8U,2024-07-08,2.2500,49947200
ME8U,2024-07-15,2.2900,40868500
ME8U,2024-07-22,2.2700,24408400
ME8U,2024-07-29,2.2800,35022300
ME8U,2024-08-05,2.2400,38054600
ME8U,2024-08-12,2.3200,35995200
ME8U,2024-08-19,2.3800,28180800
ME8U,2024-08-26,2.4400,26274000
ME8U,2024-09-02,2.4800,28656100
ME8U,2024-09-09,2.5200,19373900
ME8U,2024-09-16,2.4500,41100700
ME8U,2024-09-23,2.4800,34350700
ME8U,2024-09-30,2.5100,44173100
ME8U,2024-10-07,2.4400,21394600
ME8U,2024-10-14,2.4700,16230547
ME8U,2024-10-21,2.4000,25175600
ME8U,2024-10-28,2.4000,28629100
ME8U,2024-11-04,2.2700,44026700
ME8U,2024-11-11,2.2700,14802300
ME8U,2024-11-18,2.2700,27816700
ME8U,2024-11-25,2.3200,31057700
ME8U,2024-12-02,2.2800,22356700
ME8U,2024-12-09,2.2100,30962200
ME8U,2024-12-16,2.1800,28534600
ME8U,2024-12-23,2.2200,9545200
ME8U,2024-12-30,2.2700,14969300
ME8U,2025-01-06,2.2400,16203000
ME8U,2025-01-13,2.2400,23996900
ME8U,2025-01-20,2.2000,35177500
ME8U,2025-01-27,2.1000,52288500
ME8U,2025-02-03,2.1300,48135900
ME8U,2025-02-10,2.0300,70750200
ME8U,2025-02-17,2.0000,37584700
ME8U,2025-02-24,1.9800,77615800
ME8U,2025-03-03,2.0000,51467400
ME8U,2025-03-10,2.0800,90097300
ME8U,2025-03-17,2.1000,50096100
ME8U,2025-03-24,2.1000,39238800
ME8U,2025-03-31,2.0900,43416800
ME8U,2025-04-07,1.9200,84332900
ME8U,2025-04-14,2.0200,31118300
ME8U,2025-04-21,2.0300,32408427
ME8U,2025-04-28,2.0200,39131800
ME8U,2025-05-05,1.9600,38859733
ME8U,2025-05-12,1.9600,56050300
ME8U,2025-05-19,1.9100,39504300
ME8U,2025-05-26,1.9300,40341400
ME8U,2025-06-02,1.9300,39528700
ME8U,2025-06-09,1.9600,51873746
ME8U,2025-06-16,1.9600,61647400
ME8U,2025-06-23,2.0300,45207200
ME8U,2025-06-30,2.0400,50787207
ME8U,2025-07-07,2.0000,49345100
ME8U,2025-07-14,2.0300,47469800
ME8U,2025-07-21,2.0600,39573200
ME8U,2025-07-28,2.0200,64006500
ME8U,2025-08-04,1.9900,44193500
ME8U,2025-08-11,1.9900,36003600
ME8U,2025-08-18,2.0100,36015300
ME8U,2025-08-25,2.0600,45810700
ME8U,2025-09-01,2.0900,40973400
ME8U,2025-09-08,2.1400,42112100
ME8U,2025-09-15,2.1300,46688600
ME8U,2025-09-22,2.1200,34452220
ME8U,2025-09-29,2.1600,31735000
ME8U,2025-10-06,2.1400,27870400
ME8U,2025-10-13,2.1500,38639200
ME8U,2025-10-20,2.1800,23677700
ME8U,2025-10-27,2.1300,48648900
ME8U,2025-11-03,2.0300,75226273
ME8U,2025-11-10,2.0400,47682100
ME8U,2025-11-17,2.0100,38643200
ME8U,2025-11-24,2.0600,23270300
ME8U,2025-12-01,2.0300,34863600
ME8U,2025-12-08,2.0300,15602900
ME8U,2025-12-15,2.0400,20084100
ME8U,2025-12-22,2.0400,10925200
ME8U,2025-12-29,2.0700,31609800
ME8U,2026-01-05,2.0900,24454100
ME8U,2026-01-12,2.1000,21255300
ME8U,2026-01-19,2.1100,20811800
ME8U,2026-01-26,2.1100,50038336
ME8U,2026-02-02,2.0300,49905200
ME8U,2026-02-09,2.0200,32664600
ME8U,2026-02-16,2.0400,9025000
ME8U,2026-02-23,2.0400,21470300
ME8U,2026-03-02,2.0000,46758100
ME8U,2026-03-09,1.9700,35102700
ME8U,2026-03-16,2.0000,27878600
ME8U,2026-03-23,1.9400,47710800
ME8U,2026-03-30,1.9600,22761600
ME8U,2026-04-06,2.0000,33068900
ME8U,2026-04-13,2.0600,33341800
ME8U,2026-04-20,2.0500,38648500
ME8U,2026-04-27,1.9700,63353100
ME8U,2026-05-04,1.9500,53747000
ME8U,2026-05-11,1.9200,31855500
ME8U,2026-05-18,1.9500,32619600
ME8U,2026-05-25,1.9400,22220600
ME8U,2026-06-01,1.9400,27146700
ME8U,2026-06-08,1.9600,31233400
ME8U,2026-06-15,1.9400,39316600
ME8U,2026-06-22,1.9400,41957900
ME8U,2026-06-29,1.9400,34348300
MZH,2023-07-03,1.3400,7451400
MZH,2023-07-10,1.2300,24942400
MZH,2023-07-17,1.2200,11814500
MZH,2023-07-24,1.1400,13089000
MZH,2023-07-31,1.0800,14462000
MZH,2023-08-07,1.0100,16730000
MZH,2023-08-14,1.0000,28719000
MZH,2023-08-21,1.0700,14156200
MZH,2023-08-28,1.0600,5233900
MZH,2023-09-04,1.0300,4178600
MZH,2023-09-11,1.0400,5752500
MZH,2023-09-18,0.9500,19481600
MZH,2023-09-25,0.9400,19365500
MZH,2023-10-02,0.9450,18586500
MZH,2023-10-09,0.9450,19347500
MZH,2023-10-16,0.9050,9980800
MZH,2023-10-23,0.9350,23516900
MZH,2023-10-30,0.9650,11333400
MZH,2023-11-06,0.8400,36385300
MZH,2023-11-13,0.8500,19616500
MZH,2023-11-20,0.8850,13379200
MZH,2023-11-27,0.8900,13242000
MZH,2023-12-04,0.8950,14113700
MZH,2023-12-11,0.9250,13535500
MZH,2024-01-01,0.9000,9765400
MZH,2024-01-08,0.8650,16347300
MZH,2024-01-15,0.8050,16720300
MZH,2024-01-22,0.7250,26984100
MZH,2024-01-29,0.6950,29211900
MZH,2024-02-05,0.6850,20659000
MZH,2024-02-12,0.7450,19707200
MZH,2024-02-19,0.7200,21884500
MZH,2024-02-26,0.7250,51037900
MZH,2024-03-04,0.7400,19170700
MZH,2024-03-11,0.7400,9245600
MZH,2024-03-18,0.7250,11224600
MZH,2024-03-25,0.7150,9066000
MZH,2024-04-01,0.7100,14569000
MZH,2024-04-08,0.6850,11844900
MZH,2024-04-15,0.6000,22750700
MZH,2024-04-22,0.6500,37036100
MZH,2024-04-29,0.6600,24924800
MZH,2024-05-06,0.7100,33087900
MZH,2024-05-13,0.7300,26308100
MZH,2024-05-20,0.7650,13751500
MZH,2024-05-27,0.7700,44107590
MZH,2024-06-03,0.7550,16267100
MZH,2024-06-10,0.7800,26445100
MZH,2024-06-17,0.7250,13695700
MZH,2024-06-24,0.7450,16087900
MZH,2024-07-01,0.8350,40188400
MZH,2024-07-08,0.8750,33828400
MZH,2024-07-15,0.9350,40688200
MZH,2024-07-22,0.8750,31136500
MZH,2024-07-29,0.7850,27477500
MZH,2024-08-05,0.7250,20259300
MZH,2024-08-12,0.7150,33479500
MZH,2024-08-19,0.7400,15101700
MZH,2024-08-26,0.7450,7393600
MZH,2024-09-02,0.7650,15172300
MZH,2024-09-09,0.8100,13523000
MZH,2024-09-16,0.8250,14566500
MZH,2024-09-23,0.8350,14444000
MZH,2024-09-30,0.8650,18468200
MZH,2024-10-07,0.8450,11218200
MZH,2024-10-14,0.8400,6510900
MZH,2024-10-21,0.8300,6110700
MZH,2024-10-28,0.8200,10750600
MZH,2024-11-04,0.8050,8128500
MZH,2024-11-11,0.7850,5907100
MZH,2024-11-18,0.7800,5678600
MZH,2024-11-25,0.7800,4362800
MZH,2024-12-02,0.7950,5205900
MZH,2024-12-09,0.7750,3793200
MZH,2024-12-16,0.7300,4671900
MZH,2024-12-23,0.7600,3978700
MZH,2024-12-30,0.7900,4688400
MZH,2025-01-06,0.7750,8611300
MZH,2025-01-13,0.7700,3464500
MZH,2025-01-20,0.7250,9006900
MZH,2025-01-27,0.7150,4014400
MZH,2025-02-03,0.7050,5289600
MZH,2025-02-10,0.7200,6871600
MZH,2025-02-17,0.7050,6117600
MZH,2025-02-24,0.6750,9331400
MZH,2025-03-03,0.6550,5201600
MZH,2025-03-10,0.6650,4990000
MZH,2025-03-17,0.6600,3092300
MZH,2025-03-24,0.6500,2209100
MZH,2025-03-31,0.5850,4217100
MZH,2025-04-07,0.4850,15708800
MZH,2025-04-14,0.5050,6037400
MZH,2025-04-21,0.5450,10281100
MZH,2025-04-28,0.5350,3750700
MZH,2025-05-05,0.5200,3743500
MZH,2025-05-12,0.5450,7999600
MZH,2025-05-19,0.5200,4134700
MZH,2025-05-26,0.5350,4062000
MZH,2025-06-02,0.5600,3577000
MZH,2025-06-09,0.5900,7067800
MZH,2025-06-16,0.6400,11065800
MZH,2025-06-23,0.6650,11950400
MZH,2025-06-30,0.6350,8470200
MZH,2025-07-07,0.6300,8202500
MZH,2025-07-14,0.6650,15139000
MZH,2025-07-21,0.7800,30993800
MZH,2025-07-28,0.7300,12221000
MZH,2025-08-04,0.7300,11374000
MZH,2025-08-11,0.7250,14481100
MZH,2025-08-18,0.7250,8049400
MZH,2025-08-25,0.7300,6801600
MZH,2025-09-01,0.7600,6836800
MZH,2025-09-08,0.8100,24752400
MZH,2025-09-15,0.8300,18192300
MZH,2025-09-22,0.7850,11746300
MZH,2025-09-29,0.7850,15951100
MZH,2025-10-06,0.7300,15407400
MZH,2025-10-13,0.6500,16372400
MZH,2025-10-20,0.7000,8807500
MZH,2025-10-27,0.6950,18416700
MZH,2025-11-03,0.6750,14429100
MZH,2025-11-10,0.6750,5972100
MZH,2025-11-17,0.6500,4241300
MZH,2025-11-24,0.6550,3814800
MZH,2025-12-01,0.6200,6929400
MZH,2025-12-08,0.5950,9705800
MZH,2025-12-15,0.5850,10867400
MZH,2025-12-22,0.5900,8753100
MZH,2025-12-29,0.5900,6099400
MZH,2026-01-05,0.5700,8628600
MZH,2026-01-12,0.5750,14216500
MZH,2026-01-19,0.5600,6650800
MZH,2026-01-26,0.5700,14996900
MZH,2026-02-02,0.5450,9381200
MZH,2026-02-09,0.6250,44024200
MZH,2026-02-16,0.6350,11024200
MZH,2026-02-23,0.6500,37684600
MZH,2026-03-02,0.6800,57317300
MZH,2026-03-09,0.6200,58843300
MZH,2026-03-16,0.6150,26929600
MZH,2026-03-23,0.6050,35061100
MZH,2026-03-30,0.6350,31422100
MZH,2026-04-06,0.7750,64392700
MZH,2026-04-13,0.8600,55602100
MZH,2026-04-20,1.5400,193788700
MZH,2026-04-27,1.4600,97977400
MZH,2026-05-04,1.5100,86069300
MZH,2026-05-11,1.3900,96571000
MZH,2026-05-18,1.3500,58821600
MZH,2026-05-25,1.3800,25786500
MZH,2026-06-01,1.2400,35125400
MZH,2026-06-08,1.2300,30173500
MZH,2026-06-15,1.2800,27648200
MZH,2026-06-22,1.1600,29786000
MZH,2026-06-29,1.2700,24487900
MZH,2026-07-06,1.1700,24833200
MZH,2026-07-20,1.1000,31378300
MZH,2026-08-10,1.0500,43372100
N2IU,2023-07-03,1.5900,35474900
N2IU,2023-07-10,1.6700,38595300
N2IU,2023-07-17,1.6500,38495900
N2IU,2023-07-24,1.6800,39539400
N2IU,2023-07-31,1.6000,39840400
N2IU,2023-08-07,1.5700,23821600
N2IU,2023-08-14,1.5200,33351300
N2IU,2023-08-21,1.5400,29237500
N2IU,2023-08-28,1.5200,28780200
N2IU,2023-09-04,1.4800,42793400
N2IU,2023-09-11,1.5300,31534500
N2IU,2023-09-18,1.4500,45926400
N2IU,2023-09-25,1.4300,53094600
N2IU,2023-10-02,1.3600,57524700
N2IU,2023-10-09,1.3800,42591800
N2IU,2023-10-16,1.2900,49539400
N2IU,2023-10-23,1.3100,38427500
N2IU,2023-10-30,1.3600,57689400
N2IU,2023-11-06,1.3300,47441800
N2IU,2023-11-13,1.3800,37381700
N2IU,2023-11-20,1.3800,24696800
N2IU,2023-11-27,1.3800,36607225
N2IU,2023-12-04,1.4200,39950100
N2IU,2023-12-11,1.5200,62996700
N2IU,2024-01-01,1.5100,28361200
N2IU,2024-01-08,1.5000,34006700
N2IU,2024-01-15,1.4500,56512800
N2IU,2024-01-22,1.4100,49269200
N2IU,2024-01-29,1.4600,68068900
N2IU,2024-02-05,1.3900,51675600
N2IU,2024-02-12,1.4100,55857400
N2IU,2024-02-19,1.3900,51084200
N2IU,2024-02-26,1.3200,72095600
N2IU,2024-03-04,1.3300,88956700
N2IU,2024-03-11,1.2800,67377500
N2IU,2024-03-18,1.2700,131312600
N2IU,2024-03-25,1.2800,70066805
N2IU,2024-04-01,1.3400,76582200
N2IU,2024-04-08,1.3200,68497900
N2IU,2024-04-15,1.2100,149668500
N2IU,2024-04-22,1.2600,87270700
N2IU,2024-04-29,1.2200,71410800
N2IU,2024-05-06,1.2400,79234400
N2IU,2024-05-13,1.2500,117682300
N2IU,2024-05-20,1.2400,83279300
N2IU,2024-05-27,1.2200,338478800
N2IU,2024-06-03,1.2600,163935624
N2IU,2024-06-10,1.2200,66287553
N2IU,2024-06-17,1.2200,55653700
N2IU,2024-06-24,1.2200,54341400
N2IU,2024-07-01,1.2300,68236400
N2IU,2024-07-08,1.3400,87120700
N2IU,2024-07-15,1.3100,76779100
N2IU,2024-07-22,1.2800,59251700
N2IU,2024-07-29,1.3000,61898200
N2IU,2024-08-05,1.2300,75327000
N2IU,2024-08-12,1.2700,74555200
N2IU,2024-08-19,1.3200,70488200
N2IU,2024-08-26,1.3700,87316400
N2IU,2024-09-02,1.4100,89047200
N2IU,2024-09-09,1.4500,70491700
N2IU,2024-09-16,1.4500,126543400
N2IU,2024-09-23,1.5000,107549500
N2IU,2024-09-30,1.5100,106788200
N2IU,2024-10-07,1.4400,66728300
N2IU,2024-10-14,1.4400,80284600
N2IU,2024-10-21,1.3400,83164500
N2IU,2024-10-28,1.2900,73245800
N2IU,2024-11-04,1.2400,134949400
N2IU,2024-11-11,1.2300,53254900
N2IU,2024-11-18,1.2200,57699400
N2IU,2024-11-25,1.2300,50454700
N2IU,2024-12-02,1.2200,32774800
N2IU,2024-12-09,1.2100,46813200
N2IU,2024-12-16,1.2000,68684400
N2IU,2024-12-23,1.2200,25109500
N2IU,2024-12-30,1.2400,33097200
N2IU,2025-01-06,1.2000,43353200
N2IU,2025-01-13,1.2000,54135700
N2IU,2025-01-20,1.2000,73045200
N2IU,2025-01-27,1.2100,50018800
N2IU,2025-02-03,1.2000,63670100
N2IU,2025-02-10,1.1800,48748700
N2IU,2025-02-17,1.1600,43881500
N2IU,2025-02-24,1.1800,48148900
N2IU,2025-03-03,1.1900,39319200
N2IU,2025-03-10,1.2400,80299700
N2IU,2025-03-17,1.2500,58165100
N2IU,2025-03-24,1.2500,53774100
N2IU,2025-03-31,1.2600,36656000
N2IU,2025-04-07,1.1400,105459800
N2IU,2025-04-14,1.2000,47859900
N2IU,2025-04-21,1.2200,40561500
N2IU,2025-04-28,1.2200,30606900
N2IU,2025-05-05,1.2000,54149600
N2IU,2025-05-12,1.2100,23711500
N2IU,2025-05-19,1.1700,52676900
N2IU,2025-05-26,1.1800,30324300
N2IU,2025-06-02,1.1900,35944200
N2IU,2025-06-09,1.2000,27741900
N2IU,2025-06-16,1.2200,36376800
N2IU,2025-06-23,1.2600,54120700
N2IU,2025-06-30,1.2600,40528500
N2IU,2025-07-07,1.2400,53687500
N2IU,2025-07-14,1.2600,25094300
N2IU,2025-07-21,1.2800,41332900
N2IU,2025-07-28,1.2800,51794700
N2IU,2025-08-04,1.3300,68925850
N2IU,2025-08-11,1.3500,59666600
N2IU,2025-08-18,1.3600,53716300
N2IU,2025-08-25,1.3800,64420800
N2IU,2025-09-01,1.3900,52940700
N2IU,2025-09-08,1.4200,30699800
N2IU,2025-09-15,1.4100,32448000
N2IU,2025-09-22,1.4100,28389453
N2IU,2025-09-29,1.4600,43677300
N2IU,2025-10-06,1.4500,25536386
N2IU,2025-10-13,1.4500,25875400
N2IU,2025-10-20,1.4700,24243000
N2IU,2025-10-27,1.4400,43061900
N2IU,2025-11-03,1.4600,45396900
N2IU,2025-11-10,1.4500,19308400
N2IU,2025-11-17,1.4300,40669900
N2IU,2025-11-24,1.4600,34220400
N2IU,2025-12-01,1.4300,34521100
N2IU,2025-12-08,1.4500,22146500
N2IU,2025-12-15,1.4500,31226030
N2IU,2025-12-22,1.4600,11872600
N2IU,2025-12-29,1.4700,14366900
N2IU,2026-01-05,1.4600,42298800
N2IU,2026-01-12,1.4700,21589200
N2IU,2026-01-19,1.4700,45374100
N2IU,2026-01-26,1.4600,50264500
N2IU,2026-02-02,1.4400,45039100
N2IU,2026-02-09,1.4500,28693400
N2IU,2026-02-16,1.4400,11321600
N2IU,2026-02-23,1.4200,26933700
N2IU,2026-03-02,1.4000,54635800
N2IU,2026-03-09,1.3500,42162500
N2IU,2026-03-16,1.3400,61024200
N2IU,2026-03-23,1.3100,63307900
N2IU,2026-03-30,1.3300,47125800
N2IU,2026-04-06,1.3700,26756400
N2IU,2026-04-13,1.4100,67547590
N2IU,2026-04-20,1.4000,49646600
N2IU,2026-04-27,1.2900,111073700
N2IU,2026-05-04,1.2700,102996900
N2IU,2026-05-11,1.2500,71865500
N2IU,2026-05-18,1.2700,76204000
N2IU,2026-05-25,1.2800,64511600
N2IU,2026-06-01,1.2700,65910800
N2IU,2026-06-08,1.2700,46366800
N2IU,2026-06-15,1.2700,95454500
N2IU,2026-06-22,1.3000,103995500
N2IU,2026-06-29,1.2900,52312900
NIO,2023-07-03,9.5500,1086590
NIO,2023-07-10,10.5600,1480300
NIO,2023-07-17,10.3800,666160
NIO,2023-07-24,13.9400,1881660
NIO,2023-07-31,15.6000,2701560
NIO,2023-08-07,13.1200,897280
NIO,2023-08-14,11.2100,1316090
NIO,2023-08-21,10.7400,774150
NIO,2023-08-28,10.5200,841610
NIO,2023-09-04,10.1500,538270
NIO,2023-09-11,10.7000,805810
NIO,2023-09-18,8.8000,974010
NIO,2023-09-25,9.2100,1100510
NIO,2023-10-02,8.6500,511820
NIO,2023-10-09,8.5000,460470
NIO,2023-10-16,7.7800,793620
NIO,2023-10-23,7.8100,650680
NIO,2023-10-30,8.0000,800910
NIO,2023-11-06,7.5000,478080
NIO,2023-11-13,7.4000,551400
NIO,2023-11-20,7.5700,389430
NIO,2023-11-27,7.2500,815070
NIO,2023-12-04,7.4500,983510
NIO,2023-12-11,7.8800,877620
NIO,2024-01-01,8.2000,813820
NIO,2024-01-08,7.4300,1227740
NIO,2024-01-15,6.2600,1795290
NIO,2024-01-22,5.9700,1482180
NIO,2024-01-29,5.7200,916260
NIO,2024-02-05,5.7800,971790
NIO,2024-02-12,6.2700,1102280
NIO,2024-02-19,5.8300,864680
NIO,2024-02-26,5.9100,911400
NIO,2024-03-04,5.7000,827390
NIO,2024-03-11,5.6700,867900
NIO,2024-03-18,5.0800,1210460
NIO,2024-03-25,4.8200,654520
NIO,2024-04-01,4.5100,667490
NIO,2024-04-08,4.4500,545340
NIO,2024-04-15,3.9000,659380
NIO,2024-04-22,4.4400,652210
NIO,2024-04-29,5.4700,891420
NIO,2024-05-06,5.3000,1019810
NIO,2024-05-13,5.3700,816930
NIO,2024-05-20,4.8300,620980
NIO,2024-05-27,5.3200,872120
NIO,2024-06-03,4.9300,800170
NIO,2024-06-10,4.4700,729090
NIO,2024-06-17,4.4000,299140
NIO,2024-06-24,4.4200,233700
NIO,2024-07-01,4.7600,573670
NIO,2024-07-08,4.7300,386640
NIO,2024-07-15,4.5600,465970
NIO,2024-07-22,4.4100,443380
NIO,2024-07-29,4.1100,607350
NIO,2024-08-05,3.7800,810960
NIO,2024-08-12,3.9500,343160
NIO,2024-08-19,4.0900,400850
NIO,2024-08-26,4.3300,1210320
NIO,2024-09-02,4.9000,1422440
NIO,2024-09-09,5.2700,1125570
NIO,2024-09-16,5.4000,913670
NIO,2024-09-23,6.2200,2245550
NIO,2024-09-30,6.8800,4305500
NIO,2024-10-07,6.1000,3306220
NIO,2024-10-14,5.4600,2035650
NIO,2024-10-21,5.1000,1195430
NIO,2024-10-28,5.2500,1304540
NIO,2024-11-04,5.3500,1379960
NIO,2024-11-11,4.5600,1544680
NIO,2024-11-18,4.6500,1021210
NIO,2024-11-25,4.4600,1076050
NIO,2024-12-02,4.7000,714930
NIO,2024-12-09,4.6000,1132980
NIO,2024-12-16,4.5900,893840
NIO,2024-12-23,4.7300,519790
NIO,2024-12-30,4.5500,1048840
NIO,2025-01-06,4.3200,1546460
NIO,2025-01-13,4.2400,878330
NIO,2025-01-20,4.2600,853840
NIO,2025-01-27,4.4000,450510
NIO,2025-02-03,4.3700,1214400
NIO,2025-02-10,4.4200,1180470
NIO,2025-02-17,4.5000,1173420
NIO,2025-02-24,4.5700,1532220
NIO,2025-03-03,4.3500,1036970
NIO,2025-03-10,4.7500,1965460
NIO,2025-03-17,4.6600,2236250
NIO,2025-03-24,4.0000,1500500
NIO,2025-03-31,3.7400,821580
NIO,2025-04-07,3.4000,1459450
NIO,2025-04-14,3.5900,446450
NIO,2025-04-21,4.1600,683100
NIO,2025-04-28,4.1200,575300
NIO,2025-05-05,4.0200,388050
NIO,2025-05-12,4.1400,448540
NIO,2025-05-19,3.9500,415590
NIO,2025-05-26,3.6400,818840
NIO,2025-06-02,3.5800,430710
NIO,2025-06-09,3.5800,522470
NIO,2025-06-16,3.5000,203500
NIO,2025-06-23,3.4800,392590
NIO,2025-06-30,3.5000,291930
NIO,2025-07-07,3.7800,596150
NIO,2025-07-14,4.3600,1156000
NIO,2025-07-21,4.8700,1453180
NIO,2025-07-28,4.7900,1051510
NIO,2025-08-04,4.7700,752570
NIO,2025-08-11,4.6000,1274000
NIO,2025-08-18,5.8800,1983080
NIO,2025-08-25,6.5500,2326470
NIO,2025-09-01,6.1400,1757250
NIO,2025-09-08,6.1000,1167340
NIO,2025-09-15,7.5000,3095850
NIO,2025-09-22,7.2500,1913740
NIO,2025-09-29,7.6700,1653090
NIO,2025-10-06,7.4200,897110
NIO,2025-10-13,6.4700,2764660
NIO,2025-10-20,6.8200,932110
NIO,2025-10-27,7.0400,1269610
NIO,2025-11-03,7.1500,1295380
NIO,2025-11-10,6.2700,1327370
NIO,2025-11-17,5.4800,907460
NIO,2025-11-24,5.5800,802200
NIO,2025-12-01,5.1400,907420
NIO,2025-12-08,5.1700,554230
NIO,2025-12-15,5.0200,511910
NIO,2025-12-22,4.9600,266020
NIO,2025-12-29,5.5000,2064790
NIO,2026-01-05,4.8600,850030
NIO,2026-01-12,4.6900,1261560
NIO,2026-01-19,4.7800,692590
NIO,2026-01-26,4.9200,1186900
NIO,2026-02-02,4.9600,1590620
NIO,2026-02-09,5.0500,603380
NIO,2026-02-16,4.9800,143380
NIO,2026-02-23,5.1000,535600
NIO,2026-03-02,4.8400,898490
NIO,2026-03-09,5.6600,1463340
NIO,2026-03-16,5.8700,806580
NIO,2026-03-23,5.7000,842380
NIO,2026-03-30,6.0900,954980
NIO,2026-04-06,6.1700,1147310
NIO,2026-04-13,6.8300,880040
NIO,2026-04-20,6.2300,852140
NIO,2026-04-27,6.3000,1270320
NIO,2026-05-04,5.9200,1473190
NIO,2026-05-11,6.2500,651550
NIO,2026-05-18,5.4000,1912200
NIO,2026-05-25,5.4400,1378930
NIO,2026-06-01,5.6500,1364940
NIO,2026-06-08,5.3300,1010840
NIO,2026-06-15,5.1100,838140
NIO,2026-06-22,4.7200,1359150
NIO,2026-06-29,4.9500,1092320
NS8U,2023-07-03,0.1970,22667600
NS8U,2023-07-10,0.1930,24021500
NS8U,2023-07-17,0.1940,12828400
NS8U,2023-07-24,0.1840,27645500
NS8U,2023-07-31,0.1780,24310500
NS8U,2023-08-07,0.1830,12623400
NS8U,2023-08-14,0.1730,13919500
NS8U,2023-08-21,0.1680,21731200
NS8U,2023-08-28,0.1660,31100500
NS8U,2023-09-04,0.1670,13263200
NS8U,2023-09-11,0.1610,34865221
NS8U,2023-09-18,0.1600,16220992
NS8U,2023-09-25,0.1720,47685200
NS8U,2023-10-02,0.1690,19390500
NS8U,2023-10-09,0.1690,16364300
NS8U,2023-10-16,0.1600,11643012
NS8U,2023-10-23,0.1590,38611452
NS8U,2023-10-30,0.1580,27603300
NS8U,2023-11-06,0.1570,40437000
NS8U,2023-11-13,0.1610,12030871
NS8U,2023-11-20,0.1560,12198700
NS8U,2023-11-27,0.1540,17372000
NS8U,2023-12-04,0.1570,10402500
NS8U,2023-12-11,0.1470,42115500
NS8U,2024-01-01,0.1500,13703200
NS8U,2024-01-08,0.1550,21061000
NS8U,2024-01-15,0.1590,30163500
NS8U,2024-01-22,0.1490,26608100
NS8U,2024-01-29,0.1500,25763300
NS8U,2024-02-05,0.1450,29168800
NS8U,2024-02-12,0.1340,28474600
NS8U,2024-02-19,0.1340,26477700
NS8U,2024-02-26,0.1320,24389000
NS8U,2024-03-04,0.1260,26596000
NS8U,2024-03-11,0.1240,34171000
NS8U,2024-03-18,0.1220,17712600
NS8U,2024-03-25,0.1260,16439400
NS8U,2024-04-01,0.1320,25102700
NS8U,2024-04-08,0.1310,21455200
NS8U,2024-04-15,0.1280,16121400
NS8U,2024-04-22,0.1270,11155500
NS8U,2024-04-29,0.1280,11935500
NS8U,2024-05-06,0.1290,11548100
NS8U,2024-05-13,0.1270,20307900
NS8U,2024-05-20,0.1260,13822700
NS8U,2024-05-27,0.1240,20443500
NS8U,2024-06-03,0.1250,31491600
NS8U,2024-06-10,0.1230,19376600
NS8U,2024-06-17,0.1310,24009300
NS8U,2024-06-24,0.1280,17611200
NS8U,2024-07-01,0.1290,25085700
NS8U,2024-07-08,0.1330,21241600
NS8U,2024-07-15,0.1290,19118600
NS8U,2024-07-22,0.1270,28947500
NS8U,2024-07-29,0.1220,29478700
NS8U,2024-08-05,0.1220,18272900
NS8U,2024-08-12,0.1270,19375500
NS8U,2024-08-19,0.1260,8710044
NS8U,2024-08-26,0.1290,15511378
NS8U,2024-09-02,0.1270,16113300
NS8U,2024-09-09,0.1290,15463600
NS8U,2024-09-16,0.1260,87754324
NS8U,2024-09-23,0.1500,72717600
NS8U,2024-09-30,0.1530,81050400
NS8U,2024-10-07,0.1570,46204304
NS8U,2024-10-14,0.1630,40712600
NS8U,2024-10-21,0.1630,29728900
NS8U,2024-10-28,0.1560,34656300
NS8U,2024-11-04,0.1600,27281800
NS8U,2024-11-11,0.1550,19558600
NS8U,2024-11-18,0.1590,14780400
NS8U,2024-11-25,0.1580,49065500
NS8U,2024-12-02,0.1590,16860300
NS8U,2024-12-09,0.1530,24685100
NS8U,2024-12-16,0.1680,58279600
NS8U,2024-12-23,0.1630,20126600
NS8U,2024-12-30,0.1650,46868500
NS8U,2025-01-06,0.1620,18303300
NS8U,2025-01-13,0.1590,15520900
NS8U,2025-01-20,0.1600,10971000
NS8U,2025-01-27,0.1590,11793300
NS8U,2025-02-03,0.1570,17944900
NS8U,2025-02-10,0.1660,44179100
NS8U,2025-02-17,0.1600,20763700
NS8U,2025-02-24,0.1650,33902400
NS8U,2025-03-03,0.1830,53184500
NS8U,2025-03-10,0.1730,36754800
NS8U,2025-03-17,0.1700,55750400
NS8U,2025-03-24,0.1680,47473395
NS8U,2025-03-31,0.1600,28800400
NS8U,2025-04-07,0.1370,55128800
NS8U,2025-04-14,0.1420,21772100
NS8U,2025-04-21,0.1490,30917500
NS8U,2025-04-28,0.1470,32503900
NS8U,2025-05-05,0.1480,28487700
NS8U,2025-05-12,0.1580,38763000
NS8U,2025-05-19,0.1620,28035500
NS8U,2025-05-26,0.1590,11390500
NS8U,2025-06-02,0.1550,27283200
NS8U,2025-06-09,0.1600,12008200
NS8U,2025-06-16,0.1630,20481000
NS8U,2025-06-23,0.1720,31337071
NTDU,2025-07-14,0.9500,230882300
NTDU,2025-07-21,0.9500,86526600
NTDU,2025-07-28,0.9400,36187200
NTDU,2025-08-04,0.9450,27074700
NTDU,2025-08-11,0.9350,21798500
NTDU,2025-08-18,0.9450,15478200
NTDU,2025-08-25,0.9400,19035600
NTDU,2025-09-01,0.9500,15778200
NTDU,2025-09-08,0.9550,17634800
NTDU,2025-09-15,1.0100,33053900
NTDU,2025-09-22,1.0000,25439300
NTDU,2025-09-29,1.0200,13974263
NTDU,2025-10-06,1.0400,34858715
NTDU,2025-10-13,1.0400,16719000
NTDU,2025-10-20,1.0300,14414300
NTDU,2025-10-27,1.0100,10036900
NTDU,2025-11-03,1.0100,24393000
NTDU,2025-11-10,1.0100,22034500
NTDU,2025-11-17,0.9850,25979100
NTDU,2025-11-24,0.9600,38549400
NTDU,2025-12-01,0.9650,18759100
NTDU,2025-12-08,0.9650,15832319
NTDU,2025-12-15,1.0300,54562400
NTDU,2025-12-22,0.9850,8349000
NTDU,2025-12-29,1.0100,11236700
NTDU,2026-01-05,1.0000,25718600
NTDU,2026-01-12,1.0100,23774700
NTDU,2026-01-19,1.0100,40828400
NTDU,2026-01-26,1.0200,21987900
NTDU,2026-02-02,1.0000,19340385
NTDU,2026-02-09,0.9950,14593472
NTDU,2026-02-16,0.9950,5926800
NTDU,2026-02-23,0.9950,11924800
NTDU,2026-03-02,0.9550,18008900
NTDU,2026-03-09,0.9550,11824600
NTDU,2026-03-16,0.9550,14412400
NTDU,2026-03-23,0.9200,20049800
NTDU,2026-03-30,0.9150,13890500
NTDU,2026-04-06,0.9300,23747500
NTDU,2026-04-13,0.9550,17796200
NTDU,2026-04-20,0.9750,12289700
NTDU,2026-04-27,0.9800,12281000
NTDU,2026-05-04,1.0000,10853600
NTDU,2026-05-11,1.0300,21074340
NTDU,2026-05-18,0.9600,12621500
NTDU,2026-05-25,0.9800,13748300
NTDU,2026-06-01,0.9800,7108200
NTDU,2026-06-08,0.9700,6206500
NTDU,2026-06-15,0.9500,5968900
NTDU,2026-06-22,0.9350,5063100
NTDU,2026-06-29,0.9400,4069600
O39,2023-07-03,12.0500,20505200
O39,2023-07-10,12.3700,20463200
O39,2023-07-17,12.6900,19841650
O39,2023-07-24,13.2200,41907700
O39,2023-07-31,12.9400,35261600
O39,2023-08-07,13.0800,22050300
O39,2023-08-14,12.2700,25408600
O39,2023-08-21,12.3600,20207800
O39,2023-08-28,12.5500,18390200
O39,2023-09-04,12.4300,17616600
O39,2023-09-11,12.9000,25097400
O39,2023-09-18,12.6100,21619670
O39,2023-09-25,12.8100,22616472
O39,2023-10-02,12.8500,21927600
O39,2023-10-09,12.9800,23887000
O39,2023-10-16,12.7900,19972700
O39,2023-10-23,12.7600,18051357
O39,2023-10-30,13.0100,22846200
O39,2023-11-06,12.9700,23484814
O39,2023-11-13,12.9700,16956300
O39,2023-11-20,12.6700,14845800
O39,2023-11-27,12.6400,25713400
O39,2023-12-04,12.6500,16783200
O39,2023-12-11,12.3700,32070700
O39,2024-01-01,12.8100,13486100
O39,2024-01-08,12.8800,15735500
O39,2024-01-15,12.9100,19843700
O39,2024-01-22,12.9800,20484000
O39,2024-01-29,13.0000,22260237
O39,2024-02-05,12.9500,26365700
O39,2024-02-12,13.2600,26509000
O39,2024-02-19,13.3700,25903700
O39,2024-02-26,12.9900,41657605
O39,2024-03-04,13.1800,27361400
O39,2024-03-11,13.3200,33894700
O39,2024-03-18,13.6000,25558674
O39,2024-03-25,13.4900,28735900
O39,2024-04-01,13.7400,19121500
O39,2024-04-08,13.7700,17788100
O39,2024-04-15,13.6900,29505600
O39,2024-04-22,14.2700,39619600
O39,2024-04-29,14.2800,22458500
O39,2024-05-06,14.1200,32174900
O39,2024-05-13,14.4400,31403600
O39,2024-05-20,14.4500,14540300
O39,2024-05-27,14.5100,31375400
O39,2024-06-03,14.2700,22117000
O39,2024-06-10,14.1400,19593600
O39,2024-06-17,14.1600,16117334
O39,2024-06-24,14.4300,24851100
O39,2024-07-01,15.0000,31775600
O39,2024-07-08,15.2800,24815700
O39,2024-07-15,14.9700,24743700
O39,2024-07-22,14.7700,28821000
O39,2024-07-29,14.8000,28954082
O39,2024-08-05,14.2300,52879613
O39,2024-08-12,14.3100,35065900
O39,2024-08-19,14.3800,21685300
O39,2024-08-26,14.5500,21238700
O39,2024-09-02,14.6300,25117937
O39,2024-09-09,15.2800,48246200
O39,2024-09-16,15.4700,27358200
O39,2024-09-23,15.1100,33081600
O39,2024-09-30,14.8900,24133400
O39,2024-10-07,14.9700,23250479
O39,2024-10-14,15.4000,27640400
O39,2024-10-21,15.3200,21631455
O39,2024-10-28,15.1800,20567800
O39,2024-11-04,16.0600,42413500
O39,2024-11-11,16.4400,34011500
O39,2024-11-18,16.4600,18624657
O39,2024-11-25,16.2800,40268823
O39,2024-12-02,16.4000,29116600
O39,2024-12-09,16.7600,23123800
O39,2024-12-16,16.3900,24951137
O39,2024-12-23,16.5200,8044700
O39,2024-12-30,16.5700,11728500
O39,2025-01-06,17.1000,30538127
O39,2025-01-13,17.1200,23001100
O39,2025-01-20,17.0700,17599806
O39,2025-01-27,17.4000,14593800
O39,2025-02-03,17.3300,19083500
O39,2025-02-10,17.4000,25276580
O39,2025-02-17,17.7300,29163000
O39,2025-02-24,17.2100,47736357
O39,2025-03-03,17.1600,26874242
O39,2025-03-10,16.4800,47811100
O39,2025-03-17,16.9800,32026600
O39,2025-03-24,17.3000,31028111
O39,2025-03-31,16.6200,31951900
O39,2025-04-07,15.0100,92121500
O39,2025-04-14,15.9800,36537700
O39,2025-04-21,15.9000,41904600
O39,2025-04-28,16.1700,26614600
O39,2025-05-05,16.2300,28634900
O39,2025-05-12,16.3200,24619300
O39,2025-05-19,16.2900,23355100
O39,2025-05-26,16.2300,27671200
O39,2025-06-02,16.2800,24174070
O39,2025-06-09,16.0600,28513600
O39,2025-06-16,15.9000,32104300
O39,2025-06-23,16.3500,28115212
O39,2025-06-30,16.4800,18350900
O39,2025-07-07,16.8900,26797400
O39,2025-07-14,17.3300,28764982
O39,2025-07-21,17.1800,25643800
O39,2025-07-28,16.7900,32333700
O39,2025-08-04,16.7900,29275000
O39,2025-08-11,16.9000,27806900
O39,2025-08-18,16.9100,26646300
O39,2025-08-25,16.7400,23327094
O39,2025-09-01,16.8500,22437400
O39,2025-09-08,16.8500,24139400
O39,2025-09-15,16.4600,30831800
O39,2025-09-22,16.2500,25508198
O39,2025-09-29,16.8300,29618790
O39,2025-10-06,16.8800,16056200
O39,2025-10-13,16.7300,22492000
O39,2025-10-20,16.7700,13684217
O39,2025-10-27,17.0300,26749196
O39,2025-11-03,17.7800,49162678
O39,2025-11-10,18.5200,43928959
O39,2025-11-17,18.0700,26213200
O39,2025-11-24,18.5000,31545000
O39,2025-12-01,18.9200,21765000
O39,2025-12-08,19.2000,17904792
O39,2025-12-15,19.5500,19522943
O39,2025-12-22,19.8100,13187100
O39,2025-12-29,19.8500,10585054
O39,2026-01-05,19.8000,26216000
O39,2026-01-12,20.4400,23359300
O39,2026-01-19,21.2900,25705900
O39,2026-01-26,21.2300,25201500
O39,2026-02-02,21.2300,21877200
O39,2026-02-09,21.1100,26265000
O39,2026-02-16,21.7200,12741800
O39,2026-02-23,21.4300,43498676
O39,2026-03-02,20.8200,43073702
O39,2026-03-09,20.6300,28737000
O39,2026-03-16,21.3700,29934758
O39,2026-03-23,21.5700,28409900
O39,2026-03-30,22.3800,34126824
O39,2026-04-06,22.4700,31207373
O39,2026-04-13,22.7200,31503200
O39,2026-04-20,21.7100,33915379
O39,2026-04-27,21.9000,22533179
O39,2026-05-04,21.9200,32360100
O39,2026-05-11,22.9300,42082300
O39,2026-05-18,23.5300,26391200
O39,2026-05-25,23.4000,30937900
O39,2026-06-01,23.9400,33631408
O39,2026-06-08,23.5000,37772400
O39,2026-06-15,24.6300,38194620
O39,2026-06-22,24.8600,23034344
O39,2026-06-29,25.3100,22316852
O39,2026-07-06,27.4300,34105700
O39,2026-07-13,28.5600,33808500
O39,2026-07-20,29.0900,33969404
O39,2026-07-27,29.1300,32460290
O39,2026-08-03,30.3000,36440700
O39,2026-08-10,31.7900,34711284
O39,2026-08-17,30.9800,31976900
O39,2026-08-24,31.0700,22911900
O5RU,2023-07-03,1.2200,10385500
O5RU,2023-07-10,1.2300,3091600
O5RU,2023-07-17,1.2400,2513200
O5RU,2023-07-24,1.2400,3289500
O5RU,2023-07-31,1.2300,4215300
O5RU,2023-08-07,1.2300,2848800
O5RU,2023-08-14,1.2200,3845600
O5RU,2023-08-21,1.2400,4381100
O5RU,2023-08-28,1.2600,7580700
O5RU,2023-09-04,1.2700,10004100
O5RU,2023-09-11,1.3000,18273600
O5RU,2023-09-18,1.2900,10948900
O5RU,2023-09-25,1.3000,6081400
O5RU,2023-10-02,1.2900,8670200
O5RU,2023-10-09,1.3000,3656800
O5RU,2023-10-16,1.2500,5779700
O5RU,2023-10-23,1.1900,11148300
O5RU,2023-10-30,1.2500,7187700
O5RU,2023-11-06,1.2400,4029200
O5RU,2023-11-13,1.2800,4667200
O5RU,2023-11-20,1.2900,3478500
O5RU,2023-11-27,1.2700,2341400
O5RU,2023-12-04,1.3100,4228400
O5RU,2023-12-11,1.3300,9675300
O5RU,2024-01-01,1.3300,2975400
O5RU,2024-01-08,1.3400,3333900
O5RU,2024-01-15,1.3100,3472300
O5RU,2024-01-22,1.3000,4002000
O5RU,2024-01-29,1.3000,5044700
O5RU,2024-02-05,1.2600,5009000
O5RU,2024-02-12,1.2800,7273200
O5RU,2024-02-19,1.2800,7385900
O5RU,2024-02-26,1.2500,5108900
O5RU,2024-03-04,1.2500,4579600
O5RU,2024-03-11,1.2500,3610200
O5RU,2024-03-18,1.2600,2895400
O5RU,2024-03-25,1.2800,2508800
O5RU,2024-04-01,1.3100,4462200
O5RU,2024-04-08,1.2900,4800400
O5RU,2024-04-15,1.2400,4042900
O5RU,2024-04-22,1.2600,4005400
O5RU,2024-04-29,1.2500,3287900
O5RU,2024-05-06,1.3000,8998200
O5RU,2024-05-13,1.2600,3441700
O5RU,2024-05-20,1.2700,1583500
O5RU,2024-05-27,1.2800,3681400
O5RU,2024-06-03,1.2700,2666100
O5RU,2024-06-10,1.2700,2528900
O5RU,2024-06-17,1.2600,17215800
O5RU,2024-06-24,1.2500,4808900
O5RU,2024-07-01,1.2600,2873400
O5RU,2024-07-08,1.3100,4531900
O5RU,2024-07-15,1.3000,4221200
O5RU,2024-07-22,1.2900,2239400
O5RU,2024-07-29,1.3000,3272000
O5RU,2024-08-05,1.2400,4170500
O5RU,2024-08-12,1.2600,2585700
O5RU,2024-08-19,1.2800,2712100
O5RU,2024-08-26,1.3000,6197900
O5RU,2024-09-02,1.3300,5101488
O5RU,2024-09-09,1.3200,4008500
O5RU,2024-09-16,1.3300,8710300
O5RU,2024-09-23,1.3300,4617600
O5RU,2024-09-30,1.3000,6151900
O5RU,2024-10-07,1.2800,4560000
O5RU,2024-10-14,1.2900,6200800
O5RU,2024-10-21,1.2700,3135900
O5RU,2024-10-28,1.2700,3101100
O5RU,2024-11-04,1.2600,8531000
O5RU,2024-11-11,1.2500,5298200
O5RU,2024-11-18,1.2400,4304400
O5RU,2024-11-25,1.2700,3476200
O5RU,2024-12-02,1.2600,4078000
O5RU,2024-12-09,1.2400,4455400
O5RU,2024-12-16,1.2400,5146900
O5RU,2024-12-23,1.2600,1142400
O5RU,2024-12-30,1.2800,1365000
O5RU,2025-01-06,1.2700,1986000
O5RU,2025-01-13,1.2700,2295700
O5RU,2025-01-20,1.2700,2332800
O5RU,2025-01-27,1.2900,2799400
O5RU,2025-02-03,1.2600,4729100
O5RU,2025-02-10,1.2500,2105800
O5RU,2025-02-17,1.2600,2085400
O5RU,2025-02-24,1.2300,6531800
O5RU,2025-03-03,1.2500,4216400
O5RU,2025-03-10,1.2600,4263900
O5RU,2025-03-17,1.2600,2651300
O5RU,2025-03-24,1.2700,3339700
O5RU,2025-03-31,1.2700,2879500
O5RU,2025-04-07,1.2100,9005000
O5RU,2025-04-14,1.2400,1422700
O5RU,2025-04-21,1.2400,3614500
O5RU,2025-04-28,1.2400,4333800
O5RU,2025-05-05,1.2700,4551500
O5RU,2025-05-12,1.2600,3962600
O5RU,2025-05-19,1.2700,5276700
O5RU,2025-05-26,1.3000,5678400
O5RU,2025-06-02,1.3100,4041500
O5RU,2025-06-09,1.3100,4162600
O5RU,2025-06-16,1.2900,7161500
O5RU,2025-06-23,1.3200,4863400
O5RU,2025-06-30,1.3300,4886300
O5RU,2025-07-07,1.3300,4850300
O5RU,2025-07-14,1.3600,63130098
O5RU,2025-07-21,1.3700,10457700
O5RU,2025-07-28,1.3500,9927300
O5RU,2025-08-04,1.3500,7266700
O5RU,2025-08-11,1.3500,4626100
O5RU,2025-08-18,1.3500,5716500
O5RU,2025-08-25,1.3500,6885000
O5RU,2025-09-01,1.3700,7062000
O5RU,2025-09-08,1.3900,8130300
O5RU,2025-09-15,1.3800,17814400
O5RU,2025-09-22,1.3500,5008996
O5RU,2025-09-29,1.3600,9449500
O5RU,2025-10-06,1.3600,5516600
O5RU,2025-10-13,1.3500,9519900
O5RU,2025-10-20,1.3800,12960000
O5RU,2025-10-27,1.3800,10767900
O5RU,2025-11-03,1.4100,8554600
O5RU,2025-11-10,1.4100,12107340
O5RU,2025-11-17,1.4200,11053100
O5RU,2025-11-24,1.4600,11859700
O5RU,2025-12-01,1.4600,5900000
O5RU,2025-12-08,1.4600,5018700
O5RU,2025-12-15,1.4700,8776000
O5RU,2025-12-22,1.4900,5508800
O5RU,2025-12-29,1.5100,4781000
O5RU,2026-01-05,1.5200,5408200
O5RU,2026-01-12,1.5300,7013400
O5RU,2026-01-19,1.5300,5867000
O5RU,2026-01-26,1.5000,6517400
O5RU,2026-02-02,1.5300,13040900
O5RU,2026-02-09,1.5000,4866700
O5RU,2026-02-16,1.4900,4219000
O5RU,2026-02-23,1.5100,8010500
O5RU,2026-03-02,1.4400,12741000
O5RU,2026-03-09,1.3900,10851000
O5RU,2026-03-16,1.4500,15246100
O5RU,2026-03-23,1.4200,11241200
O5RU,2026-03-30,1.4300,3773400
O5RU,2026-04-06,1.4700,5343700
O5RU,2026-04-13,1.5100,5759300
O5RU,2026-04-20,1.5100,3598800
O5RU,2026-04-27,1.5100,8750500
O5RU,2026-05-04,1.5700,24051200
O5RU,2026-05-11,1.5400,8733600
O5RU,2026-05-18,1.5900,12122300
O5RU,2026-05-25,1.5800,8065100
O5RU,2026-06-01,1.5600,8278400
O5RU,2026-06-08,1.6000,10708700
O5RU,2026-06-15,1.5800,6436300
O5RU,2026-06-22,1.6000,5400500
O5RU,2026-06-29,1.6500,9334100
OU8,2023-07-03,0.4000,3100300
OU8,2023-07-10,0.4000,2228000
OU8,2023-07-17,0.4400,10524500
OU8,2023-07-24,0.4350,6828400
OU8,2023-07-31,0.4450,3963500
OU8,2023-08-07,0.4400,3081600
OU8,2023-08-14,0.4250,2554300
OU8,2023-08-21,0.4150,1204600
OU8,2023-08-28,0.4200,1102300
OU8,2023-09-04,0.4050,443200
OU8,2023-09-11,0.4100,1049100
OU8,2023-09-18,0.4150,948800
OU8,2023-09-25,0.4050,667700
OU8,2023-10-02,0.4000,1178400
OU8,2023-10-09,0.4000,607300
OU8,2023-10-16,0.3850,831700
OU8,2023-10-23,0.3950,1787500
OU8,2023-10-30,0.3900,377700
OU8,2023-11-06,0.3850,795600
OU8,2023-11-13,0.4100,529300
OU8,2023-11-20,0.4100,634700
OU8,2023-11-27,0.4000,519500
OU8,2023-12-04,0.4000,647400
OU8,2023-12-11,0.4000,672400
OU8,2024-01-01,0.4000,132600
OU8,2024-01-08,0.3950,366100
OU8,2024-01-15,0.3850,533900
OU8,2024-01-22,0.3850,636300
OU8,2024-01-29,0.3800,444800
OU8,2024-02-05,0.3900,394800
OU8,2024-02-12,0.4150,1943400
OU8,2024-02-19,0.4250,1079900
OU8,2024-02-26,0.4250,4237500
OU8,2024-03-04,0.4250,2151300
OU8,2024-03-11,0.4250,1019500
OU8,2024-03-18,0.4300,381300
OU8,2024-03-25,0.4250,407000
OU8,2024-04-01,0.4250,221500
OU8,2024-04-08,0.4350,852000
OU8,2024-04-15,0.4600,3628800
OU8,2024-04-22,0.5050,7888600
OU8,2024-04-29,0.5000,810100
OU8,2024-05-06,0.5100,2282000
OU8,2024-05-13,0.5400,3235500
OU8,2024-05-20,0.5450,2289900
OU8,2024-05-27,0.5300,947000
OU8,2024-06-03,0.5650,2345300
OU8,2024-06-10,0.5650,21629200
OU8,2024-06-17,0.5750,936300
OU8,2024-06-24,0.5850,3243700
OU8,2024-07-01,0.5900,1001000
OU8,2024-07-08,0.6000,2545300
OU8,2024-07-15,0.6300,4611000
OU8,2024-07-22,0.6250,1656300
OU8,2024-07-29,0.6400,2524600
OU8,2024-08-05,0.6350,3074700
OU8,2024-08-12,0.6550,5497900
OU8,2024-08-19,0.7000,7809300
OU8,2024-08-26,0.7250,6549100
OU8,2024-09-02,0.7050,3305400
OU8,2024-09-09,0.7150,6102500
OU8,2024-09-16,0.7950,12720900
OU8,2024-09-23,0.7850,5972000
OU8,2024-09-30,0.7850,7940100
OU8,2024-10-07,0.8350,11160800
OU8,2024-10-14,0.8500,7808600
OU8,2024-10-21,0.8400,8037600
OU8,2024-10-28,0.8550,6250100
OU8,2024-11-04,0.8950,7092300
OU8,2024-11-11,0.8950,6887500
OU8,2024-11-18,0.9600,9763900
OU8,2024-11-25,0.9400,5592800
OU8,2024-12-02,0.9950,7431600
OU8,2024-12-09,0.9650,3260800
OU8,2024-12-16,0.9550,6309500
OU8,2024-12-23,0.9450,1058700
OU8,2024-12-30,0.9400,2148600
OU8,2025-01-06,0.9600,6622700
OU8,2025-01-13,0.9950,15089900
OU8,2025-01-20,1.0000,6212900
OU8,2025-01-27,1.0000,2166500
OU8,2025-02-03,0.9850,3923100
OU8,2025-02-10,1.0100,7811300
OU8,2025-02-17,1.0200,7655700
OU8,2025-02-24,0.9900,11659300
OU8,2025-03-03,1.0800,12299000
OU8,2025-03-10,1.0600,8478200
OU8,2025-03-17,1.1200,9530100
OU8,2025-03-24,1.2500,10004200
OU8,2025-03-31,1.1900,6643900
OU8,2025-04-07,1.1200,15516100
OU8,2025-04-14,1.2000,8427500
OU8,2025-04-21,1.2500,6318600
OU8,2025-04-28,1.2300,5077200
OU8,2025-05-05,1.2400,5426000
OU8,2025-05-12,1.3200,8982000
OU8,2025-05-19,1.3400,8573800
OU8,2025-05-26,1.4600,11008500
OU8,2025-06-02,1.4800,8370900
OU8,2025-06-09,1.4900,9879300
OU8,2025-06-16,1.5600,5437900
OU8,2025-06-23,1.6700,15239000
OU8,2025-06-30,1.7500,6828700
OU8,2025-07-07,1.7600,5287300
OU8,2025-07-14,1.7300,12439200
OU8,2025-07-21,1.7900,15438600
OU8,2025-07-28,1.7500,6013300
OU8,2025-08-04,1.6900,12189900
OU8,2025-08-11,1.7300,8646700
OU8,2025-08-18,1.7400,6537900
OU8,2025-08-25,1.7600,18117000
OU8,2025-09-01,1.7400,7317100
OU8,2025-09-08,1.7400,14346100
OU8,2025-09-15,1.6500,14313800
OU8,2025-09-22,1.4800,17492700
OU8,2025-09-29,1.5200,12615400
OU8,2025-10-06,1.4800,10399100
OU8,2025-10-13,1.4000,11126000
OU8,2025-10-20,1.4600,6745300
OU8,2025-10-27,1.4200,6028300
OU8,2025-11-03,1.3900,7913800
OU8,2025-11-10,1.3800,8196800
OU8,2025-11-17,1.3700,5398400
OU8,2025-11-24,1.3600,3795200
OU8,2025-12-01,1.3200,6095300
OU8,2025-12-08,1.2800,5078800
OU8,2025-12-15,1.3100,5499100
OU8,2025-12-22,1.3400,3949400
OU8,2025-12-29,1.3700,3474700
OU8,2026-01-05,1.3600,4755300
OU8,2026-01-12,1.4300,9485300
OU8,2026-01-19,1.5100,11188400
OU8,2026-01-26,1.5200,5493100
OU8,2026-02-02,1.4700,4562200
OU8,2026-02-09,1.5200,7407200
OU8,2026-02-16,1.5700,4688600
OU8,2026-02-23,1.5600,9619300
OU8,2026-03-02,1.4400,14584400
OU8,2026-03-09,1.4400,8135900
OU8,2026-03-16,1.4800,5778300
OU8,2026-03-23,1.4700,5945300
OU8,2026-03-30,1.4600,2170300
OU8,2026-04-06,1.6700,7315000
OU8,2026-04-13,1.6800,5709700
OU8,2026-04-20,1.6500,3490300
OU8,2026-04-27,1.6400,2464100
OU8,2026-05-04,1.6500,3079900
OU8,2026-05-11,1.5200,10850900
OU8,2026-05-18,1.4700,4363000
OU8,2026-05-25,1.4900,2465500
OU8,2026-06-01,1.4500,2796900
OU8,2026-06-08,1.4500,3274900
OU8,2026-06-15,1.5000,2716000
OU8,2026-06-22,1.4500,2472000
OU8,2026-06-29,1.4700,1723900
OV8,2023-07-03,1.6100,5427400
OV8,2023-07-10,1.6300,8579300
OV8,2023-07-17,1.6100,3777100
OV8,2023-07-24,1.6400,6509900
OV8,2023-07-31,1.6100,11494100
OV8,2023-08-07,1.6100,7623100
OV8,2023-08-14,1.5700,8593100
OV8,2023-08-21,1.5500,10348300
OV8,2023-08-28,1.5200,6346900
OV8,2023-09-04,1.5400,5002300
OV8,2023-09-11,1.5400,9104300
OV8,2023-09-18,1.5200,6907900
OV8,2023-09-25,1.5200,8925100
OV8,2023-10-02,1.5100,6399700
OV8,2023-10-09,1.5000,7761300
OV8,2023-10-16,1.4800,9694700
OV8,2023-10-23,1.4700,9805000
OV8,2023-10-30,1.5700,13701600
OV8,2023-11-06,1.5800,9351900
OV8,2023-11-13,1.5700,5314100
OV8,2023-11-20,1.6000,8235500
OV8,2023-11-27,1.5700,6329800
OV8,2023-12-04,1.5800,8480100
OV8,2023-12-11,1.5600,15156200
OV8,2024-01-01,1.5700,6840900
OV8,2024-01-08,1.5700,5684400
OV8,2024-01-15,1.5700,4732200
OV8,2024-01-22,1.5600,6228000
OV8,2024-01-29,1.5600,5255500
OV8,2024-02-05,1.5400,4883200
OV8,2024-02-12,1.5600,5391300
OV8,2024-02-19,1.5700,4828700
OV8,2024-02-26,1.5400,9427400
OV8,2024-03-04,1.5000,8509100
OV8,2024-03-11,1.5100,9735900
OV8,2024-03-18,1.5100,8541100
OV8,2024-03-25,1.5300,6545300
OV8,2024-04-01,1.5300,3316600
OV8,2024-04-08,1.5300,4098700
OV8,2024-04-15,1.5000,7330200
OV8,2024-04-22,1.5300,7348600
OV8,2024-04-29,1.5200,7163600
OV8,2024-05-06,1.5000,6504400
OV8,2024-05-13,1.5000,8305900
OV8,2024-05-20,1.5000,7316400
OV8,2024-05-27,1.4900,5600800
OV8,2024-06-03,1.5200,6290700
OV8,2024-06-10,1.5100,3068300
OV8,2024-06-17,1.4900,4319200
OV8,2024-06-24,1.4900,4848900
OV8,2024-07-01,1.4900,11328900
OV8,2024-07-08,1.4900,7412300
OV8,2024-07-15,1.4700,8402000
OV8,2024-07-22,1.5000,11220100
OV8,2024-07-29,1.5300,11357900
OV8,2024-08-05,1.5400,17787800
OV8,2024-08-12,1.5200,10545200
OV8,2024-08-19,1.5100,5385500
OV8,2024-08-26,1.5100,7174700
OV8,2024-09-02,1.5000,7164900
OV8,2024-09-09,1.5000,4549400
OV8,2024-09-16,1.5100,3293300
OV8,2024-09-23,1.5000,6333800
OV8,2024-09-30,1.5400,13558000
OV8,2024-10-07,1.5800,12762900
OV8,2024-10-14,1.5900,8553900
OV8,2024-10-21,1.5800,9386800
OV8,2024-10-28,1.6000,7271700
OV8,2024-11-04,1.6500,16564700
OV8,2024-11-11,1.6300,9493800
OV8,2024-11-18,1.6500,8269900
OV8,2024-11-25,1.6500,5259200
OV8,2024-12-02,1.6400,13989000
OV8,2024-12-09,1.6400,4426300
OV8,2024-12-16,1.6300,6412500
OV8,2024-12-23,1.6500,2072300
OV8,2024-12-30,1.6500,3519300
OV8,2025-01-06,1.6400,5071100
OV8,2025-01-13,1.6200,7417900
OV8,2025-01-20,1.6300,4420100
OV8,2025-01-27,1.6300,2943900
OV8,2025-02-03,1.6400,4341800
OV8,2025-02-10,1.6400,8920100
OV8,2025-02-17,1.6400,10306900
OV8,2025-02-24,1.6400,10551200
OV8,2025-03-03,1.6400,5413300
OV8,2025-03-10,1.6300,8111900
OV8,2025-03-17,1.6400,5088700
OV8,2025-03-24,1.6400,4758600
OV8,2025-03-31,1.6500,4538100
OV8,2025-04-07,1.6500,15148800
OV8,2025-04-14,1.6700,13573500
OV8,2025-04-21,1.7600,25667400
OV8,2025-04-28,1.7600,18241900
OV8,2025-05-05,1.8600,23105700
OV8,2025-05-12,1.8300,15378900
OV8,2025-05-19,1.8100,9994700
OV8,2025-05-26,1.8100,10025200
OV8,2025-06-02,1.8500,7582200
OV8,2025-06-09,1.8600,10663300
OV8,2025-06-16,1.8900,13499200
OV8,2025-06-23,1.8700,7812500
OV8,2025-06-30,1.9700,15666300
OV8,2025-07-07,2.0100,16312700
OV8,2025-07-14,2.0800,11512600
OV8,2025-07-21,2.1400,27776600
OV8,2025-07-28,2.0900,23812700
OV8,2025-08-04,2.1000,15214000
OV8,2025-08-11,2.0900,8153300
OV8,2025-08-18,2.0600,9498100
OV8,2025-08-25,2.0300,9015300
OV8,2025-09-01,2.0300,7055700
OV8,2025-09-08,2.0900,8655100
OV8,2025-09-15,2.1100,11890200
OV8,2025-09-22,2.0800,10174600
OV8,2025-09-29,2.1200,13115200
OV8,2025-10-06,2.1400,11513600
OV8,2025-10-13,2.1400,10834400
OV8,2025-10-20,2.3000,16127900
OV8,2025-10-27,2.3200,11970000
OV8,2025-11-03,2.5600,36065800
OV8,2025-11-10,2.6800,28549200
OV8,2025-11-17,2.6700,14708400
OV8,2025-11-24,2.7200,11922900
OV8,2025-12-01,2.6600,20916400
OV8,2025-12-08,2.6100,15998600
OV8,2025-12-15,2.5900,13349800
OV8,2025-12-22,2.6100,6144000
OV8,2025-12-29,2.6300,3598200
OV8,2026-01-05,2.6600,9241500
OV8,2026-01-12,2.7100,11733300
OV8,2026-01-19,2.7500,11937100
OV8,2026-01-26,2.7200,9620000
OV8,2026-02-02,2.9000,17256400
OV8,2026-02-09,2.6800,40801600
OV8,2026-02-16,2.6800,12910500
OV8,2026-02-23,2.6300,17187300
OV8,2026-03-02,2.5900,38099200
OV8,2026-03-09,2.5800,19651000
OV8,2026-03-16,2.6700,15342200
OV8,2026-03-23,2.7600,24792600
OV8,2026-03-30,2.8800,17235400
OV8,2026-04-06,3.0900,33416500
OV8,2026-04-13,3.0500,17401700
OV8,2026-04-20,3.0200,11822900
OV8,2026-04-27,3.0300,8437700
OV8,2026-05-04,3.0900,23487100
OV8,2026-05-11,3.0500,15410300
OV8,2026-05-18,3.1000,14937800
OV8,2026-05-25,3.0500,10484500
OV8,2026-06-01,3.0200,9394200
OV8,2026-06-08,3.1700,20889300
OV8,2026-06-15,3.2600,20615300
OV8,2026-06-22,3.2200,11283500
OV8,2026-06-29,3.3100,20437000
OV8,2026-07-20,3.2600,10469000
OV8,2026-08-03,3.2500,18540700
OV8,2026-08-10,3.2100,15130800
OXMU,2023-07-03,0.2000,10368820
OXMU,2023-07-10,0.1955,9447680
OXMU,2023-07-17,0.1509,47462360
OXMU,2023-07-24,0.1745,27893140
OXMU,2023-07-31,0.1709,14467420
OXMU,2023-08-07,0.1745,19128120
OXMU,2023-08-14,0.1436,16566110
OXMU,2023-08-21,0.1282,11171820
OXMU,2023-08-28,0.1255,7675580
OXMU,2023-09-04,0.1209,9904290
OXMU,2023-09-11,0.1209,9388060
OXMU,2023-09-18,0.1182,4019730
OXMU,2023-09-25,0.1255,13380510
OXMU,2023-10-02,0.1118,18159680
OXMU,2023-10-09,0.1064,12658140
OXMU,2023-10-16,0.0973,9506420
OXMU,2023-10-23,0.0818,24216500
OXMU,2023-10-30,0.1027,30462740
OXMU,2023-11-06,0.1164,57005850
OXMU,2023-11-13,0.1464,30413020
OXMU,2023-11-20,0.1645,51190040
OXMU,2023-11-27,0.1245,54977670
OXMU,2023-12-04,0.1673,64996250
OXMU,2023-12-11,0.1818,54106250
OXMU,2024-01-01,0.1955,16921520
OXMU,2024-01-08,0.2045,18927920
OXMU,2024-01-15,0.1782,18363510
OXMU,2024-01-22,0.1691,13904770
OXMU,2024-01-29,0.1482,14755290
OXMU,2024-02-05,0.1455,8027800
OXMU,2024-02-12,0.1082,60859150
OXMU,2024-02-19,0.1164,78635150
OXMU,2024-02-26,0.1140,30373250
OXMU,2024-03-04,0.1270,32656600
OXMU,2024-03-11,0.1320,42016700
OXMU,2024-03-18,0.1280,32966800
OXMU,2024-03-25,0.1360,38395400
OXMU,2024-04-01,0.1280,30509500
OXMU,2024-04-08,0.1230,20855600
OXMU,2024-04-15,0.1110,17207600
OXMU,2024-04-22,0.1160,19715700
OXMU,2024-04-29,0.1120,10671500
OXMU,2024-05-06,0.1110,13050400
OXMU,2024-05-13,0.1200,24170200
OXMU,2024-05-20,0.1210,23777600
OXMU,2024-05-27,0.1180,9921200
OXMU,2024-06-03,0.1190,18511200
OXMU,2024-06-10,0.1170,12393900
OXMU,2024-06-17,0.1150,5489000
OXMU,2024-06-24,0.1170,3650400
OXMU,2024-07-01,0.1120,6731700
OXMU,2024-07-08,0.1290,34282700
OXMU,2024-07-15,0.1570,67893700
OXMU,2024-07-22,0.1860,58878700
OXMU,2024-07-29,0.1790,51860400
OXMU,2024-08-05,0.1690,66783100
OXMU,2024-08-12,0.1820,65500700
OXMU,2024-08-19,0.1770,40121400
OXMU,2024-08-26,0.1910,54283100
OXMU,2024-09-02,0.1840,39488500
OXMU,2024-09-09,0.1910,30951800
OXMU,2024-09-16,0.1920,70941700
OXMU,2024-09-23,0.1890,42368600
OXMU,2024-09-30,0.1760,34780200
OXMU,2024-10-07,0.1790,34236400
OXMU,2024-10-14,0.1780,24657800
OXMU,2024-10-21,0.1790,18390600
OXMU,2024-10-28,0.1760,8148400
OXMU,2024-11-04,0.1640,15265500
OXMU,2024-11-11,0.1530,13934000
OXMU,2024-11-18,0.1670,24545100
OXMU,2024-11-25,0.1650,11598900
OXMU,2024-12-02,0.1780,24025100
OXMU,2024-12-09,0.1760,10306800
OXMU,2024-12-16,0.1700,26716900
OXMU,2024-12-23,0.1730,4437200
OXMU,2024-12-30,0.1750,7533100
OXMU,2025-01-06,0.1660,9017200
OXMU,2025-01-13,0.1680,8627200
OXMU,2025-01-20,0.1860,39376700
OXMU,2025-01-27,0.1800,10845000
OXMU,2025-02-03,0.1770,21035000
OXMU,2025-02-10,0.1700,27781300
OXMU,2025-02-17,0.1580,31598500
OXMU,2025-02-24,0.1400,20115900
OXMU,2025-03-03,0.1400,19555300
OXMU,2025-03-10,0.1360,21903200
OXMU,2025-03-17,0.1460,23889100
OXMU,2025-03-24,0.1490,13961300
OXMU,2025-03-31,0.1350,5797600
OXMU,2025-04-07,0.1200,21055500
OXMU,2025-04-14,0.1210,5869100
OXMU,2025-04-21,0.1350,18010800
OXMU,2025-04-28,0.1420,9772800
OXMU,2025-05-05,0.1420,5553400
OXMU,2025-05-12,0.1410,5364900
OXMU,2025-05-19,0.1370,3258800
OXMU,2025-05-26,0.1360,3750700
OXMU,2025-06-02,0.1420,4804700
OXMU,2025-06-09,0.1460,6545500
OXMU,2025-06-16,0.1390,6591100
OXMU,2025-06-23,0.1630,18681500
OYY,2025-06-30,1.1000,4926800
OYY,2025-07-07,1.2100,9988600
OYY,2025-07-14,1.3400,13377500
OYY,2025-07-21,1.4300,9776700
OYY,2025-07-28,1.4300,9207700
OYY,2025-08-04,1.4800,10739300
OYY,2025-08-11,2.0300,29143100
OYY,2025-08-18,2.2500,19450800
OYY,2025-08-25,2.4000,12232300
OYY,2025-09-01,2.3100,9525000
OYY,2025-09-08,2.3700,6754400
OYY,2025-09-15,2.4400,6303300
OYY,2025-09-22,2.2900,4899500
OYY,2025-09-29,2.3400,5542200
OYY,2025-10-06,2.5900,9523800
OYY,2025-10-13,2.2700,7565800
OYY,2025-10-20,2.3400,2860200
OYY,2025-10-27,2.2400,3827900
OYY,2025-11-03,2.3300,9310600
OYY,2025-11-10,2.2800,4683300
OYY,2025-11-17,2.1500,6212600
OYY,2025-11-24,2.0000,12525600
OYY,2025-12-01,1.9200,7050500
OYY,2025-12-08,1.9200,3759600
OYY,2025-12-15,1.9000,3404400
OYY,2025-12-22,1.8800,1941500
OYY,2025-12-29,1.9000,2313100
OYY,2026-01-05,2.0700,10249700
OYY,2026-01-12,2.1400,8450300
OYY,2026-01-19,2.1400,5078700
OYY,2026-01-26,2.1900,7983700
OYY,2026-02-02,2.1100,5191700
OYY,2026-02-09,2.1400,6109200
OYY,2026-02-16,2.3200,6855900
OYY,2026-02-23,2.0400,16211300
OYY,2026-03-02,1.7600,22880100
OYY,2026-03-09,1.6700,11447800
OYY,2026-03-16,1.6900,8024300
OYY,2026-03-23,1.6700,7486700
OYY,2026-03-30,1.7000,4069500
OYY,2026-04-06,1.7700,6302000
OYY,2026-04-13,1.8100,7025800
OYY,2026-04-20,1.8300,4831100
OYY,2026-04-27,1.7500,2507400
OYY,2026-05-04,1.8100,3590800
OYY,2026-05-11,1.8300,7330400
OYY,2026-05-18,1.8300,4354100
OYY,2026-05-25,1.7900,7363900
OYY,2026-06-01,1.7900,3124700
OYY,2026-06-08,1.7800,3644600
OYY,2026-06-15,1.9300,10753200
OYY,2026-06-22,1.8600,4343500
OYY,2026-06-29,1.8600,1788400
P34,2023-07-03,1.2700,2238600
P34,2023-07-10,1.3100,3329200
P34,2023-07-17,1.3300,3660500
P34,2023-07-24,1.2900,2638400
P34,2023-07-31,1.2600,4187700
P34,2023-08-07,1.3200,7773700
P34,2023-08-14,1.2500,3881100
P34,2023-08-21,1.1900,1680900
P34,2023-08-28,1.2500,1849700
P34,2023-09-04,1.2000,2473500
P34,2023-09-11,1.2300,2746800
P34,2023-09-18,1.2400,2188700
P34,2023-09-25,1.2700,1188000
P34,2023-10-02,1.2100,2204400
P34,2023-10-09,1.2100,1225200
P34,2023-10-16,1.1700,1952200
P34,2023-10-23,1.1900,1316200
P34,2023-10-30,1.2600,2168000
P34,2023-11-06,1.2700,3134000
P34,2023-11-13,1.1800,3450500
P34,2023-11-20,1.1800,2204400
P34,2023-11-27,1.1200,3522500
P34,2023-12-04,1.1500,3041500
P34,2023-12-11,1.0800,2717900
P34,2024-01-01,1.1100,1088800
P34,2024-01-08,1.1200,1971800
P34,2024-01-15,1.0800,1958200
P34,2024-01-22,1.1100,1877700
P34,2024-01-29,1.1200,1416600
P34,2024-02-05,1.1100,1054600
P34,2024-02-12,1.0600,3112200
P34,2024-02-19,1.0500,2564400
P34,2024-02-26,0.9650,4576600
P34,2024-03-04,0.9050,5452200
P34,2024-03-11,0.9050,3710800
P34,2024-03-18,0.9000,3529300
P34,2024-03-25,0.9000,5318500
P34,2024-04-01,0.9300,5270500
P34,2024-04-08,0.9250,2913000
P34,2024-04-15,0.8950,5453000
P34,2024-04-22,0.8950,5013100
P34,2024-04-29,0.8850,3125700
P34,2024-05-06,0.8700,2388100
P34,2024-05-13,0.8750,1664700
P34,2024-05-20,0.8850,4915700
P34,2024-05-27,0.8550,3005000
P34,2024-06-03,0.8750,1572600
P34,2024-06-10,0.8800,1029400
P34,2024-06-17,0.8700,571300
P34,2024-06-24,0.8650,697300
P34,2024-07-01,0.8700,3100400
P34,2024-07-08,0.8750,840500
P34,2024-07-15,0.8350,3217600
P34,2024-07-22,0.8250,2664700
P34,2024-07-29,0.8550,1193400
P34,2024-08-05,0.8450,1882400
P34,2024-08-12,0.8150,2006100
P34,2024-08-19,0.8050,4727500
P34,2024-08-26,0.8050,3497200
P34,2024-09-02,0.8050,2026000
P34,2024-09-09,0.7900,2462500
P34,2024-09-16,0.8400,4670900
P34,2024-09-23,0.8550,2418100
P34,2024-09-30,0.8650,2637400
P34,2024-10-07,0.8400,2379800
P34,2024-10-14,0.8650,1355500
P34,2024-10-21,0.8650,991300
P34,2024-10-28,0.8700,1855000
P34,2024-11-04,0.8650,1687900
P34,2024-11-11,0.8150,2068300
P34,2024-11-18,0.8150,1379700
P34,2024-11-25,0.8150,671000
P34,2024-12-02,0.8050,658300
P34,2024-12-09,0.7950,1052100
P34,2024-12-16,0.7800,2231900
P34,2024-12-23,0.8000,671400
P34,2024-12-30,0.7850,712100
P34,2025-01-06,0.7750,544200
P34,2025-01-13,0.7650,1293600
P34,2025-01-20,0.7500,1599000
P34,2025-01-27,0.7500,469400
P34,2025-02-03,0.7350,2519200
P34,2025-02-10,0.7500,1599800
P34,2025-02-17,0.7350,3673400
P34,2025-02-24,0.7300,3790200
P34,2025-03-03,0.7550,3119600
P34,2025-03-10,0.7600,1818100
P34,2025-03-17,0.7600,3749800
P34,2025-03-24,0.7700,871500
P34,2025-03-31,0.7450,670900
P34,2025-04-07,0.6900,3166100
P34,2025-04-14,0.7050,1485300
P34,2025-04-21,0.7150,1034800
P34,2025-04-28,0.7250,463900
P34,2025-05-05,0.7250,402400
P34,2025-05-12,0.7200,654200
P34,2025-05-19,0.7100,621100
P34,2025-05-26,0.7300,413800
P34,2025-06-02,0.7550,4194700
P34,2025-06-09,0.7500,2987900
P34,2025-06-16,0.7150,1496700
P34,2025-06-23,0.7550,1716200
P40U,2023-07-03,0.5100,5658064
P40U,2023-07-10,0.5200,5628300
P40U,2023-07-17,0.5100,6097700
P40U,2023-07-24,0.5200,6080000
P40U,2023-07-31,0.4950,10909000
P40U,2023-08-07,0.5000,7883700
P40U,2023-08-14,0.4900,8977200
P40U,2023-08-21,0.4850,7471400
P40U,2023-08-28,0.4850,7812700
P40U,2023-09-04,0.4900,5381100
P40U,2023-09-11,0.4850,9257100
P40U,2023-09-18,0.4850,21464400
P40U,2023-09-25,0.4850,9238000
P40U,2023-10-02,0.4850,8001800
P40U,2023-10-09,0.4850,4183500
P40U,2023-10-16,0.4800,8059300
P40U,2023-10-23,0.4500,10559200
P40U,2023-10-30,0.4800,10467200
P40U,2023-11-06,0.4700,3756700
P40U,2023-11-13,0.4900,5301900
P40U,2023-11-20,0.4900,2638200
P40U,2023-11-27,0.4950,2660800
P40U,2023-12-04,0.5250,9239000
P40U,2023-12-11,0.5250,11963000
P40U,2024-01-01,0.5250,3655200
P40U,2024-01-08,0.5200,5567900
P40U,2024-01-15,0.5050,9472200
P40U,2024-01-22,0.5050,9679500
P40U,2024-01-29,0.5100,5741500
P40U,2024-02-05,0.4850,8384100
P40U,2024-02-12,0.4850,6306000
P40U,2024-02-19,0.4750,10007200
P40U,2024-02-26,0.4800,4799500
P40U,2024-03-04,0.4750,3786500
P40U,2024-03-11,0.4800,6270400
P40U,2024-03-18,0.4750,7260800
P40U,2024-03-25,0.4800,11874000
P40U,2024-04-01,0.4800,8060800
P40U,2024-04-08,0.4800,6664000
P40U,2024-04-15,0.4650,7783000
P40U,2024-04-22,0.4750,5541100
P40U,2024-04-29,0.4700,3166800
P40U,2024-05-06,0.4750,5099800
P40U,2024-05-13,0.4750,14185500
P40U,2024-05-20,0.4750,4907800
P40U,2024-05-27,0.4800,5103700
P40U,2024-06-03,0.4850,3209400
P40U,2024-06-10,0.4800,2314300
P40U,2024-06-17,0.4800,6883600
P40U,2024-06-24,0.4850,2966700
P40U,2024-07-01,0.4800,4570000
P40U,2024-07-08,0.4950,9820800
P40U,2024-07-15,0.5000,6864900
P40U,2024-07-22,0.4900,4844400
P40U,2024-07-29,0.4950,7705700
P40U,2024-08-05,0.4700,8566300
P40U,2024-08-12,0.4750,6360600
P40U,2024-08-19,0.4900,4808800
P40U,2024-08-26,0.5100,11648000
P40U,2024-09-02,0.5100,10728176
P40U,2024-09-09,0.5200,6687800
P40U,2024-09-16,0.5300,19510100
P40U,2024-09-23,0.5350,22006900
P40U,2024-09-30,0.5400,9271700
P40U,2024-10-07,0.5350,11612200
P40U,2024-10-14,0.5300,2853100
P40U,2024-10-21,0.5100,7283200
P40U,2024-10-28,0.5050,5341200
P40U,2024-11-04,0.4950,11012900
P40U,2024-11-11,0.4950,4421200
P40U,2024-11-18,0.4950,4330500
P40U,2024-11-25,0.5000,7541729
P40U,2024-12-02,0.4950,5146300
P40U,2024-12-09,0.4950,8331900
P40U,2024-12-16,0.4850,9886600
P40U,2024-12-23,0.5000,4160900
P40U,2024-12-30,0.5100,2668500
P40U,2025-01-06,0.4950,3533500
P40U,2025-01-13,0.5000,4426800
P40U,2025-01-20,0.5050,5733700
P40U,2025-01-27,0.5100,4487300
P40U,2025-02-03,0.4850,5278700
P40U,2025-02-10,0.4900,8148700
P40U,2025-02-17,0.4850,7448700
P40U,2025-02-24,0.4850,7204100
P40U,2025-03-03,0.4850,5362700
P40U,2025-03-10,0.5000,6876200
P40U,2025-03-17,0.5050,8153100
P40U,2025-03-24,0.5000,7123200
P40U,2025-03-31,0.5000,7491700
P40U,2025-04-07,0.4750,22271300
P40U,2025-04-14,0.4900,5884000
P40U,2025-04-21,0.4850,5793000
P40U,2025-04-28,0.5000,6092900
P40U,2025-05-05,0.4950,6960600
P40U,2025-05-12,0.5050,7123800
P40U,2025-05-19,0.5050,5340900
P40U,2025-05-26,0.5050,8896700
P40U,2025-06-02,0.5050,5453300
P40U,2025-06-09,0.5050,5905300
P40U,2025-06-16,0.5050,10788500
P40U,2025-06-23,0.5100,6617600
P8Z,2025-06-30,0.7600,2421800
P8Z,2025-07-07,0.7700,3128700
P8Z,2025-07-14,0.8150,3219500
P8Z,2025-07-21,0.8400,4319000
P8Z,2025-07-28,0.8150,2325800
P8Z,2025-08-04,0.8200,2084200
P8Z,2025-08-11,0.9800,25164500
P8Z,2025-08-18,1.0600,27461900
P8Z,2025-08-25,1.1900,14234000
P8Z,2025-09-01,1.1500,9342100
P8Z,2025-09-08,1.1300,9675900
P8Z,2025-09-15,1.1300,8122800
P8Z,2025-09-22,1.1300,10539600
P8Z,2025-09-29,1.1100,7385600
P8Z,2025-10-06,1.2700,22304000
P8Z,2025-10-13,1.2800,10404600
P8Z,2025-10-20,1.4100,16579059
P8Z,2025-10-27,1.4300,17207500
P8Z,2025-11-03,1.4100,16371100
P8Z,2025-11-10,1.3700,30374800
P8Z,2025-11-17,1.5500,22068200
P8Z,2025-11-24,1.4900,17386264
P8Z,2025-12-01,1.3200,20420100
P8Z,2025-12-08,1.3300,9899400
P8Z,2025-12-15,1.3400,8015600
P8Z,2025-12-22,1.3500,5278100
P8Z,2025-12-29,1.3500,2783900
P8Z,2026-01-05,1.3000,7732600
P8Z,2026-01-12,1.2800,10464500
P8Z,2026-01-19,1.3300,11223600
P8Z,2026-01-26,1.4400,9911200
P8Z,2026-02-02,1.4500,7741500
P8Z,2026-02-09,1.4700,7860200
P8Z,2026-02-16,1.4900,2409300
P8Z,2026-02-23,1.3200,13364800
P8Z,2026-03-02,1.4100,13783500
P8Z,2026-03-09,1.5600,14228800
P8Z,2026-03-16,1.6600,16185000
P8Z,2026-03-23,1.7000,14996700
P8Z,2026-03-30,1.8800,16696300
P8Z,2026-04-06,1.9300,18522700
P8Z,2026-04-13,1.8600,10039300
P8Z,2026-04-20,1.9100,9909200
P8Z,2026-04-27,2.0700,16505200
P8Z,2026-05-04,1.8200,12368700
P8Z,2026-05-11,1.9000,8787800
P8Z,2026-05-18,1.6500,13052000
P8Z,2026-05-25,1.5500,8454600
P8Z,2026-06-01,1.5000,6483000
P8Z,2026-06-08,1.6700,10474800
P8Z,2026-06-15,1.7800,12568500
P8Z,2026-06-22,1.6300,5914900
P8Z,2026-06-29,1.7500,5482600
P8Z,2026-08-17,2.1400,23233600
PCT,2025-06-30,1.1300,38800
PCT,2025-07-07,1.1500,125300
PCT,2025-07-14,1.3300,291100
PCT,2025-07-21,1.3400,331200
PCT,2025-07-28,1.2500,130200
PCT,2025-08-04,1.2400,138800
PCT,2025-08-11,1.2200,236200
PCT,2025-08-18,1.2100,761400
PCT,2025-08-25,1.1700,484400
PCT,2025-09-01,1.0900,646900
PCT,2025-09-08,1.1300,549000
PCT,2025-09-15,1.0900,1299700
PCT,2025-09-22,1.0800,850000
PCT,2025-09-29,1.1300,297600
PCT,2025-10-06,1.2100,1199700
PCT,2025-10-13,1.1400,407300
PCT,2025-10-20,1.1300,862600
PCT,2025-10-27,1.0800,918800
PCT,2025-11-03,1.0300,1943500
PCT,2025-11-10,1.0700,728200
PCT,2025-11-17,0.9850,1552000
PCT,2025-11-24,0.9950,861200
PCT,2025-12-01,0.9600,674100
PCT,2025-12-08,0.9050,1391400
PCT,2025-12-15,0.8400,1489200
PCT,2025-12-22,0.9000,1920900
PCT,2025-12-29,0.9400,1325300
PCT,2026-01-05,1.1500,5608800
PCT,2026-01-12,1.1400,3436700
PCT,2026-01-19,1.3900,6132800
PCT,2026-01-26,1.4800,5127800
PCT,2026-02-02,1.3300,3985800
PCT,2026-02-09,1.4100,5155800
PCT,2026-02-16,1.4300,1855000
PCT,2026-02-23,1.3200,11507000
PCT,2026-03-02,1.3100,22766500
PCT,2026-03-09,1.3000,22581900
PCT,2026-03-16,1.4000,21808100
PCT,2026-03-23,1.3400,15901700
PCT,2026-03-30,1.3600,10712900
PCT,2026-04-06,1.5200,16661300
PCT,2026-04-13,1.7000,16820400
PCT,2026-04-20,1.9200,15963900
PCT,2026-04-27,1.9400,11536800
PCT,2026-05-04,2.1000,14681100
PCT,2026-05-11,1.7800,15607800
PCT,2026-05-18,1.9900,17353000
PCT,2026-05-25,2.4000,17705600
PCT,2026-06-01,2.2400,19285500
PCT,2026-06-08,2.4600,15873500
PCT,2026-06-15,2.7100,10223100
PCT,2026-06-22,2.7500,21453200
PCT,2026-06-29,2.7500,22922700
PCT,2026-08-03,2.9200,11859913
PCT,2026-08-17,2.7600,14069200
Q01,2023-07-03,0.8150,229500
Q01,2023-07-10,0.8150,485000
Q01,2023-07-17,0.8150,283900
Q01,2023-07-24,0.8000,1303400
Q01,2023-07-31,0.7950,684100
Q01,2023-08-07,0.7850,585500
Q01,2023-08-14,0.8000,2510700
Q01,2023-08-21,0.8150,1884700
Q01,2023-08-28,0.8100,1077100
Q01,2023-09-04,0.8000,276200
Q01,2023-09-11,0.8350,1760400
Q01,2023-09-18,0.8200,107700
Q01,2023-09-25,0.8200,218200
Q01,2023-10-02,0.8400,1357600
Q01,2023-10-09,0.8350,372700
Q01,2023-10-16,0.8250,476500
Q01,2023-10-23,0.8200,103200
Q01,2023-10-30,0.8100,214600
Q01,2023-11-06,0.8200,272200
Q01,2023-11-13,0.8150,98900
Q01,2023-11-20,0.8200,123800
Q01,2023-11-27,0.8100,206900
Q01,2023-12-04,0.8100,149900
Q01,2023-12-11,0.8200,146800
Q01,2024-01-01,0.8200,87200
Q01,2024-01-08,0.8150,135100
Q01,2024-01-15,0.8150,88300
Q01,2024-01-22,0.8150,169700
Q01,2024-01-29,0.8200,90900
Q01,2024-02-05,0.8200,894000
Q01,2024-02-12,0.8450,447100
Q01,2024-02-19,0.8600,340100
Q01,2024-02-26,0.8350,483600
Q01,2024-03-04,0.8350,76900
Q01,2024-03-11,0.8450,333300
Q01,2024-03-18,0.8450,394900
Q01,2024-03-25,0.8450,244800
Q01,2024-04-01,0.8600,563300
Q01,2024-04-08,0.8500,176400
Q01,2024-04-15,0.8500,266000
Q01,2024-04-22,0.8500,367200
Q01,2024-04-29,0.8200,593100
Q01,2024-05-06,0.8050,369800
Q01,2024-05-13,0.8050,217400
Q01,2024-05-20,0.8100,111200
Q01,2024-05-27,0.8100,330600
Q01,2024-06-03,0.8150,100700
Q01,2024-06-10,0.8100,301900
Q01,2024-06-17,0.8050,171900
Q01,2024-06-24,0.8050,364400
Q01,2024-07-01,0.8100,197000
Q01,2024-07-08,0.8100,323800
Q01,2024-07-15,0.8100,265600
Q01,2024-07-22,0.8150,441700
Q01,2024-07-29,0.8100,308200
Q01,2024-08-05,0.8100,468600
Q01,2024-08-12,0.8150,243800
Q01,2024-08-19,0.8150,239400
Q01,2024-08-26,0.8250,267100
Q01,2024-09-02,0.8150,338200
Q01,2024-09-09,0.8100,376000
Q01,2024-09-16,0.8200,174300
Q01,2024-09-23,0.8200,224800
Q01,2024-09-30,0.8300,461100
Q01,2024-10-07,0.8350,303200
Q01,2024-10-14,0.8350,206400
Q01,2024-10-21,0.8350,274200
Q01,2024-10-28,0.8300,355500
Q01,2024-11-04,0.8400,238200
Q01,2024-11-11,0.8300,57928960
Q01,2024-11-18,0.8300,240000
Q01,2024-11-25,0.8350,227600
Q01,2024-12-02,0.8350,281900
Q01,2024-12-09,0.8400,204100
Q01,2024-12-16,0.8300,188700
Q01,2024-12-23,0.8350,7800
Q01,2024-12-30,0.8350,149000
Q01,2025-01-06,0.8400,162900
Q01,2025-01-13,0.8450,313800
Q01,2025-01-20,0.8450,326300
Q01,2025-01-27,0.8500,68700
Q01,2025-02-03,0.8500,313900
Q01,2025-02-10,0.8650,652300
Q01,2025-02-17,0.8500,697000
Q01,2025-02-24,0.8450,560000
Q01,2025-03-03,0.8450,250000
Q01,2025-03-10,0.8600,754500
Q01,2025-03-17,0.8600,391552
Q01,2025-03-24,0.8550,263500
Q01,2025-03-31,0.8550,387500
Q01,2025-04-07,0.8450,1018800
Q01,2025-04-14,0.8550,160100
Q01,2025-04-21,0.8700,398700
Q01,2025-04-28,0.8400,518800
Q01,2025-05-05,0.8550,451100
Q01,2025-05-12,0.8450,321900
Q01,2025-05-19,0.8550,238100
Q01,2025-05-26,0.8450,335100
Q01,2025-06-02,0.8600,191000
Q01,2025-06-09,0.8500,1169000
Q01,2025-06-16,0.8500,649700
Q01,2025-06-23,0.8800,1068900
QES,2025-06-30,0.5600,2967900
QES,2025-07-07,0.6100,3843500
QES,2025-07-14,0.6450,5076400
QES,2025-07-21,0.7000,9048500
QES,2025-07-28,0.7300,13582200
QES,2025-08-04,0.7050,6609500
QES,2025-08-11,0.6900,6028200
QES,2025-08-18,0.7600,9761900
QES,2025-08-25,0.7350,3158600
QES,2025-09-01,0.7600,4629100
QES,2025-09-08,0.7850,7183100
QES,2025-09-15,0.8050,5862340
QES,2025-09-22,0.7700,4541300
QES,2025-09-29,0.7800,2238100
QES,2025-10-06,0.7600,2832000
QES,2025-10-13,0.6950,2507400
QES,2025-10-20,0.7350,1543800
QES,2025-10-27,0.7350,1967200
QES,2025-11-03,0.7350,57044000
QES,2025-11-10,0.7950,17056000
QES,2025-11-17,0.7750,10632800
QES,2025-11-24,0.7850,8772300
QES,2025-12-01,0.7800,4309900
QES,2025-12-08,0.7650,3526200
QES,2025-12-15,0.7800,3773100
QES,2025-12-22,0.7850,2983600
QES,2025-12-29,0.8150,4174200
QES,2026-01-05,0.8000,4834900
QES,2026-01-12,0.7850,7298500
QES,2026-01-19,0.7750,5674300
QES,2026-01-26,0.7300,7949200
QES,2026-02-02,0.7350,4508000
QES,2026-02-09,0.7450,6256000
QES,2026-02-16,0.7600,2482600
QES,2026-02-23,0.7600,3601400
QES,2026-03-02,0.6750,11784600
QES,2026-03-09,0.6350,6592800
QES,2026-03-16,0.6400,3984000
QES,2026-03-23,0.6300,4366300
QES,2026-03-30,0.6450,1615500
QES,2026-04-06,0.6700,3497100
QES,2026-04-13,0.6800,2611100
QES,2026-04-20,0.6900,2254600
QES,2026-04-27,0.6900,2582300
QES,2026-05-04,0.6650,3742200
QES,2026-05-11,0.6900,3727800
QES,2026-05-18,0.6650,1818200
QES,2026-05-25,0.6700,1294300
QES,2026-06-01,0.6550,1415100
QES,2026-06-08,0.6600,954100
QES,2026-06-15,0.6750,749700
QES,2026-06-22,0.6750,781900
QES,2026-06-29,0.6800,649700
R14,2023-07-03,0.0130,44979200
R14,2023-07-10,0.0120,9205000
R14,2023-07-17,0.0120,3936000
R14,2023-07-24,0.0140,45985600
R14,2023-07-31,0.0150,51428600
R14,2023-08-07,0.0140,13469300
R14,2023-08-14,0.0130,17867500
R14,2023-08-21,0.0140,4606400
R14,2023-08-28,0.0130,18531600
R14,2023-09-04,0.0120,1851100
R14,2023-09-11,0.0120,4802000
R14,2023-09-18,0.0120,1122300
R14,2023-09-25,0.0110,5580700
R14,2023-10-02,0.0120,1593200
R14,2023-10-09,0.0120,590200
R14,2023-10-16,0.0110,1109900
R14,2023-10-23,0.0090,105534700
R14,2023-10-30,0.0080,37828400
R14,2023-11-06,0.0080,135439300
R14,2023-11-13,0.0080,29836600
R14,2023-11-20,0.0080,5404100
R14,2023-11-27,0.0080,24060200
R14,2023-12-04,0.0080,22861100
R14,2023-12-11,0.0080,14156400
R14,2024-01-01,0.0080,4562200
R14,2024-01-08,0.0080,5246300
R14,2024-01-15,0.0080,3030100
R14,2024-01-22,0.0080,1601900
R14,2024-01-29,0.0080,5777500
R14,2024-02-05,0.0080,4217400
R14,2024-02-12,0.0080,2847700
R14,2024-02-19,0.0080,1885300
R14,2024-02-26,0.0080,2900
R14,2024-03-04,0.0080,1552500
R14,2024-03-11,0.0090,34086900
R14,2024-03-18,0.0070,34554400
R14,2024-03-25,0.0070,17666600
R14,2024-04-01,0.0080,6496000
R14,2024-04-08,0.0090,7877500
R14,2024-04-15,0.0080,4915100
R14,2024-04-22,0.0080,3864100
R14,2024-04-29,0.0070,240200
R14,2024-05-06,0.0070,520100
R14,2024-05-13,0.0070,634400
R14,2024-05-20,0.0080,12995200
R14,2024-05-27,0.0080,1534600
R14,2024-06-03,0.0080,0
R14,2024-06-10,0.0100,1017700
R14,2024-06-17,0.0080,200000
R14,2024-06-24,0.0080,16806800
R14,2024-07-01,0.0090,19024400
R14,2024-07-08,0.0100,6110900
R14,2024-07-15,0.0100,2725300
R14,2024-07-22,0.0110,20900200
R14,2024-07-29,0.0100,16963800
R14,2024-08-05,0.0110,13660600
R14,2024-08-12,0.0100,19471500
R14,2024-08-19,0.0100,13332000
R14,2024-08-26,0.0090,54757200
R14,2024-09-02,0.0070,42512200
R14,2024-09-09,0.0070,427900
R14,2024-09-16,0.0080,6697500
R14,2024-09-23,0.0080,740700
R14,2024-09-30,0.0080,5182800
R14,2024-10-07,0.0070,301900
R14,2024-10-14,0.0070,212300
R14,2024-10-21,0.0080,15727700
R14,2024-10-28,0.0090,27648000
R14,2024-11-04,0.0090,9438200
R14,2024-11-11,0.0100,13097900
R14,2024-11-18,0.0120,752553500
R14,2024-11-25,0.0110,70541600
R14,2024-12-02,0.0110,61711600
R14,2024-12-09,0.0110,61798200
R14,2024-12-16,0.0110,17371000
R14,2024-12-23,0.0100,7578400
R14,2024-12-30,0.0110,6744700
R14,2025-01-06,0.0100,126400
R14,2025-01-13,0.0100,22873800
R14,2025-01-20,0.0110,1000000
R14,2025-01-27,0.0110,704600
R14,2025-02-03,0.0110,1114700
R14,2025-02-10,0.0110,20935700
R14,2025-02-17,0.0100,19951700
R14,2025-02-24,0.0100,21110100
R14,2025-03-03,0.0090,701500
R14,2025-03-10,0.0090,7520200
R14,2025-03-17,0.0100,6967800
R14,2025-03-24,0.0110,9732100
R14,2025-03-31,0.0090,1261200
R14,2025-04-07,0.0080,10352800
R14,2025-04-14,0.0090,6050400
R14,2025-04-21,0.0090,10621800
R14,2025-04-28,0.0100,12434700
R14,2025-05-05,0.0100,9749100
R14,2025-05-12,0.0100,5314300
R14,2025-05-19,0.0100,4318500
R14,2025-05-26,0.0100,62057400
R14,2025-06-02,0.0100,1808300
R14,2025-06-09,0.0100,104300800
R14,2025-06-16,0.0100,7980600
R14,2025-06-23,0.0100,55993300
RE4,2023-07-03,0.2300,6293600
RE4,2023-07-10,0.2250,27365900
RE4,2023-07-17,0.2200,13084100
RE4,2023-07-24,0.2150,15342600
RE4,2023-07-31,0.2150,12403700
RE4,2023-08-07,0.2300,14404200
RE4,2023-08-14,0.2200,5637400
RE4,2023-08-21,0.2150,8153200
RE4,2023-08-28,0.2200,5120600
RE4,2023-09-04,0.2200,8839300
RE4,2023-09-11,0.2200,9956900
RE4,2023-09-18,0.2250,14461100
RE4,2023-09-25,0.2900,75150700
RE4,2023-10-02,0.2900,83446200
RE4,2023-10-09,0.3000,40192200
RE4,2023-10-16,0.3000,35097500
RE4,2023-10-23,0.3000,25567700
RE4,2023-10-30,0.3050,35713900
RE4,2023-11-06,0.2950,26628700
RE4,2023-11-13,0.2900,15603000
RE4,2023-11-20,0.2850,10112900
RE4,2023-11-27,0.2800,7513600
RE4,2023-12-04,0.2800,7884200
RE4,2023-12-11,0.2800,7407200
RE4,2024-01-01,0.3450,25833000
RE4,2024-01-08,0.3350,31410600
RE4,2024-01-15,0.3400,31548600
RE4,2024-01-22,0.3350,15496600
RE4,2024-01-29,0.3800,75716600
RE4,2024-02-05,0.4400,131096900
RE4,2024-02-12,0.4350,100070600
RE4,2024-02-19,0.3900,114019300
RE4,2024-02-26,0.3400,119194900
RE4,2024-03-04,0.3650,66671700
RE4,2024-03-11,0.3650,76782200
RE4,2024-03-18,0.3400,61755600
RE4,2024-03-25,0.3450,38250600
RE4,2024-04-01,0.3400,36426700
RE4,2024-04-08,0.3250,40117800
RE4,2024-04-15,0.3000,41178000
RE4,2024-04-22,0.3050,33361800
RE4,2024-04-29,0.2900,17562700
RE4,2024-05-06,0.2750,18755300
RE4,2024-05-13,0.3000,23418000
RE4,2024-05-20,0.3050,19613600
RE4,2024-05-27,0.3200,28708500
RE4,2024-06-03,0.3100,10161000
RE4,2024-06-10,0.3050,6455900
RE4,2024-06-17,0.3050,13729300
RE4,2024-06-24,0.2900,24552700
RE4,2024-07-01,0.2900,6286100
RE4,2024-07-08,0.2900,4082900
RE4,2024-07-15,0.2850,13426400
RE4,2024-07-22,0.2900,6411800
RE4,2024-07-29,0.2850,10760500
RE4,2024-08-05,0.2850,13705300
RE4,2024-08-12,0.2750,17141100
RE4,2024-08-19,0.2750,10806700
RE4,2024-08-26,0.2600,12019000
RE4,2024-09-02,0.2450,12751200
RE4,2024-09-09,0.2600,17466900
RE4,2024-09-16,0.2550,10178900
RE4,2024-09-23,0.2750,13593500
RE4,2024-09-30,0.2950,22208200
RE4,2024-10-07,0.2850,33017300
RE4,2024-10-14,0.2800,11686500
RE4,2024-10-21,0.2800,9701700
RE4,2024-10-28,0.2650,8877500
RE4,2024-11-04,0.2700,13254600
RE4,2024-11-11,0.2650,7555000
RE4,2024-11-18,0.2750,13611900
RE4,2024-11-25,0.2650,3847600
RE4,2024-12-02,0.2650,5133300
RE4,2024-12-09,0.2650,6283000
RE4,2024-12-16,0.2750,15614600
RE4,2024-12-23,0.3050,27326100
RE4,2024-12-30,0.2950,11859800
RE4,2025-01-06,0.2900,9978000
RE4,2025-01-13,0.2850,6576700
RE4,2025-01-20,0.2900,6220900
RE4,2025-01-27,0.2850,1517500
RE4,2025-02-03,0.2650,16227600
RE4,2025-02-10,0.2700,14579200
RE4,2025-02-17,0.2700,8394900
RE4,2025-02-24,0.2600,9234500
RE4,2025-03-03,0.2700,13439800
RE4,2025-03-10,0.3100,68091500
RE4,2025-03-17,0.3150,30034300
RE4,2025-03-24,0.3300,50472200
RE4,2025-03-31,0.3100,37281100
RE4,2025-04-07,0.2950,51065000
RE4,2025-04-14,0.3350,35914200
RE4,2025-04-21,0.3650,69339500
RE4,2025-04-28,0.3600,42707200
RE4,2025-05-05,0.3600,33785000
RE4,2025-05-12,0.3600,85079200
RE4,2025-05-19,0.3600,42092900
RE4,2025-05-26,0.3850,53009400
RE4,2025-06-02,0.3750,26398200
RE4,2025-06-09,0.3600,45719200
RE4,2025-06-16,0.3550,24879500
RE4,2025-06-23,0.3350,47390100
RE4,2025-06-30,0.3350,14651100
RE4,2025-07-07,0.3500,25580100
RE4,2025-07-14,0.3450,11977100
RE4,2025-07-21,0.3450,25695400
RE4,2025-07-28,0.3300,22492200
RE4,2025-08-04,0.3750,79773000
RE4,2025-08-11,0.3750,36505200
RE4,2025-08-18,0.3750,46102200
RE4,2025-08-25,0.3600,53913900
RE4,2025-09-01,0.3900,61047900
RE4,2025-09-08,0.4350,96726500
RE4,2025-09-15,0.4450,72977200
RE4,2025-09-22,0.4600,73651800
RE4,2025-09-29,0.4900,105829000
RE4,2025-10-06,0.4750,42813700
RE4,2025-10-13,0.4700,44498500
RE4,2025-10-20,0.4950,31259100
RE4,2025-10-27,0.4850,35165200
RE4,2025-11-03,0.4550,44271200
RE4,2025-11-10,0.4500,34841500
RE4,2025-11-17,0.4250,29907000
RE4,2025-11-24,0.4450,14472400
RE4,2025-12-01,0.4300,7675300
RE4,2025-12-08,0.4250,8461500
RE4,2025-12-15,0.4250,7244300
RE4,2025-12-22,0.4250,4823700
RE4,2025-12-29,0.4250,13287200
RE4,2026-01-05,0.4000,18965000
RE4,2026-01-12,0.4300,34990700
RE4,2026-01-19,0.4350,12688600
RE4,2026-01-26,0.4250,29223500
RE4,2026-02-02,0.4050,24347400
RE4,2026-02-09,0.4200,17821800
RE4,2026-02-16,0.4250,7953800
RE4,2026-02-23,0.4150,40058700
RE4,2026-03-02,0.4600,102735000
RE4,2026-03-09,0.5400,149603500
RE4,2026-03-16,0.5200,159287100
RE4,2026-03-23,0.5150,83512500
RE4,2026-03-30,0.5350,98398300
RE4,2026-04-06,0.5500,108500800
RE4,2026-04-13,0.6350,177274100
RE4,2026-04-20,0.6400,86452900
RE4,2026-04-27,0.6200,71632500
RE4,2026-05-04,0.6100,86405200
RE4,2026-05-11,0.5750,175095600
RE4,2026-05-18,0.5000,198564100
RE4,2026-05-25,0.4700,70107500
RE4,2026-06-01,0.4500,30715800
RE4,2026-06-08,0.4550,70299800
RE4,2026-06-15,0.4400,39690100
RE4,2026-06-22,0.4450,54035300
RE4,2026-06-29,0.5200,110609900
S08,2023-07-03,0.4750,15380900
S08,2023-07-10,0.4800,15486500
S08,2023-07-17,0.5100,22228800
S08,2023-07-24,0.4950,13608500
S08,2023-07-31,0.4950,10394600
S08,2023-08-07,0.5100,7600700
S08,2023-08-14,0.5000,7543800
S08,2023-08-21,0.4900,28190800
S08,2023-08-28,0.4950,7448300
S08,2023-09-04,0.4900,12772700
S08,2023-09-11,0.4900,6126600
S08,2023-09-18,0.5150,34471500
S08,2023-09-25,0.4850,13945800
S08,2023-10-02,0.4900,9908600
S08,2023-10-09,0.4900,3591600
S08,2023-10-16,0.4700,8315800
S08,2023-10-23,0.4550,13975400
S08,2023-10-30,0.4850,19461000
S08,2023-11-06,0.4650,14556600
S08,2023-11-13,0.4650,5044300
S08,2023-11-20,0.4550,8383100
S08,2023-11-27,0.4500,8250900
S08,2023-12-04,0.4600,8060000
S08,2023-12-11,0.4600,6543200
S08,2024-01-01,0.4650,5096400
S08,2024-01-08,0.4500,12466500
S08,2024-01-15,0.4400,8661100
S08,2024-01-22,0.4350,9988700
S08,2024-01-29,0.4100,11008900
S08,2024-02-05,0.4000,7254900
S08,2024-02-12,0.4100,9048600
S08,2024-02-19,0.4150,4548600
S08,2024-02-26,0.3950,12137600
S08,2024-03-04,0.3850,8156700
S08,2024-03-11,0.3800,14420700
S08,2024-03-18,0.4100,26519800
S08,2024-03-25,0.4200,18184900
S08,2024-04-01,0.4200,10872500
S08,2024-04-08,0.4150,7346300
S08,2024-04-15,0.4000,7045400
S08,2024-04-22,0.4450,36080500
S08,2024-04-29,0.4350,14138700
S08,2024-05-06,0.4650,40220300
S08,2024-05-13,0.4800,28356200
S08,2024-05-20,0.4850,14815400
S08,2024-05-27,0.4900,26006300
S08,2024-06-03,0.4850,21795800
S08,2024-06-10,0.4600,20199300
S08,2024-06-17,0.4550,15770000
S08,2024-06-24,0.4300,27211900
S08,2024-07-01,0.4200,35470200
S08,2024-07-08,0.4450,23589200
S08,2024-07-15,0.4450,31428100
S08,2024-07-22,0.4400,11957500
S08,2024-07-29,0.4400,29519600
S08,2024-08-05,0.4200,21275500
S08,2024-08-12,0.4400,26043700
S08,2024-08-19,0.4300,25518800
S08,2024-08-26,0.4300,17164500
S08,2024-09-02,0.4350,10340500
S08,2024-09-09,0.4700,34732100
S08,2024-09-16,0.4800,73306957
S08,2024-09-23,0.4700,39292552
S08,2024-09-30,0.4700,17286600
S08,2024-10-07,0.5250,116216400
S08,2024-10-14,0.5450,72000700
S08,2024-10-21,0.5500,58004100
S08,2024-10-28,0.5400,20601600
S08,2024-11-04,0.5200,66737200
S08,2024-11-11,0.5150,25132600
S08,2024-11-18,0.5350,42021400
S08,2024-11-25,0.5800,63857100
S08,2024-12-02,0.5750,71884100
S08,2024-12-09,0.5750,27655600
S08,2024-12-16,0.5600,32001200
S08,2024-12-23,0.5200,123085700
S08,2024-12-30,0.5550,39575900
S08,2025-01-06,0.5400,38074600
S08,2025-01-13,0.5350,19604800
S08,2025-01-20,0.5600,31961400
S08,2025-01-27,0.5550,8698400
S08,2025-02-03,0.5550,13445000
S08,2025-02-10,0.5600,21926500
S08,2025-02-17,0.5550,27537800
S08,2025-02-24,0.5600,34446300
S08,2025-03-03,0.5600,35016400
S08,2025-03-10,0.5550,42447800
S08,2025-03-17,0.5650,28983600
S08,2025-03-24,0.6150,58668800
S08,2025-03-31,0.5700,48873434
S08,2025-04-07,0.5200,67885500
S08,2025-04-14,0.5500,19840600
S08,2025-04-21,0.5700,21177000
S08,2025-04-28,0.5950,32707600
S08,2025-05-05,0.6250,46033200
S08,2025-05-12,0.5750,113154600
S08,2025-05-19,0.5650,38787100
S08,2025-05-26,0.5550,26546400
S08,2025-06-02,0.5650,33258600
S08,2025-06-09,0.5550,27787100
S08,2025-06-16,0.5700,21624800
S08,2025-06-23,0.6200,78246400
S08,2025-06-30,0.6200,39920800
S08,2025-07-07,0.6250,54212900
S08,2025-07-14,0.6450,39698000
S08,2025-07-21,0.6300,108657900
S08,2025-07-28,0.4950,146729900
S08,2025-08-04,0.5050,59047700
S08,2025-08-11,0.5000,32941100
S08,2025-08-18,0.5000,19198400
S08,2025-08-25,0.4650,51697300
S08,2025-09-01,0.4550,197527621
S08,2025-09-08,0.4350,92026600
S08,2025-09-15,0.4350,63879600
S08,2025-09-22,0.4300,50489400
S08,2025-09-29,0.4200,54212700
S08,2025-10-06,0.4150,47191500
S08,2025-10-13,0.4050,51763500
S08,2025-10-20,0.4150,35833800
S08,2025-10-27,0.4200,34136400
S08,2025-11-03,0.4200,31985200
S08,2025-11-10,0.4150,47824100
S08,2025-11-17,0.4100,17120100
S08,2025-11-24,0.4100,24554200
S08,2025-12-01,0.4150,11910300
S08,2025-12-08,0.4100,12943700
S08,2025-12-15,0.4050,21877300
S08,2025-12-22,0.4100,12508500
S08,2025-12-29,0.4050,17088200
S08,2026-01-05,0.3950,58141000
S08,2026-01-12,0.4050,40492900
S08,2026-01-19,0.3950,32758400
S08,2026-01-26,0.3950,37806700
S08,2026-02-02,0.3950,15713300
S08,2026-02-09,0.3900,18467100
S08,2026-02-16,0.3900,9901600
S08,2026-02-23,0.3750,48294000
S08,2026-03-02,0.3450,59756300
S08,2026-03-09,0.3450,35309300
S08,2026-03-16,0.3450,42635600
S08,2026-03-23,0.3450,20514400
S08,2026-03-30,0.3450,14084300
S08,2026-04-06,0.3450,30823300
S08,2026-04-13,0.3450,21285200
S08,2026-04-20,0.3600,56232700
S08,2026-04-27,0.3450,20496500
S08,2026-05-04,0.3800,79478800
S08,2026-05-11,0.3350,103610900
S08,2026-05-18,0.3350,30439300
S08,2026-05-25,0.3200,39476900
S08,2026-06-01,0.3150,42180400
S08,2026-06-08,0.3250,31907200
S08,2026-06-15,0.3250,17796100
S08,2026-06-22,0.3350,22209100
S08,2026-06-29,0.3450,37091200
S56,2023-07-03,0.8750,8787400
S56,2023-07-10,0.8850,6239500
S56,2023-07-17,0.8800,3831400
S56,2023-07-24,0.8650,7119400
S56,2023-07-31,0.7600,16128900
S56,2023-08-07,0.7400,8495300
S56,2023-08-14,0.7200,4665500
S56,2023-08-21,0.7500,4685800
S56,2023-08-28,0.7400,2520100
S56,2023-09-04,0.7500,4739000
S56,2023-09-11,0.7500,3398000
S56,2023-09-18,0.7350,2919000
S56,2023-09-25,0.7500,2547500
S56,2023-10-02,0.7150,2261200
S56,2023-10-09,0.7000,4466600
S56,2023-10-16,0.6350,5034500
S56,2023-10-23,0.6750,4827700
S56,2023-10-30,0.6300,11042400
S56,2023-11-06,0.6100,6192200
S56,2023-11-13,0.6050,3045900
S56,2023-11-20,0.6300,4443400
S56,2023-11-27,0.6050,2512800
S56,2023-12-04,0.6000,1819600
S56,2023-12-11,0.5900,4210670
S56,2024-01-01,0.7300,28295800
S56,2024-01-08,0.7350,35577200
S56,2024-01-15,0.7600,31021400
S56,2024-01-22,0.7250,21492300
S56,2024-01-29,0.6900,13608200
S56,2024-02-05,0.6800,13893200
S56,2024-02-12,0.7300,11473900
S56,2024-02-19,0.6900,10226400
S56,2024-02-26,0.7250,13118400
S56,2024-03-04,0.7600,15745500
S56,2024-03-11,0.7650,10944300
S56,2024-03-18,0.7400,7151400
S56,2024-03-25,0.7550,6617100
S56,2024-04-01,0.8150,28460500
S56,2024-04-08,0.8750,20430400
S56,2024-04-15,0.8250,15424600
S56,2024-04-22,0.8950,19015300
S56,2024-04-29,0.8900,21868600
S56,2024-05-06,0.8100,23780800
S56,2024-05-13,0.9200,26846500
S56,2024-05-20,0.9600,11371300
S56,2024-05-27,0.9750,23538400
S56,2024-06-03,1.0200,10627600
S56,2024-06-10,0.9700,12894600
S56,2024-06-17,1.0200,11771300
S56,2024-06-24,1.0500,10716900
S56,2024-07-01,1.0200,7625900
S56,2024-07-08,0.9550,25182900
S56,2024-07-15,0.9450,15817200
S56,2024-07-22,1.0000,14716700
S56,2024-07-29,0.8100,29981000
S56,2024-08-05,0.7950,16130600
S56,2024-08-12,0.8250,10886300
S56,2024-08-19,0.8000,6017900
S56,2024-08-26,0.7950,3809400
S56,2024-09-02,0.8050,5923000
S56,2024-09-09,0.8050,6189700
S56,2024-09-16,0.8050,4935000
S56,2024-09-23,0.8000,2791900
S56,2024-09-30,0.8600,24616100
S56,2024-10-07,0.8450,7734800
S56,2024-10-14,0.8250,4261400
S56,2024-10-21,0.8250,5796900
S56,2024-10-28,0.8250,5664700
S56,2024-11-04,0.8250,3956200
S56,2024-11-11,0.8150,2303200
S56,2024-11-18,0.8300,4493400
S56,2024-11-25,0.8150,1977400
S56,2024-12-02,0.8400,2003800
S56,2024-12-09,0.8250,1667900
S56,2024-12-16,0.7950,3251700
S56,2024-12-23,0.8200,1526500
S56,2024-12-30,0.8400,2995400
S56,2025-01-06,0.8100,2796400
S56,2025-01-13,0.8300,1246800
S56,2025-01-20,0.8300,1541700
S56,2025-01-27,0.8250,599300
S56,2025-02-03,0.8600,5762900
S56,2025-02-10,0.8950,10822800
S56,2025-02-17,0.9050,6797600
S56,2025-02-24,0.8700,14242500
S56,2025-03-03,0.8500,6771700
S56,2025-03-10,0.8600,4563300
S56,2025-03-17,0.8650,2539300
S56,2025-03-24,0.8800,3014600
S56,2025-03-31,0.8200,3839200
S56,2025-04-07,0.7850,8737200
S56,2025-04-14,0.8050,5318100
S56,2025-04-21,0.8350,7606000
S56,2025-04-28,0.8700,6219900
S56,2025-05-05,0.7950,6611700
S56,2025-05-12,0.8400,5103400
S56,2025-05-19,0.8200,5180000
S56,2025-05-26,0.8150,2773200
S56,2025-06-02,0.8150,3176800
S56,2025-06-09,0.8100,3187500
S56,2025-06-16,0.8100,5102700
S56,2025-06-23,0.8350,3329000
S58,2023-07-03,2.6400,21201900
S58,2023-07-10,2.7200,20421000
S58,2023-07-17,2.7100,16964300
S58,2023-07-24,2.7400,17545200
S58,2023-07-31,2.7100,22776000
S58,2023-08-07,2.7100,12184200
S58,2023-08-14,2.5200,30828700
S58,2023-08-21,2.5300,17528200
S58,2023-08-28,2.5900,10756500
S58,2023-09-04,2.5500,16079800
S58,2023-09-11,2.5900,10457600
S58,2023-09-18,2.5700,9602400
S58,2023-09-25,2.6000,23584000
S58,2023-10-02,2.5400,18349163
S58,2023-10-09,2.5900,10461800
S58,2023-10-16,2.4700,16047700
S58,2023-10-23,2.4300,12365200
S58,2023-10-30,2.5300,10714600
S58,2023-11-06,2.5600,8290900
S58,2023-11-13,2.7100,28868100
S58,2023-11-20,2.7100,15968400
S58,2023-11-27,2.6500,13832100
S58,2023-12-04,2.6900,10514300
S58,2023-12-11,2.7000,12287900
S58,2024-01-01,2.7200,9347700
S58,2024-01-08,2.9300,38048700
S58,2024-01-15,2.8500,17402000
S58,2024-01-22,2.7800,19142400
S58,2024-01-29,2.8200,22704500
S58,2024-02-05,2.7200,23910400
S58,2024-02-12,2.7700,17045400
S58,2024-02-19,2.6000,37269100
S58,2024-02-26,2.6600,29995600
S58,2024-03-04,2.5600,21374000
S58,2024-03-11,2.5500,12900900
S58,2024-03-18,2.5100,22342200
S58,2024-03-25,2.6000,19633800
S58,2024-04-01,2.5600,11946200
S58,2024-04-08,2.5400,8475900
S58,2024-04-15,2.4200,20160500
S58,2024-04-22,2.5300,14188500
S58,2024-04-29,2.5500,13036600
S58,2024-05-06,2.5700,14696300
S58,2024-05-13,2.5600,13438800
S58,2024-05-20,2.5500,11164600
S58,2024-05-27,2.7800,59568800
S58,2024-06-03,2.9500,47348200
S58,2024-06-10,2.9100,21762900
S58,2024-06-17,2.8600,9211000
S58,2024-06-24,2.8500,20426900
S58,2024-07-01,2.9500,23865600
S58,2024-07-08,3.2900,38313700
S58,2024-07-15,3.2400,25727100
S58,2024-07-22,3.1400,18654200
S58,2024-07-29,3.2400,21716600
S58,2024-08-05,3.0600,25391300
S58,2024-08-12,3.1700,22884400
S58,2024-08-19,3.5700,62499800
S58,2024-08-26,3.6500,34287100
S58,2024-09-02,3.5900,27414600
S58,2024-09-09,3.6900,27245250
S58,2024-09-16,3.6900,23274100
S58,2024-09-23,3.5900,27418000
S58,2024-09-30,3.8300,39975900
S58,2024-10-07,3.6300,32018900
S58,2024-10-14,3.7500,18575900
S58,2024-10-21,4.0100,36024800
S58,2024-10-28,3.9700,23295400
S58,2024-11-04,3.8500,39906700
S58,2024-11-11,3.8400,40555500
S58,2024-11-18,3.8400,25605200
S58,2024-11-25,3.7600,12748400
S58,2024-12-02,3.7700,11206300
S58,2024-12-09,3.6700,20798152
S58,2024-12-16,3.5900,23761200
S58,2024-12-23,3.6600,6800700
S58,2024-12-30,3.6800,7436500
S58,2025-01-06,3.6200,11822400
S58,2025-01-13,3.6100,10042800
S58,2025-01-20,3.4400,24558900
S58,2025-01-27,3.3900,14143300
S58,2025-02-03,3.2900,29207600
S58,2025-02-10,3.3300,29967100
S58,2025-02-17,3.3000,35751700
S58,2025-02-24,3.0400,66298600
S58,2025-03-03,3.1000,23329200
S58,2025-03-10,3.0300,22984300
S58,2025-03-17,3.0500,17458600
S58,2025-03-24,3.0800,17649100
S58,2025-03-31,2.8900,29838400
S58,2025-04-07,2.6100,73391000
S58,2025-04-14,2.7200,18647100
S58,2025-04-21,2.8100,20079400
S58,2025-04-28,2.8300,11799400
S58,2025-05-05,2.9100,19475000
S58,2025-05-12,2.9900,19821000
S58,2025-05-19,2.9800,22218300
S58,2025-05-26,3.0900,26558400
S58,2025-06-02,3.1400,17756416
S58,2025-06-09,3.0500,15479200
S58,2025-06-16,3.0000,12911400
S58,2025-06-23,3.0700,16712644
S58,2025-06-30,3.0500,12121900
S58,2025-07-07,3.1200,15931000
S58,2025-07-14,3.2700,29922600
S58,2025-07-21,3.4000,26737600
S58,2025-07-28,3.1900,27647600
S58,2025-08-04,3.2400,26189300
S58,2025-08-11,3.2700,18684500
S58,2025-08-18,3.2600,25970600
S58,2025-08-25,3.3100,23496900
S58,2025-09-01,3.2600,14051300
S58,2025-09-08,3.2600,16102000
S58,2025-09-15,3.2900,19371100
S58,2025-09-22,3.3500,28156500
S58,2025-09-29,3.5300,30885600
S58,2025-10-06,3.5100,19353100
S58,2025-10-13,3.3700,18040700
S58,2025-10-20,3.4700,10958100
S58,2025-10-27,3.4200,13604900
S58,2025-11-03,3.4700,22750700
S58,2025-11-10,3.4700,20311300
S58,2025-11-17,3.3400,20860300
S58,2025-11-24,3.4000,9868000
S58,2025-12-01,3.4300,7669400
S58,2025-12-08,3.4800,12068000
S58,2025-12-15,3.7400,44510300
S58,2025-12-22,3.7800,12287600
S58,2025-12-29,3.7900,7597900
S58,2026-01-05,3.7800,15817200
S58,2026-01-12,3.8500,16712900
S58,2026-01-19,3.8800,12732600
S58,2026-01-26,3.7900,12852300
S58,2026-02-02,3.7900,16189600
S58,2026-02-09,3.8800,19670600
S58,2026-02-16,3.8700,6716900
S58,2026-02-23,3.9200,15590400
S58,2026-03-02,3.6500,51044800
S58,2026-03-09,3.6100,40983800
S58,2026-03-16,3.7000,26841700
S58,2026-03-23,3.5600,30664100
S58,2026-03-30,3.5800,27017700
S58,2026-04-06,3.6400,26835700
S58,2026-04-13,3.5500,19684000
S58,2026-04-20,3.3900,27356700
S58,2026-04-27,3.3000,18473700
S58,2026-05-04,3.3400,26626600
S58,2026-05-11,3.2500,26204700
S58,2026-05-18,3.2800,21328200
S58,2026-05-25,3.8500,61484700
S58,2026-06-01,3.9900,53688700
S58,2026-06-08,3.9400,33900700
S58,2026-06-15,4.3700,56377400
S58,2026-06-22,4.4900,39304276
S58,2026-06-29,4.4500,31796200
S58,2026-07-06,4.4900,22182600
S58,2026-07-13,4.6300,30075100
S58,2026-07-20,4.7300,29679300
S58,2026-08-03,4.8200,32704600
S58,2026-08-17,4.0700,64999000
S58,2026-08-24,4.0100,41863400
S59,2023-07-03,2.4500,1266800
S59,2023-07-10,2.4700,738000
S59,2023-07-17,2.4600,949000
S59,2023-07-24,2.4400,2224300
S59,2023-07-31,2.3900,1647000
S59,2023-08-07,2.3700,992300
S59,2023-08-14,2.2900,1031100
S59,2023-08-21,2.2700,858700
S59,2023-08-28,2.4000,1352000
S59,2023-09-04,2.3500,473300
S59,2023-09-11,2.3800,1029500
S59,2023-09-18,2.3800,746200
S59,2023-09-25,2.3900,1022200
S59,2023-10-02,2.3700,937988
S59,2023-10-09,2.3900,823300
S59,2023-10-16,2.2900,996600
S59,2023-10-23,2.2700,850300
S59,2023-10-30,2.3700,1380400
S59,2023-11-06,2.3100,2280400
S59,2023-11-13,2.3500,896500
S59,2023-11-20,2.3000,807300
S59,2023-11-27,2.2900,765100
S59,2023-12-04,2.3400,798300
S59,2023-12-11,2.3800,1084000
S59,2024-01-01,2.3500,560300
S59,2024-01-08,2.3700,526500
S59,2024-01-15,2.3200,565400
S59,2024-01-22,2.3000,990900
S59,2024-01-29,2.3100,750900
S59,2024-02-05,2.2800,375400
S59,2024-02-12,2.3500,1099200
S59,2024-02-19,2.3000,1384000
S59,2024-02-26,2.2800,1025900
S59,2024-03-04,2.2800,849600
S59,2024-03-11,2.3100,1012400
S59,2024-03-18,2.2700,1230500
S59,2024-03-25,2.2600,1405700
S59,2024-04-01,2.2500,1128800
S59,2024-04-08,2.2500,442800
S59,2024-04-15,2.2000,1525000
S59,2024-04-22,2.2500,752300
S59,2024-04-29,2.2800,957700
S59,2024-05-06,2.2900,1269100
S59,2024-05-13,2.3300,1933300
S59,2024-05-20,2.3200,623200
S59,2024-05-27,2.3400,1536100
S59,2024-06-03,2.3800,1685500
S59,2024-06-10,2.3300,811400
S59,2024-06-17,2.3100,1233300
S59,2024-06-24,2.3200,1569900
S59,2024-07-01,2.3200,1049500
S59,2024-07-08,2.4300,1893700
S59,2024-07-15,2.4300,1757000
S59,2024-07-22,2.2900,1890900
S59,2024-07-29,2.2500,2605900
S59,2024-08-05,2.2200,1755800
S59,2024-08-12,2.3000,1472400
S59,2024-08-19,2.3300,808300
S59,2024-08-26,2.3400,1164900
S59,2024-09-02,2.3400,993500
S59,2024-09-09,2.3800,971900
S59,2024-09-16,2.4300,1883100
S59,2024-09-23,2.4200,1319900
S59,2024-09-30,2.4400,1761700
S59,2024-10-07,2.3900,981600
S59,2024-10-14,2.3800,895700
S59,2024-10-21,2.3600,894600
S59,2024-10-28,2.4200,1456100
S59,2024-11-04,2.4400,3273200
S59,2024-11-11,2.3700,1221400
S59,2024-11-18,2.3700,938500
S59,2024-11-25,2.4000,1309500
S59,2024-12-02,2.4000,1044200
S59,2024-12-09,2.3700,764300
S59,2024-12-16,2.3600,969100
S59,2024-12-23,2.4000,433300
S59,2024-12-30,2.4000,620200
S59,2025-01-06,2.3600,682400
S59,2025-01-13,2.3400,730900
S59,2025-01-20,2.3700,486100
S59,2025-01-27,2.3800,346900
S59,2025-02-03,2.3400,734300
S59,2025-02-10,2.3500,1097100
S59,2025-02-17,2.3900,2215900
S59,2025-02-24,2.3900,1581900
S59,2025-03-03,2.3600,1130200
S59,2025-03-10,2.3200,976600
S59,2025-03-17,2.3400,1007200
S59,2025-03-24,2.1800,15586200
S59,2025-03-31,2.1800,2148800
S59,2025-04-07,2.0300,4589900
S59,2025-04-14,2.1400,890900
S59,2025-04-21,2.2000,1257000
S59,2025-04-28,2.2300,1112300
S59,2025-05-05,2.2800,1249700
S59,2025-05-12,2.4200,4746100
S59,2025-05-19,2.5700,7511600
S59,2025-05-26,2.7000,7455700
S59,2025-06-02,2.9400,8584400
S59,2025-06-09,3.0800,10370200
S59,2025-06-16,3.1300,8544000
S59,2025-06-23,3.1100,4756000
S59,2025-06-30,3.1300,3000800
S59,2025-07-07,3.2400,4412500
S59,2025-07-14,3.3400,7194500
S59,2025-07-21,3.3100,8498800
S59,2025-07-28,3.1000,7006200
S59,2025-08-04,3.1200,4777000
S59,2025-08-11,3.1200,6235400
S59,2025-08-18,3.1100,2841100
S59,2025-08-25,3.1400,3060200
S59,2025-09-01,3.1100,2059400
S59,2025-09-08,3.1300,1952000
S59,2025-09-15,3.2800,4980700
S59,2025-09-22,3.4800,11861200
S59,2025-09-29,3.5600,20839000
S59,2025-10-06,3.5100,5686600
S59,2025-10-13,3.3700,4360200
S59,2025-10-20,3.5300,3082300
S59,2025-10-27,3.5300,2059000
S59,2025-11-03,3.6600,7714300
S59,2025-11-10,3.7300,6197600
S59,2025-11-17,3.6100,3013700
S59,2025-11-24,3.5800,2663600
S59,2025-12-01,3.5100,2146400
S59,2025-12-08,3.4300,2134200
S59,2025-12-15,3.5100,3067600
S59,2025-12-22,3.5300,1542300
S59,2025-12-29,3.5800,1299200
S59,2026-01-05,3.7200,2729500
S59,2026-01-12,3.4800,4719900
S59,2026-01-19,3.4300,4096100
S59,2026-01-26,3.3000,3871800
S59,2026-02-02,3.3500,4744300
S59,2026-02-09,3.4600,4626300
S59,2026-02-16,3.5000,3404200
S59,2026-02-23,3.5200,6140400
S59,2026-03-02,3.2200,7365500
S59,2026-03-09,3.1600,5575400
S59,2026-03-16,3.2800,3921600
S59,2026-03-23,3.2300,4787900
S59,2026-03-30,3.2600,4105400
S59,2026-04-06,3.3300,1870900
S59,2026-04-13,3.2600,2548600
S59,2026-04-20,3.1800,3107000
S59,2026-04-27,3.1400,2856100
S59,2026-05-04,3.2600,4438900
S59,2026-05-11,3.1500,5917600
S59,2026-05-18,3.1700,4254800
S59,2026-05-25,3.2300,4442400
S59,2026-06-01,3.1800,3275400
S59,2026-06-08,3.2000,3959700
S59,2026-06-15,3.3900,5669200
S59,2026-06-22,3.4900,5050800
S59,2026-06-29,3.4700,3264100
S63,2023-07-03,3.5700,13868300
S63,2023-07-10,3.7000,17702900
S63,2023-07-17,3.6900,15541700
S63,2023-07-24,3.7500,16736000
S63,2023-07-31,3.7000,14836371
S63,2023-08-07,3.7800,12280300
S63,2023-08-14,3.8500,34514100
S63,2023-08-21,3.8200,21473100
S63,2023-08-28,3.8100,23595700
S63,2023-09-04,3.8500,16588300
S63,2023-09-11,3.9300,21517700
S63,2023-09-18,3.8300,15016800
S63,2023-09-25,3.9100,17638700
S63,2023-10-02,3.8400,14677300
S63,2023-10-09,3.9700,21086000
S63,2023-10-16,3.7900,17327700
S63,2023-10-23,3.7500,11703600
S63,2023-10-30,3.9100,15149400
S63,2023-11-06,3.7600,17064300
S63,2023-11-13,3.8700,12864000
S63,2023-11-20,3.7500,10884000
S63,2023-11-27,3.7300,18582200
S63,2023-12-04,3.7700,16183100
S63,2023-12-11,3.7900,17411700
S63,2024-01-01,3.7800,12481600
S63,2024-01-08,3.8800,14602200
S63,2024-01-15,3.8300,18118800
S63,2024-01-22,3.8000,14855700
S63,2024-01-29,3.8000,40763000
S63,2024-02-05,3.7700,14580500
S63,2024-02-12,3.9100,18778400
S63,2024-02-19,3.9700,21643400
S63,2024-02-26,3.9700,23255900
S63,2024-03-04,3.9800,15808000
S63,2024-03-11,3.9400,17236300
S63,2024-03-18,3.9900,15889300
S63,2024-03-25,4.0200,18239840
S63,2024-04-01,3.9900,17828100
S63,2024-04-08,3.9900,14428300
S63,2024-04-15,3.9500,23755200
S63,2024-04-22,4.0400,24189300
S63,2024-04-29,3.9400,16343900
S63,2024-05-06,3.9800,21547200
S63,2024-05-13,4.2300,32155200
S63,2024-05-20,4.1500,13850300
S63,2024-05-27,4.1800,23795200
S63,2024-06-03,4.0900,22660300
S63,2024-06-10,3.9800,19890300
S63,2024-06-17,4.0400,16274900
S63,2024-06-24,4.3300,47050700
S63,2024-07-01,4.2600,20656100
S63,2024-07-08,4.3800,27260400
S63,2024-07-15,4.4500,19947600
S63,2024-07-22,4.4000,11286400
S63,2024-07-29,4.4000,17712644
S63,2024-08-05,4.2200,24981900
S63,2024-08-12,4.5600,33027300
S63,2024-08-19,4.5000,19497700
S63,2024-08-26,4.4500,22828700
S63,2024-09-02,4.4000,19958000
S63,2024-09-09,4.6700,33075891
S63,2024-09-16,4.6900,20801900
S63,2024-09-23,4.6200,19408900
S63,2024-09-30,4.6900,23162400
S63,2024-10-07,4.6700,13806800
S63,2024-10-14,4.8100,18214200
S63,2024-10-21,4.7200,17629200
S63,2024-10-28,4.5400,35827200
S63,2024-11-04,4.6800,26949100
S63,2024-11-11,4.7100,14382800
S63,2024-11-18,4.6800,42670200
S63,2024-11-25,4.5000,31979621
S63,2024-12-02,4.5800,24330200
S63,2024-12-09,4.5300,18279400
S63,2024-12-16,4.5300,18988300
S63,2024-12-23,4.6000,5462900
S63,2024-12-30,4.7000,11926200
S63,2025-01-06,4.6400,13246200
S63,2025-01-13,4.7300,16389400
S63,2025-01-20,4.7900,18654400
S63,2025-01-27,4.8400,11119320
S63,2025-02-03,5.0000,18610300
S63,2025-02-10,4.9500,19820900
S63,2025-02-17,5.0900,25879400
S63,2025-02-24,5.4100,51401800
S63,2025-03-03,6.1300,92837000
S63,2025-03-10,6.2100,50115300
S63,2025-03-17,6.6200,70530900
S63,2025-03-24,6.7900,47247013
S63,2025-03-31,6.6900,39790500
S63,2025-04-07,6.6700,77139100
S63,2025-04-14,7.1300,28854600
S63,2025-04-21,7.2300,40579412
S63,2025-04-28,7.3500,20654000
S63,2025-05-05,7.6300,28582500
S63,2025-05-12,7.4100,35914900
S63,2025-05-19,7.5300,26650700
S63,2025-05-26,7.8200,47472200
S63,2025-06-02,7.9500,25597200
S63,2025-06-09,7.8000,25662393
S63,2025-06-16,7.8800,22709500
S63,2025-06-23,7.8300,26027273
S63,2025-06-30,7.8000,23550321
S63,2025-07-07,8.0800,32284600
S63,2025-07-14,8.4000,21311500
S63,2025-07-21,8.8700,33782271
S63,2025-07-28,8.6600,21613200
S63,2025-08-04,8.6900,22395000
S63,2025-08-11,8.4600,32168700
S63,2025-08-18,7.8400,30314900
S63,2025-08-25,7.6800,28535400
S63,2025-09-01,7.9200,22852400
S63,2025-09-08,8.1500,18851100
S63,2025-09-15,8.4900,27387620
S63,2025-09-22,8.4500,15133100
S63,2025-09-29,8.7000,26278500
S63,2025-10-06,8.5500,30076100
S63,2025-10-13,8.1000,26897700
S63,2025-10-20,8.5800,19562700
S63,2025-10-27,8.4900,13636600
S63,2025-11-03,8.2900,22016200
S63,2025-11-10,8.4900,31572200
S63,2025-11-17,8.4200,21768100
S63,2025-11-24,8.3000,22745356
S63,2025-12-01,8.1700,16840700
S63,2025-12-08,8.3400,16127100
S63,2025-12-15,8.1800,19171620
S63,2025-12-22,8.3700,10832290
S63,2025-12-29,8.4100,7882200
S63,2026-01-05,8.9700,34773400
S63,2026-01-12,9.6000,25828400
S63,2026-01-19,9.3600,20524500
S63,2026-01-26,9.8000,29495900
S63,2026-02-02,9.7100,27429300
S63,2026-02-09,10.0100,33298000
S63,2026-02-16,10.1800,11780700
S63,2026-02-23,9.9700,35011100
S63,2026-03-02,10.9500,53818381
S63,2026-03-09,10.8800,39890800
S63,2026-03-16,10.9400,33162886
S63,2026-03-23,10.9800,32741947
S63,2026-03-30,11.0300,25741900
S63,2026-04-06,11.4100,19649171
S63,2026-04-13,11.2700,17783800
S63,2026-04-20,11.0200,18462849
S63,2026-04-27,10.7200,18870200
S63,2026-05-04,10.6600,19690300
S63,2026-05-11,10.3700,20867048
S63,2026-05-18,11.2700,23727800
S63,2026-05-25,11.3800,27932500
S63,2026-06-01,10.8900,21346000
S63,2026-06-08,10.5700,22754700
S63,2026-06-15,10.8300,28307400
S63,2026-06-22,10.4100,31477671
S63,2026-06-29,10.8500,24994400
S63,2026-07-06,10.9600,20772100
S63,2026-07-13,10.4300,19948600
S63,2026-07-20,10.6000,20218971
S63,2026-07-27,10.0800,32485800
S63,2026-08-03,10.3200,21522200
S63,2026-08-10,10.9600,36417800
S63,2026-08-17,10.6800,25328400
S63,2026-08-24,10.6400,15977700
S68,2023-07-03,9.2800,6677200
S68,2023-07-10,9.5700,7261500
S68,2023-07-17,9.5500,9340700
S68,2023-07-24,9.7200,8926100
S68,2023-07-31,9.6800,11084754
S68,2023-08-07,9.5900,7101100
S68,2023-08-14,9.5500,9040600
S68,2023-08-21,9.5100,10149100
S68,2023-08-28,9.6300,7648800
S68,2023-09-04,9.6300,4456600
S68,2023-09-11,9.9300,10753300
S68,2023-09-18,9.7400,10408600
S68,2023-09-25,9.7500,8215800
S68,2023-10-02,9.7700,6222200
S68,2023-10-09,9.7700,5949700
S68,2023-10-16,9.5900,6386600
S68,2023-10-23,9.4400,7258300
S68,2023-10-30,9.5300,8022900
S68,2023-11-06,9.7100,11641700
S68,2023-11-13,9.5400,7655500
S68,2023-11-20,9.5500,6518900
S68,2023-11-27,9.6100,11583200
S68,2023-12-04,9.6000,6267300
S68,2023-12-11,9.5200,8491600
S68,2024-01-01,9.6800,3714300
S68,2024-01-08,9.8900,7182700
S68,2024-01-15,9.6100,10049800
S68,2024-01-22,9.6600,6159100
S68,2024-01-29,9.5400,11787000
S68,2024-02-05,9.1600,10324600
S68,2024-02-12,9.3700,9250700
S68,2024-02-19,9.5700,9625100
S68,2024-02-26,9.4200,9449900
S68,2024-03-04,9.3300,7153400
S68,2024-03-11,9.4300,7685400
S68,2024-03-18,9.3300,7787500
S68,2024-03-25,9.2100,9252500
S68,2024-04-01,9.2200,8618500
S68,2024-04-08,9.1300,6242400
S68,2024-04-15,9.0600,9615800
S68,2024-04-22,9.3100,12476600
S68,2024-04-29,9.1600,8863100
S68,2024-05-06,9.2900,7922400
S68,2024-05-13,9.2400,7750600
S68,2024-05-20,9.3800,10695100
S68,2024-05-27,9.5600,13609400
S68,2024-06-03,9.6700,11450000
S68,2024-06-10,9.5300,5442400
S68,2024-06-17,9.4600,5390000
S68,2024-06-24,9.4800,8571200
S68,2024-07-01,9.5800,8653400
S68,2024-07-08,9.8000,7118900
S68,2024-07-15,9.7700,7410800
S68,2024-07-22,9.6800,7200800
S68,2024-07-29,9.7700,8871900
S68,2024-08-05,9.8200,13136300
S68,2024-08-12,10.3900,17394300
S68,2024-08-19,10.6800,15863300
S68,2024-08-26,10.8300,11402600
S68,2024-09-02,10.8700,12319000
S68,2024-09-09,11.2300,26666500
S68,2024-09-16,11.2500,11170700
S68,2024-09-23,11.2700,11408500
S68,2024-09-30,11.6800,16292000
S68,2024-10-07,11.6800,14895565
S68,2024-10-14,11.7400,8764900
S68,2024-10-21,11.6500,6849900
S68,2024-10-28,11.4100,9916600
S68,2024-11-04,11.4500,10237800
S68,2024-11-11,11.4200,8290906
S68,2024-11-18,12.7500,19446700
S68,2024-11-25,12.7200,15151349
S68,2024-12-02,12.6900,10725900
S68,2024-12-09,12.4600,11420700
S68,2024-12-16,12.3500,13853000
S68,2024-12-23,12.5000,2816900
S68,2024-12-30,12.4700,5580600
S68,2025-01-06,12.1500,11196600
S68,2025-01-13,12.1600,10950700
S68,2025-01-20,12.3000,12324500
S68,2025-01-27,12.2700,6026300
S68,2025-02-03,13.9900,23231900
S68,2025-02-10,12.6900,19435800
S68,2025-02-17,12.8000,16150400
S68,2025-02-24,13.4500,19695400
S68,2025-03-03,13.2700,11133900
S68,2025-03-10,12.7900,12123900
S68,2025-03-17,13.0900,12557100
S68,2025-03-24,13.3700,10726717
S68,2025-03-31,13.0200,11773200
S68,2025-04-07,12.6900,29941900
S68,2025-04-14,13.7300,13832270
S68,2025-04-21,14.3600,19240600
S68,2025-04-28,14.3400,9993800
S68,2025-05-05,14.4000,12850000
S68,2025-05-12,13.8700,13190100
S68,2025-05-19,13.8000,11503900
S68,2025-05-26,14.0200,23123400
S68,2025-06-02,14.3400,13574200
S68,2025-06-09,14.0000,10957900
S68,2025-06-16,13.7400,9876300
S68,2025-06-23,14.7200,15346600
S68,2025-06-30,15.1700,13200614
S68,2025-07-07,15.4600,12775000
S68,2025-07-14,15.7900,9213700
S68,2025-07-21,15.8600,7605000
S68,2025-07-28,15.9100,10530500
S68,2025-08-04,16.0200,10452977
S68,2025-08-11,16.1600,14361900
S68,2025-08-18,16.5200,8848500
S68,2025-08-25,16.5700,13555363
S68,2025-09-01,16.2500,8366700
S68,2025-09-08,16.5700,7177000
S68,2025-09-15,16.8700,11033500
S68,2025-09-22,16.5600,8484400
S68,2025-09-29,17.5300,14755400
S68,2025-10-06,17.5100,7674100
S68,2025-10-13,16.7500,10738000
S68,2025-10-20,17.4500,8118500
S68,2025-10-27,16.9300,10498500
S68,2025-11-03,16.8200,33895600
S68,2025-11-10,16.9300,9655983
S68,2025-11-17,16.7200,11024900
S68,2025-11-24,16.8600,18327839
S68,2025-12-01,16.7800,13574800
S68,2025-12-08,16.9400,11505500
S68,2025-12-15,16.8700,9613600
S68,2025-12-22,17.1300,5293500
S68,2025-12-29,17.0500,4530000
S68,2026-01-05,17.5100,11899500
S68,2026-01-12,17.7000,8287000
S68,2026-01-19,17.5200,10129500
S68,2026-01-26,17.6300,8424190
S68,2026-02-02,17.5700,21837756
S68,2026-02-09,18.1300,25428600
S68,2026-02-16,17.9000,7511500
S68,2026-02-23,18.2000,15188400
S68,2026-03-02,17.8200,20710700
S68,2026-03-09,18.4000,18648300
S68,2026-03-16,19.2800,20050402
S68,2026-03-23,19.6700,16982300
S68,2026-03-30,20.0000,13934700
S68,2026-04-06,21.0900,12541900
S68,2026-04-13,21.3300,11787600
S68,2026-04-20,21.7300,9248209
S68,2026-04-27,21.7000,7510600
S68,2026-05-04,20.9100,13378600
S68,2026-05-11,21.1300,11778500
S68,2026-05-18,22.4000,11177900
S68,2026-05-25,21.8800,18339463
S68,2026-06-01,21.7400,10700900
S68,2026-06-08,22.5800,13078800
S68,2026-06-15,23.9400,16618900
S68,2026-06-22,24.1500,11894200
S68,2026-06-29,24.0500,9313019
S68,2026-07-06,24.2400,12663100
S68,2026-07-13,23.8800,16020800
S68,2026-07-20,23.6500,13996900
S68,2026-07-27,24.4600,15504552
S68,2026-08-10,25.2400,10711800
S68,2026-08-17,24.8900,10439100
S68,2026-08-24,25.5100,10111100
T6I,2025-06-30,0.5950,1009900
T6I,2025-07-07,0.6100,292609
T6I,2025-07-14,0.6600,1239100
T6I,2025-07-21,0.7350,1483500
T6I,2025-07-28,0.7150,1821800
T6I,2025-08-04,0.7350,1232100
T6I,2025-08-11,0.7700,2781900
T6I,2025-08-18,0.8600,3665600
T6I,2025-08-25,0.8200,1674200
T6I,2025-09-01,0.8900,1707500
T6I,2025-09-08,1.0300,3603700
T6I,2025-09-15,0.8800,3421700
T6I,2025-09-22,0.9050,2556900
T6I,2025-09-29,1.0500,2794500
T6I,2025-10-06,0.9900,2609200
T6I,2025-10-13,1.0000,1414700
T6I,2025-10-20,1.0300,1159900
T6I,2025-10-27,0.9300,1797100
T6I,2025-11-03,0.9750,1227400
T6I,2025-11-10,0.9150,872000
T6I,2025-11-17,0.8900,784700
T6I,2025-11-24,0.9400,1663100
T6I,2025-12-01,0.9950,2557300
T6I,2025-12-08,0.9800,675800
T6I,2025-12-15,0.9550,1027600
T6I,2025-12-22,0.9850,742500
T6I,2025-12-29,0.9400,352600
T6I,2026-01-05,0.9800,812800
T6I,2026-01-12,0.9850,1682800
T6I,2026-01-19,1.0500,3251200
T6I,2026-01-26,1.1700,6811200
T6I,2026-02-02,1.1300,2948800
T6I,2026-02-09,1.1700,1072300
T6I,2026-02-16,1.2200,2637700
T6I,2026-02-23,1.1200,44540500
T6I,2026-03-02,1.0400,5850300
T6I,2026-03-09,1.0400,1640200
T6I,2026-03-16,1.0100,816200
T6I,2026-03-23,1.0200,2216900
T6I,2026-03-30,1.0600,808200
T6I,2026-04-06,1.1300,1891500
T6I,2026-04-13,1.1800,3718700
T6I,2026-04-20,1.0400,3465300
T6I,2026-04-27,1.0900,790200
T6I,2026-05-04,1.0700,1607200
T6I,2026-05-11,1.0200,2716100
T6I,2026-05-18,0.9750,1076900
T6I,2026-05-25,0.9600,1454600
T6I,2026-06-01,0.9850,533600
T6I,2026-06-08,0.9750,1625200
T6I,2026-06-15,0.9600,1419700
T6I,2026-06-22,0.8950,963500
T6I,2026-06-29,0.9300,1865300
T82U,2023-07-03,1.2600,21276800
T82U,2023-07-10,1.2900,33067500
T82U,2023-07-17,1.2800,16734600
T82U,2023-07-24,1.3000,38059400
T82U,2023-07-31,1.2500,32267200
T82U,2023-08-07,1.2400,29161700
T82U,2023-08-14,1.2100,46122700
T82U,2023-08-21,1.2100,24551800
T82U,2023-08-28,1.2100,13885200
T82U,2023-09-04,1.2200,11691900
T82U,2023-09-11,1.2200,25970300
T82U,2023-09-18,1.1900,17734233
T82U,2023-09-25,1.1600,25210500
T82U,2023-10-02,1.1600,18121500
T82U,2023-10-09,1.1400,25858100
T82U,2023-10-16,1.1200,20122300
T82U,2023-10-23,1.0900,31871300
T82U,2023-10-30,1.1300,39129000
T82U,2023-11-06,1.1000,26196600
T82U,2023-11-13,1.1200,23410800
T82U,2023-11-20,1.1400,21932500
T82U,2023-11-27,1.1500,12790700
T82U,2023-12-04,1.1700,24324600
T82U,2023-12-11,1.2200,32660500
T82U,2024-01-01,1.2400,12667100
T82U,2024-01-08,1.2300,25568200
T82U,2024-01-15,1.1900,27043200
T82U,2024-01-22,1.1900,32117100
T82U,2024-01-29,1.1900,47547700
T82U,2024-02-05,1.1700,23340700
T82U,2024-02-12,1.1700,18328200
T82U,2024-02-19,1.1600,13515000
T82U,2024-02-26,1.1400,33225200
T82U,2024-03-04,1.0900,73847300
T82U,2024-03-11,1.0700,117138000
T82U,2024-03-18,1.0900,64562800
T82U,2024-03-25,1.0800,40341200
T82U,2024-04-01,1.1300,31621600
T82U,2024-04-08,1.1100,29165300
T82U,2024-04-15,1.0600,31542200
T82U,2024-04-22,1.0900,24647700
T82U,2024-04-29,1.0600,23946300
T82U,2024-05-06,1.0900,42059100
T82U,2024-05-13,1.1000,46454000
T82U,2024-05-20,1.0900,25082900
T82U,2024-05-27,1.0700,28723300
T82U,2024-06-03,1.0900,38598900
T82U,2024-06-10,1.0600,33131000
T82U,2024-06-17,1.0600,40199100
T82U,2024-06-24,1.0500,15939400
T82U,2024-07-01,1.0700,17464600
T82U,2024-07-08,1.1600,39567400
T82U,2024-07-15,1.1700,39398900
T82U,2024-07-22,1.1800,40693300
T82U,2024-07-29,1.2100,37160100
T82U,2024-08-05,1.1700,46684900
T82U,2024-08-12,1.1900,53098600
T82U,2024-08-19,1.2100,51291500
T82U,2024-08-26,1.2300,60639000
T82U,2024-09-02,1.2500,73268900
T82U,2024-09-09,1.3000,63808300
T82U,2024-09-16,1.3300,99810400
T82U,2024-09-23,1.3400,68258700
T82U,2024-09-30,1.3300,60988500
T82U,2024-10-07,1.2700,32705800
T82U,2024-10-14,1.2800,18796600
T82U,2024-10-21,1.2300,33517500
T82U,2024-10-28,1.1700,44736700
T82U,2024-11-04,1.1200,76213400
T82U,2024-11-11,1.1500,15556400
T82U,2024-11-18,1.1400,22577100
T82U,2024-11-25,1.1400,47289400
T82U,2024-12-02,1.2300,117476100
T82U,2024-12-09,1.2200,30382000
T82U,2024-12-16,1.1700,32967600
T82U,2024-12-23,1.1700,21814100
T82U,2024-12-30,1.2100,14790200
T82U,2025-01-06,1.2100,43268747
T82U,2025-01-13,1.2300,31760300
T82U,2025-01-20,1.2100,41596900
T82U,2025-01-27,1.1900,37162000
T82U,2025-02-03,1.1700,69934600
T82U,2025-02-10,1.1700,56544500
T82U,2025-02-17,1.1400,46992100
T82U,2025-02-24,1.1400,32655700
T82U,2025-03-03,1.1200,14876300
T82U,2025-03-10,1.1700,29487500
T82U,2025-03-17,1.1700,18781000
T82U,2025-03-24,1.1800,16917800
T82U,2025-03-31,1.1800,26427800
T82U,2025-04-07,1.0800,63837000
T82U,2025-04-14,1.1300,14209800
T82U,2025-04-21,1.1500,20128400
T82U,2025-04-28,1.1300,14806900
T82U,2025-05-05,1.1400,7474400
T82U,2025-05-12,1.1400,9646800
T82U,2025-05-19,1.1300,7432000
T82U,2025-05-26,1.1300,14804400
T82U,2025-06-02,1.1300,25015100
T82U,2025-06-09,1.1400,16038700
T82U,2025-06-16,1.1200,28217000
T82U,2025-06-23,1.1300,17984000
T82U,2025-06-30,1.1300,31237900
T82U,2025-07-07,1.1200,28979300
T82U,2025-07-14,1.1300,14473600
T82U,2025-07-21,1.1900,31312400
T82U,2025-07-28,1.1700,34421000
T82U,2025-08-04,1.2400,53389100
T82U,2025-08-11,1.2500,31955100
T82U,2025-08-18,1.2700,45463500
T82U,2025-08-25,1.3200,50447900
T82U,2025-09-01,1.3100,55052600
T82U,2025-09-08,1.3400,37056100
T82U,2025-09-15,1.3100,29820700
T82U,2025-09-22,1.3000,22955500
T82U,2025-09-29,1.3200,53699900
T82U,2025-10-06,1.3200,33091300
T82U,2025-10-13,1.3100,24227100
T82U,2025-10-20,1.3700,39009600
T82U,2025-10-27,1.3400,31814800
T82U,2025-11-03,1.3500,18877700
T82U,2025-11-10,1.3700,26516400
T82U,2025-11-17,1.3700,18298580
T82U,2025-11-24,1.3700,12856200
T82U,2025-12-01,1.3800,16165600
T82U,2025-12-08,1.3800,21284600
T82U,2025-12-15,1.4700,65338600
T82U,2025-12-22,1.4300,13838200
T82U,2025-12-29,1.4100,11798900
T82U,2026-01-05,1.4100,27638700
T82U,2026-01-12,1.4200,13120200
T82U,2026-01-19,1.4600,33958500
T82U,2026-01-26,1.4400,48922400
T82U,2026-02-02,1.4600,34609800
T82U,2026-02-09,1.4300,37684700
T82U,2026-02-16,1.4400,8421100
T82U,2026-02-23,1.4200,30220900
T82U,2026-03-02,1.3600,68366400
T82U,2026-03-09,1.3600,64503600
T82U,2026-03-16,1.5000,383326610
T82U,2026-03-23,1.4900,94844200
T82U,2026-03-30,1.4700,28852000
T82U,2026-04-06,1.5200,35953800
T82U,2026-04-13,1.4900,41986500
T82U,2026-04-20,1.5000,27384100
T82U,2026-04-27,1.4900,29198700
T82U,2026-05-04,1.4800,45767600
T82U,2026-05-11,1.4400,33631500
T82U,2026-05-18,1.4600,41933100
T82U,2026-05-25,1.4700,27951400
T82U,2026-06-01,1.4500,28803500
T82U,2026-06-08,1.4500,33156500
T82U,2026-06-15,1.4200,28108500
T82U,2026-06-22,1.4600,36761600
T82U,2026-06-29,1.4600,30994800
T82U,2026-07-13,1.5200,42194900
TS0U,2023-07-03,0.3050,11220700
TS0U,2023-07-10,0.3150,9663700
TS0U,2023-07-17,0.3100,7466100
TS0U,2023-07-24,0.3100,9206600
TS0U,2023-07-31,0.2950,12860800
TS0U,2023-08-07,0.2850,16993100
TS0U,2023-08-14,0.2600,30582800
TS0U,2023-08-21,0.2350,46617000
TS0U,2023-08-28,0.2350,110566132
TS0U,2023-09-04,0.2250,42221560
TS0U,2023-09-11,0.2100,66144500
TS0U,2023-09-18,0.2200,48692200
TS0U,2023-09-25,0.2350,35673900
TS0U,2023-10-02,0.2250,15520900
TS0U,2023-10-09,0.2250,14241600
TS0U,2023-10-16,0.2250,12373600
TS0U,2023-10-23,0.2300,9118500
TS0U,2023-10-30,0.2450,22520200
TS0U,2023-11-06,0.2450,25116700
TS0U,2023-11-13,0.2500,12085000
TS0U,2023-11-20,0.2500,17852000
TS0U,2023-11-27,0.2550,17746500
TS0U,2023-12-04,0.2800,19619100
TS0U,2023-12-11,0.2850,21325700
TS0U,2024-01-01,0.2900,6259500
TS0U,2024-01-08,0.2700,17330100
TS0U,2024-01-15,0.2650,24316000
TS0U,2024-01-22,0.2800,8414000
TS0U,2024-01-29,0.2850,14028900
TS0U,2024-02-05,0.2650,13610600
TS0U,2024-02-12,0.2600,10772200
TS0U,2024-02-19,0.2650,3671400
TS0U,2024-02-26,0.2650,5029500
TS0U,2024-03-04,0.2600,8663400
TS0U,2024-03-11,0.2600,8586500
TS0U,2024-03-18,0.2750,11323300
TS0U,2024-03-25,0.2800,16565000
TS0U,2024-04-01,0.2750,5961100
TS0U,2024-04-08,0.2700,10020800
TS0U,2024-04-15,0.2600,8910100
TS0U,2024-04-22,0.2650,7729100
TS0U,2024-04-29,0.2650,2676700
TS0U,2024-05-06,0.2700,11615900
TS0U,2024-05-13,0.2750,10293100
TS0U,2024-05-20,0.2650,6030300
TS0U,2024-05-27,0.2700,11520300
TS0U,2024-06-03,0.2650,8077700
TS0U,2024-06-10,0.2650,6494900
TS0U,2024-06-17,0.2600,11210500
TS0U,2024-06-24,0.2600,9813610
TS0U,2024-07-01,0.2650,3741200
TS0U,2024-07-08,0.2850,14526500
TS0U,2024-07-15,0.3000,22190200
TS0U,2024-07-22,0.2850,17475200
TS0U,2024-07-29,0.2800,15620600
TS0U,2024-08-05,0.2750,9338500
TS0U,2024-08-12,0.2750,4748400
TS0U,2024-08-19,0.2800,7871700
TS0U,2024-08-26,0.2900,12297800
TS0U,2024-09-02,0.3000,9318100
TS0U,2024-09-09,0.3150,12140400
TS0U,2024-09-16,0.3250,94819300
TS0U,2024-09-23,0.3300,24496200
TS0U,2024-09-30,0.3200,26162600
TS0U,2024-10-07,0.3150,5396700
TS0U,2024-10-14,0.3150,6672100
TS0U,2024-10-21,0.2950,16046900
TS0U,2024-10-28,0.2950,7472300
TS0U,2024-11-04,0.2900,7353800
TS0U,2024-11-11,0.2850,4950500
TS0U,2024-11-18,0.2850,11638300
TS0U,2024-11-25,0.2750,11188400
TS0U,2024-12-02,0.2850,8310200
TS0U,2024-12-09,0.2800,5568000
TS0U,2024-12-16,0.2700,13564400
TS0U,2024-12-23,0.2800,6556900
TS0U,2024-12-30,0.2850,9476400
TS0U,2025-01-06,0.2900,13014400
TS0U,2025-01-13,0.2950,9522200
TS0U,2025-01-20,0.3000,13498600
TS0U,2025-01-27,0.2950,10519900
TS0U,2025-02-03,0.2750,15138600
TS0U,2025-02-10,0.2800,4613800
TS0U,2025-02-17,0.2700,10015100
TS0U,2025-02-24,0.2750,8460200
TS0U,2025-03-03,0.2700,6376000
TS0U,2025-03-10,0.2800,13252700
TS0U,2025-03-17,0.2800,13637800
TS0U,2025-03-24,0.2850,12459000
TS0U,2025-03-31,0.2850,5569800
TS0U,2025-04-07,0.2650,22707700
TS0U,2025-04-14,0.2800,7009600
TS0U,2025-04-21,0.2750,5734200
TS0U,2025-04-28,0.2900,7951000
TS0U,2025-05-05,0.2850,6458200
TS0U,2025-05-12,0.2800,6983300
TS0U,2025-05-19,0.2800,5197000
TS0U,2025-05-26,0.2750,4460000
TS0U,2025-06-02,0.2800,5226000
TS0U,2025-06-09,0.2850,11212000
TS0U,2025-06-16,0.2900,12322100
TS0U,2025-06-23,0.2900,7393100
U10,2025-06-30,2.1300,5986800
U10,2025-07-07,2.2200,19548537
U10,2025-07-14,2.2500,2761100
U10,2025-07-21,2.6100,7057500
U10,2025-07-28,2.4200,5739400
U10,2025-08-04,2.4500,4394300
U10,2025-08-11,2.2300,7590000
U10,2025-08-18,2.3500,4619500
U10,2025-08-25,2.3900,4093000
U10,2025-09-01,2.6700,9356000
U10,2025-09-08,2.6200,4491900
U10,2025-09-15,2.5400,4805600
U10,2025-09-22,2.3900,3655800
U10,2025-09-29,2.4300,3106800
U10,2025-10-06,2.4800,3273500
U10,2025-10-13,2.3200,3145400
U10,2025-10-20,2.4500,1229400
U10,2025-10-27,2.4500,1116300
U10,2025-11-03,2.5100,5753800
U10,2025-11-10,2.4900,1617000
U10,2025-11-17,2.4200,1647800
U10,2025-11-24,2.4200,1389700
U10,2025-12-01,2.4800,1612900
U10,2025-12-08,2.5300,2906700
U10,2025-12-15,2.5400,2162900
U10,2025-12-22,2.5900,1816200
U10,2025-12-29,2.5600,1401700
U10,2026-01-05,2.5900,2023100
U10,2026-01-12,2.6800,3099300
U10,2026-01-19,2.9200,5309700
U10,2026-01-26,3.1500,6212800
U10,2026-02-02,3.0700,2854500
U10,2026-02-09,3.2600,4852000
U10,2026-02-16,3.2500,2871900
U10,2026-02-23,3.1100,14663600
U10,2026-03-02,3.2300,10989300
U10,2026-03-09,3.0200,6063800
U10,2026-03-16,3.1700,15920900
U10,2026-03-23,3.5300,9954600
U10,2026-03-30,3.4400,3284000
U10,2026-04-06,3.9000,5237700
U10,2026-04-13,3.9000,5923300
U10,2026-04-20,3.8500,3920100
U10,2026-04-27,4.0700,3892100
U10,2026-05-04,4.2000,17099100
U10,2026-05-11,4.0400,4444800
U10,2026-05-18,3.9200,2531400
U10,2026-05-25,3.9400,3320500
U10,2026-06-01,3.7500,2400100
U10,2026-06-08,3.7000,2089400
U10,2026-06-15,3.9100,2451000
U10,2026-06-22,3.6400,1927600
U10,2026-06-29,3.8800,2984000
U10,2026-07-06,4.3700,7388200
U10,2026-08-10,4.3500,9350200
U11,2023-07-03,27.4000,10320063
U11,2023-07-10,27.8300,15684900
U11,2023-07-17,28.6200,19675200
U11,2023-07-24,29.8900,22782300
U11,2023-07-31,28.8000,15518300
U11,2023-08-07,28.9800,7963000
U11,2023-08-14,27.9300,11877000
U11,2023-08-21,28.0800,9770200
U11,2023-08-28,28.4400,7418237
U11,2023-09-04,28.2800,6698888
U11,2023-09-11,29.2000,11773000
U11,2023-09-18,28.2200,9762000
U11,2023-09-25,28.5000,9369000
U11,2023-10-02,28.2600,10704000
U11,2023-10-09,28.3400,9487800
U11,2023-10-16,27.7600,14989400
U11,2023-10-23,27.0300,16640600
U11,2023-10-30,27.7100,14304900
U11,2023-11-06,27.4000,10633900
U11,2023-11-13,27.3500,10515000
U11,2023-11-20,27.2900,6888700
U11,2023-11-27,27.3100,12668863
U11,2023-12-04,27.5800,10451222
U11,2023-12-11,27.8200,13554915
U11,2024-01-01,28.3400,6253200
U11,2024-01-08,28.3000,10701800
U11,2024-01-15,27.8500,13493500
U11,2024-01-22,28.5000,11199000
U11,2024-01-29,28.6200,9195800
U11,2024-02-05,28.1400,10155500
U11,2024-02-12,29.1900,10215500
U11,2024-02-19,28.2500,18916600
U11,2024-02-26,28.1900,20758900
U11,2024-03-04,28.3000,12181200
U11,2024-03-11,28.9200,22260105
U11,2024-03-18,29.0700,13289500
U11,2024-03-25,29.3100,20044500
U11,2024-04-01,29.4000,11660246
U11,2024-04-08,29.5700,10347500
U11,2024-04-15,29.9300,24473200
U11,2024-04-22,30.4100,23923346
U11,2024-04-29,30.6500,12814400
U11,2024-05-06,30.3400,14495400
U11,2024-05-13,30.2700,12246000
U11,2024-05-20,30.5500,7504500
U11,2024-05-27,30.7900,12783921
U11,2024-06-03,30.7600,9988311
U11,2024-06-10,30.5700,9075500
U11,2024-06-17,30.5700,9617910
U11,2024-06-24,31.3300,12177685
U11,2024-07-01,32.5000,13552900
U11,2024-07-08,33.0500,11957750
U11,2024-07-15,32.6300,12550300
U11,2024-07-22,32.2000,10933300
U11,2024-07-29,31.8300,16181279
U11,2024-08-05,30.0000,26076400
U11,2024-08-12,30.4300,12734400
U11,2024-08-19,30.7800,10315100
U11,2024-08-26,31.3900,12309217
U11,2024-09-02,31.4600,11586466
U11,2024-09-09,32.4400,10292528
U11,2024-09-16,32.9400,12216400
U11,2024-09-23,32.2200,15317450
U11,2024-09-30,31.8600,13322400
U11,2024-10-07,31.8200,8127800
U11,2024-10-14,32.6000,12506000
U11,2024-10-21,32.4900,8735900
U11,2024-10-28,32.1000,10420200
U11,2024-11-04,35.6900,25357000
U11,2024-11-11,36.3700,19748500
U11,2024-11-18,36.4300,10502100
U11,2024-11-25,36.3600,12234989
U11,2024-12-02,36.8800,12642700
U11,2024-12-09,37.3500,9635800
U11,2024-12-16,35.8400,13418700
U11,2024-12-23,36.0200,3906971
U11,2024-12-30,36.5800,5123300
U11,2025-01-06,36.8200,10388600
U11,2025-01-13,37.0300,10976200
U11,2025-01-20,37.2500,10154800
U11,2025-01-27,37.5100,7824900
U11,2025-02-03,37.3800,9856640
U11,2025-02-10,38.0600,12364000
U11,2025-02-17,38.3800,17361800
U11,2025-02-24,38.2000,17147100
U11,2025-03-03,38.6300,11414016
U11,2025-03-10,36.7100,18860971
U11,2025-03-17,37.9500,12611000
U11,2025-03-24,38.0900,15240940
U11,2025-03-31,35.4600,22123476
U11,2025-04-07,32.4700,44096600
U11,2025-04-14,34.8000,14141200
U11,2025-04-21,35.7300,20383900
U11,2025-04-28,34.9000,13452000
U11,2025-05-05,34.8300,15694370
U11,2025-05-12,35.5000,13522400
U11,2025-05-19,35.3200,14883600
U11,2025-05-26,35.4100,19024600
U11,2025-06-02,35.2500,15234340
U11,2025-06-09,34.9500,9802600
U11,2025-06-16,34.8900,11827300
U11,2025-06-23,36.0000,17249617
U11,2025-06-30,36.1200,9624200
U11,2025-07-07,36.8600,13224810
U11,2025-07-14,37.0000,13843900
U11,2025-07-21,37.1500,12628336
U11,2025-07-28,36.0700,14866500
U11,2025-08-04,35.7000,23150400
U11,2025-08-11,35.3400,21089500
U11,2025-08-18,35.4000,13352195
U11,2025-08-25,35.1900,15642957
U11,2025-09-01,35.8400,13288500
U11,2025-09-08,35.3000,15867205
U11,2025-09-15,34.6300,18709969
U11,2025-09-22,34.3900,11266200
U11,2025-09-29,35.2500,14075100
U11,2025-10-06,35.3300,10012654
U11,2025-10-13,34.3000,17359800
U11,2025-10-20,34.6500,10050001
U11,2025-10-27,34.6700,11148684
U11,2025-11-03,33.8600,29286600
U11,2025-11-10,34.0000,21275167
U11,2025-11-17,33.8500,13182690
U11,2025-11-24,33.9800,15006883
U11,2025-12-01,34.5200,11608200
U11,2025-12-08,34.7200,13905916
U11,2025-12-15,34.7000,12234258
U11,2025-12-22,35.1300,8694433
U11,2025-12-29,35.2500,7424066
U11,2026-01-05,36.0200,16254400
U11,2026-01-12,36.7400,15324732
U11,2026-01-19,39.5000,22462700
U11,2026-01-26,38.2700,19054600
U11,2026-02-02,38.5000,11832800
U11,2026-02-09,38.4700,18368700
U11,2026-02-16,38.6000,6900700
U11,2026-02-23,36.9700,28527212
U11,2026-03-02,36.0700,20600497
U11,2026-03-09,36.1600,16627100
U11,2026-03-16,37.1800,15935368
U11,2026-03-23,36.8500,13311279
U11,2026-03-30,36.9100,12037400
U11,2026-04-06,37.3900,10814950
U11,2026-04-13,37.4000,10168200
U11,2026-04-20,36.0000,13451192
U11,2026-04-27,36.1500,9379310
U11,2026-05-04,36.5600,15285500
U11,2026-05-11,37.3000,17865700
U11,2026-05-18,37.7000,11959720
U11,2026-05-25,37.6000,16281191
U11,2026-06-01,38.5500,16917500
U11,2026-06-08,38.1600,19396071
U11,2026-06-15,39.2500,18602816
U11,2026-06-22,39.8000,13109288
U11,2026-06-29,40.2400,11404317
U11,2026-07-06,44.3800,20243700
U11,2026-07-13,42.4700,22485100
U11,2026-07-20,43.3200,15410228
U11,2026-07-27,43.4000,15204732
U11,2026-08-03,43.3000,17763500
U11,2026-08-10,41.8000,23587408
U11,2026-08-17,40.5300,15742200
U11,2026-08-24,40.7800,10887700
U14,2023-07-03,6.5000,10964000
U14,2023-07-10,6.8100,9392600
U14,2023-07-17,6.7400,5086300
U14,2023-07-24,6.9500,6610800
U14,2023-07-31,6.8900,5634500
U14,2023-08-07,6.7400,4609500
U14,2023-08-14,6.5300,6277000
U14,2023-08-21,6.3800,5125000
U14,2023-08-28,6.6400,5798600
U14,2023-09-04,6.4300,5493800
U14,2023-09-11,6.6600,5476000
U14,2023-09-18,6.3800,5610000
U14,2023-09-25,6.4200,5640800
U14,2023-10-02,6.3900,5489500
U14,2023-10-09,6.5100,3738500
U14,2023-10-16,5.9400,7984600
U14,2023-10-23,5.7600,11515700
U14,2023-10-30,5.9900,8395100
U14,2023-11-06,5.9700,8540500
U14,2023-11-13,6.1500,12944200
U14,2023-11-20,6.0700,8078800
U14,2023-11-27,5.9100,14049000
U14,2023-12-04,6.0200,9777000
U14,2023-12-11,6.3000,13394200
U14,2024-01-01,6.1800,8524523
U14,2024-01-08,6.1700,8876400
U14,2024-01-15,6.2600,9943500
U14,2024-01-22,6.1000,9397200
U14,2024-01-29,6.2000,11990800
U14,2024-02-05,6.0800,11262600
U14,2024-02-12,6.0800,12792100
U14,2024-02-19,6.3400,14778100
U14,2024-02-26,5.7300,78660419
U14,2024-03-04,5.6000,22677600
U14,2024-03-11,5.6500,12720200
U14,2024-03-18,5.8100,10165400
U14,2024-03-25,5.7500,9974200
U14,2024-04-01,5.7700,6272400
U14,2024-04-08,5.7200,5255800
U14,2024-04-15,5.6000,8616300
U14,2024-04-22,5.7900,5174900
U14,2024-04-29,5.6500,6267800
U14,2024-05-06,5.6100,4757200
U14,2024-05-13,5.5900,5132100
U14,2024-05-20,5.4900,4348800
U14,2024-05-27,5.3900,8256000
U14,2024-06-03,5.3800,5436741
U14,2024-06-10,5.2700,4301500
U14,2024-06-17,5.1700,8968400
U14,2024-06-24,5.2000,3991724
U14,2024-07-01,5.2700,4339000
U14,2024-07-08,5.4300,6459600
U14,2024-07-15,5.3800,3157800
U14,2024-07-22,5.3100,3122300
U14,2024-07-29,5.3600,4273800
U14,2024-08-05,5.3200,5176200
U14,2024-08-12,5.2500,7166200
U14,2024-08-19,5.3700,5147900
U14,2024-08-26,5.3800,3882800
U14,2024-09-02,5.4100,3025200
U14,2024-09-09,5.5700,3542600
U14,2024-09-16,5.5400,6307200
U14,2024-09-23,5.6200,4222700
U14,2024-09-30,5.5900,5455700
U14,2024-10-07,5.4000,4620500
U14,2024-10-14,5.5100,5024500
U14,2024-10-21,5.3900,3742000
U14,2024-10-28,5.3800,3587900
U14,2024-11-04,5.3700,4425200
U14,2024-11-11,5.3500,3747300
U14,2024-11-18,5.3000,3121300
U14,2024-11-25,5.3000,3969700
U14,2024-12-02,5.3700,2788700
U14,2024-12-09,5.2600,2870300
U14,2024-12-16,5.0900,5654900
U14,2024-12-23,5.1600,1853400
U14,2024-12-30,5.2000,2851400
U14,2025-01-06,5.1000,5112900
U14,2025-01-13,5.1300,3705800
U14,2025-01-20,5.0800,5367200
U14,2025-01-27,5.0800,3091500
U14,2025-02-03,5.1100,4137400
U14,2025-02-10,5.1300,3959100
U14,2025-02-17,5.0900,3445500
U14,2025-02-24,5.4000,14869600
U14,2025-03-03,5.8100,14158200
U14,2025-03-10,5.7700,11740128
U14,2025-03-17,5.7900,7370400
U14,2025-03-24,5.9100,8296200
U14,2025-03-31,5.7600,5871700
U14,2025-04-07,5.4900,11381700
U14,2025-04-14,5.6400,5171400
U14,2025-04-21,5.7900,4971000
U14,2025-04-28,5.7900,4106500
U14,2025-05-05,5.7600,5522800
U14,2025-05-12,5.7600,3672800
U14,2025-05-19,5.7200,3814400
U14,2025-05-26,5.7100,4157300
U14,2025-06-02,6.1100,12741500
U14,2025-06-09,6.0400,6135800
U14,2025-06-16,5.9000,9392700
U14,2025-06-23,6.0900,10389500
U14,2025-06-30,6.4800,16937000
U14,2025-07-07,6.6500,9475600
U14,2025-07-14,6.8100,12256800
U14,2025-07-21,7.0000,10518500
U14,2025-07-28,6.9200,8683400
U14,2025-08-04,7.0400,8849400
U14,2025-08-11,7.2700,15863800
U14,2025-08-18,7.3600,11886200
U14,2025-08-25,7.4500,15456800
U14,2025-09-01,7.3700,13584700
U14,2025-09-08,7.8000,17458700
U14,2025-09-15,7.7300,10652600
U14,2025-09-22,7.8300,8676600
U14,2025-09-29,8.0100,9186900
U14,2025-10-06,7.9600,4912800
U14,2025-10-13,7.8700,7792500
U14,2025-10-20,8.2600,5475700
U14,2025-10-27,7.9500,5386500
U14,2025-11-03,8.1300,6085900
U14,2025-11-10,8.6900,10225000
U14,2025-11-17,8.4900,5920200
U14,2025-11-24,8.4200,5926604
U14,2025-12-01,8.6300,5860700
U14,2025-12-08,8.5100,5615800
U14,2025-12-15,8.6800,7183400
U14,2025-12-22,8.7100,2521300
U14,2025-12-29,8.7000,1820800
U14,2026-01-05,9.3500,7164400
U14,2026-01-12,10.0700,10572088
U14,2026-01-19,10.3000,12499900
U14,2026-01-26,10.8400,12801700
U14,2026-02-02,11.0200,7743500
U14,2026-02-09,11.1300,7961100
U14,2026-02-16,11.2200,2485700
U14,2026-02-23,11.2800,11283100
U14,2026-03-02,10.8200,12719300
U14,2026-03-09,10.3000,10194500
U14,2026-03-16,9.9800,16466600
U14,2026-03-23,9.6200,14655600
U14,2026-03-30,9.6600,10124800
U14,2026-04-06,10.0500,7985100
U14,2026-04-13,10.1600,6652700
U14,2026-04-20,10.6700,8664100
U14,2026-04-27,10.6300,5673600
U14,2026-05-04,10.3900,7828629
U14,2026-05-11,10.1500,6720500
U14,2026-05-18,10.3300,6420300
U14,2026-05-25,10.1500,5362200
U14,2026-06-01,10.0100,5318900
U14,2026-06-08,9.9700,4865400
U14,2026-06-15,9.9200,5262300
U14,2026-06-22,9.6000,5911600
U14,2026-06-29,9.6500,6238000
U14,2026-08-03,9.8100,5941500
U14,2026-08-10,9.2800,14554900
U14,2026-08-17,9.5700,10963700
U14,2026-08-24,9.2000,10201000
U96,2023-07-03,5.3100,36736600
U96,2023-07-10,5.3100,26448900
U96,2023-07-17,5.6300,23554700
U96,2023-07-24,5.5500,26058300
U96,2023-07-31,5.6000,23020300
U96,2023-08-07,5.9100,44707600
U96,2023-08-14,5.3800,26894500
U96,2023-08-21,5.3900,30229000
U96,2023-08-28,5.3500,95633600
U96,2023-09-04,5.1200,81967686
U96,2023-09-11,5.2100,27807300
U96,2023-09-18,5.1000,18697300
U96,2023-09-25,5.0900,18061500
U96,2023-10-02,4.9600,31351499
U96,2023-10-09,4.7600,15970400
U96,2023-10-16,4.5800,18198700
U96,2023-10-23,4.6100,14247600
U96,2023-10-30,4.8400,21192400
U96,2023-11-06,5.0500,22286200
U96,2023-11-13,5.0900,10624900
U96,2023-11-20,5.1300,10836500
U96,2023-11-27,5.2000,17718001
U96,2023-12-04,4.9500,22142600
U96,2023-12-11,5.1600,18440800
U96,2024-01-01,5.3100,7854700
U96,2024-01-08,5.4400,13744300
U96,2024-01-15,5.3900,10693900
U96,2024-01-22,5.4300,11241300
U96,2024-01-29,5.8000,22424600
U96,2024-02-05,5.4800,13058500
U96,2024-02-12,5.7600,18034400
U96,2024-02-19,5.2200,37320900
U96,2024-02-26,5.0900,25470200
U96,2024-03-04,5.0700,13433900
U96,2024-03-11,5.0500,25364600
U96,2024-03-18,5.2800,21339200
U96,2024-03-25,5.4000,13442200
U96,2024-04-01,5.5200,14857200
U96,2024-04-08,5.4100,7303800
U96,2024-04-15,5.3200,18075700
U96,2024-04-22,5.4400,12593300
U96,2024-04-29,5.2900,10587300
U96,2024-05-06,5.2900,10715200
U96,2024-05-13,5.2600,9873200
U96,2024-05-20,5.0700,9922000
U96,2024-05-27,5.0900,19385600
U96,2024-06-03,5.0600,9989300
U96,2024-06-10,5.0400,17325100
U96,2024-06-17,5.0500,9724691
U96,2024-06-24,4.8100,21430900
U96,2024-07-01,4.7700,23038500
U96,2024-07-08,4.8000,15514400
U96,2024-07-15,4.6600,16294900
U96,2024-07-22,4.6400,11175200
U96,2024-07-29,4.6200,14510800
U96,2024-08-05,4.7500,25741500
U96,2024-08-12,4.7200,15860400
U96,2024-08-19,4.7500,11420200
U96,2024-08-26,4.9300,22994809
U96,2024-09-02,4.8600,15279200
U96,2024-09-09,5.1600,21088000
U96,2024-09-16,5.4400,18093527
U96,2024-09-23,5.6000,20240300
U96,2024-09-30,5.5700,21655300
U96,2024-10-07,5.5000,18108200
U96,2024-10-14,5.5200,13171300
U96,2024-10-21,5.2700,10969900
U96,2024-10-28,4.9800,14565600
U96,2024-11-04,5.0100,13946300
U96,2024-11-11,5.1200,15643000
U96,2024-11-18,5.2500,15595700
U96,2024-11-25,5.2200,14393090
U96,2024-12-02,5.5800,21130400
U96,2024-12-09,5.5600,10411100
U96,2024-12-16,5.3400,9923000
U96,2024-12-23,5.4500,3585700
U96,2024-12-30,5.5600,5900900
U96,2025-01-06,5.4600,14646100
U96,2025-01-13,5.6300,14306400
U96,2025-01-20,5.5700,11725400
U96,2025-01-27,5.5800,10034900
U96,2025-02-03,5.4200,12879000
U96,2025-02-10,5.4100,15154500
U96,2025-02-17,5.7500,22349782
U96,2025-02-24,6.0900,31183500
U96,2025-03-03,6.3000,26320100
U96,2025-03-10,5.9600,24748400
U96,2025-03-17,6.3600,23411500
U96,2025-03-24,6.3400,14605200
U96,2025-03-31,6.4100,23698300
U96,2025-04-07,6.2100,36814100
U96,2025-04-14,6.3500,12609100
U96,2025-04-21,6.4500,14247100
U96,2025-04-28,6.6000,14439800
U96,2025-05-05,6.5900,14671100
U96,2025-05-12,6.6100,14490600
U96,2025-05-19,6.5600,13248500
U96,2025-05-26,6.6200,19230700
U96,2025-06-02,6.8500,14697000
U96,2025-06-09,6.8900,9583046
U96,2025-06-16,7.0000,13885600
U96,2025-06-23,6.8300,19125600
U96,2025-06-30,7.1400,15097000
U96,2025-07-07,7.4000,18142100
U96,2025-07-14,7.7600,15388500
U96,2025-07-21,7.7200,9990084
U96,2025-07-28,7.6100,16026200
U96,2025-08-04,6.7200,43339500
U96,2025-08-11,6.1500,72347000
U96,2025-08-18,6.1200,32331400
U96,2025-08-25,6.0700,23808600
U96,2025-09-01,6.1200,21397400
U96,2025-09-08,6.1300,18355900
U96,2025-09-15,6.0800,20862100
U96,2025-09-22,6.0100,16330000
U96,2025-09-29,6.2200,25053700
U96,2025-10-06,6.4100,27375700
U96,2025-10-13,6.2300,20847200
U96,2025-10-20,6.4600,12668700
U96,2025-10-27,6.5300,19153500
U96,2025-11-03,6.3500,30034100
U96,2025-11-10,6.4400,16847206
U96,2025-11-17,6.0800,27471600
U96,2025-11-24,6.1300,19364900
U96,2025-12-01,5.9900,29405800
U96,2025-12-08,5.9200,22796200
U96,2025-12-15,5.8500,23232300
U96,2025-12-22,5.9900,8387100
U96,2025-12-29,6.0800,9288400
U96,2026-01-05,5.9900,18027100
U96,2026-01-12,6.1200,22740000
U96,2026-01-19,5.9900,27041000
U96,2026-01-26,6.0300,29504100
U96,2026-02-02,6.0500,16870600
U96,2026-02-09,6.2500,30718300
U96,2026-02-16,6.3200,11526500
U96,2026-02-23,6.1200,39175500
U96,2026-03-02,5.7200,45642362
U96,2026-03-09,5.7700,27761600
U96,2026-03-16,6.1500,38533900
U96,2026-03-23,6.5000,57784900
U96,2026-03-30,6.7500,33363900
U96,2026-04-06,6.8900,28262000
U96,2026-04-13,6.9800,30652400
U96,2026-04-20,6.8100,19812400
U96,2026-04-27,6.6500,15897800
U96,2026-05-04,6.3500,20202700
U96,2026-05-11,6.1300,30581266
U96,2026-05-18,6.2100,16084900
U96,2026-05-25,6.3900,25982900
U96,2026-06-01,6.1300,17721598
U96,2026-06-08,6.1300,19634000
U96,2026-06-15,6.3200,22029900
U96,2026-06-22,6.4600,22191000
U96,2026-06-29,5.9800,38221300
U96,2026-07-06,5.6800,76914685
U96,2026-07-13,5.3600,47230600
U96,2026-07-20,5.2700,38210800
U96,2026-08-10,5.8300,46201600
U96,2026-08-17,6.0400,38719100
U96,2026-08-24,6.0100,34233700
UIBU,2026-03-09,0.8250,172507900
UIBU,2026-03-16,0.8200,106933200
UIBU,2026-03-23,0.8050,86543000
UIBU,2026-03-30,0.8200,45702500
UIBU,2026-04-06,0.8200,22724800
UIBU,2026-04-13,0.8350,14934000
UIBU,2026-04-20,0.8200,19985300
UIBU,2026-04-27,0.8400,35791200
UIBU,2026-05-04,0.8150,28059700
UIBU,2026-05-11,0.8000,34326600
UIBU,2026-05-18,0.7800,57898700
UIBU,2026-05-25,0.7950,41189300
UIBU,2026-06-01,0.7900,19765900
UIBU,2026-06-08,0.7900,20323800
UIBU,2026-06-15,0.8250,26723800
UIBU,2026-06-22,0.8100,17063400
UIBU,2026-06-29,0.8100,29720700
ULG,2025-12-01,1.4400,53778000
ULG,2025-12-08,1.4300,35815900
ULG,2025-12-15,1.4100,3875800
ULG,2025-12-22,1.4100,4165800
ULG,2025-12-29,1.6900,8279100
ULG,2026-01-05,1.6000,19263700
ULG,2026-01-12,1.6400,6849200
ULG,2026-01-19,1.6800,8112900
ULG,2026-01-26,1.6800,9783500
ULG,2026-02-02,1.6600,7113700
ULG,2026-02-09,1.6700,8522600
ULG,2026-02-16,1.7900,7856410
ULG,2026-02-23,1.7000,12038300
ULG,2026-03-02,1.5100,12580000
ULG,2026-03-09,1.5600,11952000
ULG,2026-03-16,1.5800,10201700
ULG,2026-03-23,1.4700,9171600
ULG,2026-03-30,1.4700,10239000
ULG,2026-04-06,1.4400,8589300
ULG,2026-04-13,1.3600,12816700
ULG,2026-04-20,1.4700,14848700
ULG,2026-04-27,1.4600,7689800
ULG,2026-05-04,1.3200,12204300
ULG,2026-05-11,1.2900,9442300
ULG,2026-05-18,1.3400,12055900
ULG,2026-05-25,1.3700,3743100
ULG,2026-06-01,1.4400,6709100
ULG,2026-06-08,1.3900,7216400
ULG,2026-06-15,1.3500,5414000
ULG,2026-06-22,1.2300,9602600
ULG,2026-06-29,1.2700,5451600
ULG,2026-08-17,0.6350,62718200
V03,2023-07-03,14.4900,4589800
V03,2023-07-10,15.1800,5575300
V03,2023-07-17,14.6000,6661900
V03,2023-07-24,14.8100,6253100
V03,2023-07-31,14.3800,7055900
V03,2023-08-07,14.1100,10312600
V03,2023-08-14,13.3000,10291900
V03,2023-08-21,13.1200,10352600
V03,2023-08-28,13.1100,43093919
V03,2023-09-04,12.7500,15070946
V03,2023-09-11,13.1300,7179700
V03,2023-09-18,13.0800,5802000
V03,2023-09-25,12.3700,7022500
V03,2023-10-02,12.3300,5848360
V03,2023-10-09,12.1700,3927200
V03,2023-10-16,11.5900,5355500
V03,2023-10-23,11.5000,4599400
V03,2023-10-30,12.1900,4425700
V03,2023-11-06,12.5500,6214700
V03,2023-11-13,12.7800,3596500
V03,2023-11-20,12.8100,3794400
V03,2023-11-27,13.0200,5632600
V03,2023-12-04,13.3000,4660400
V03,2023-12-11,12.9000,7281300
V03,2024-01-01,13.5700,4790800
V03,2024-01-08,13.7900,3267900
V03,2024-01-15,13.6400,2863700
V03,2024-01-22,13.4800,4203000
V03,2024-01-29,13.8400,6620200
V03,2024-02-05,13.8000,3634400
V03,2024-02-12,13.9900,3092600
V03,2024-02-19,13.7200,4255000
V03,2024-02-26,14.0000,5333000
V03,2024-03-04,14.1100,3742900
V03,2024-03-11,14.0200,2863600
V03,2024-03-18,14.1200,2097700
V03,2024-03-25,14.2700,1423700
V03,2024-04-01,14.3500,1646300
V03,2024-04-08,14.5300,1931700
V03,2024-04-15,14.0500,2503000
V03,2024-04-22,14.1100,3353400
V03,2024-04-29,14.4600,3764500
V03,2024-05-06,14.0000,8142700
V03,2024-05-13,13.9600,4660572
V03,2024-05-20,14.1900,2935800
V03,2024-05-27,14.0200,4006600
V03,2024-06-03,13.9100,2509000
V03,2024-06-10,13.8700,3954200
V03,2024-06-17,14.1700,3191200
V03,2024-06-24,14.2200,2823300
V03,2024-07-01,14.1400,3908300
V03,2024-07-08,14.8600,5223200
V03,2024-07-15,14.8200,2751700
V03,2024-07-22,14.9100,2714800
V03,2024-07-29,15.0300,4092523
V03,2024-08-05,13.8800,6091850
V03,2024-08-12,14.1700,3456200
V03,2024-08-19,14.1600,2325300
V03,2024-08-26,14.0200,3286200
V03,2024-09-02,13.7600,2027400
V03,2024-09-09,13.7700,2441700
V03,2024-09-16,13.9700,3023900
V03,2024-09-23,14.0200,2433080
V03,2024-09-30,13.8800,1552800
V03,2024-10-07,13.6900,2451400
V03,2024-10-14,13.8100,2120500
V03,2024-10-21,13.5800,1898800
V03,2024-10-28,13.3600,2215500
V03,2024-11-04,13.6500,1939000
V03,2024-11-11,12.7900,6863900
V03,2024-11-18,12.9700,3056900
V03,2024-11-25,12.8700,3146735
V03,2024-12-02,13.1800,2575600
V03,2024-12-09,13.0500,3325400
V03,2024-12-16,12.8900,3522600
V03,2024-12-23,13.2000,1741800
V03,2024-12-30,13.1100,1079900
V03,2025-01-06,12.7800,3137000
V03,2025-01-13,12.8100,3286100
V03,2025-01-20,13.0800,2901900
V03,2025-01-27,12.6400,2672400
V03,2025-02-03,12.5600,5589200
V03,2025-02-10,12.8000,2824500
V03,2025-02-17,12.9400,2223000
V03,2025-02-24,12.6000,4892100
V03,2025-03-03,12.5100,2992000
V03,2025-03-10,12.4400,2238500
V03,2025-03-17,12.7300,2875100
V03,2025-03-24,12.3500,4114400
V03,2025-03-31,11.9400,4449400
V03,2025-04-07,10.6900,8154400
V03,2025-04-14,10.9100,3092800
V03,2025-04-21,11.5200,3791800
V03,2025-04-28,11.4600,2524200
V03,2025-05-05,11.0400,3237400
V03,2025-05-12,11.3200,3130900
V03,2025-05-19,10.9800,2670300
V03,2025-05-26,11.0700,2614100
V03,2025-06-02,11.1700,2321200
V03,2025-06-09,11.4600,2108900
V03,2025-06-16,11.1400,2960100
V03,2025-06-23,11.4600,2341100
V03,2025-06-30,11.6600,2555300
V03,2025-07-07,11.9400,2646600
V03,2025-07-14,12.4700,3094200
V03,2025-07-21,12.4800,2709200
V03,2025-07-28,12.6900,4468700
V03,2025-08-04,13.1000,4576500
V03,2025-08-11,13.3000,3328600
V03,2025-08-18,13.4200,2532600
V03,2025-08-25,13.5800,3735300
V03,2025-09-01,13.5800,2555800
V03,2025-09-08,13.7200,2632100
V03,2025-09-15,13.9000,4137900
V03,2025-09-22,13.8000,3373700
V03,2025-09-29,14.2500,3426400
V03,2025-10-06,14.5800,4485100
V03,2025-10-13,14.3500,3571000
V03,2025-10-20,14.9700,3627500
V03,2025-10-27,14.9100,3922300
V03,2025-11-03,15.0000,4445400
V03,2025-11-10,14.5600,3552400
V03,2025-11-17,14.6000,5435800
V03,2025-11-24,14.9400,4073400
V03,2025-12-01,14.9000,3002200
V03,2025-12-08,15.0800,2795600
V03,2025-12-15,14.7700,3469600
V03,2025-12-22,15.1900,1936600
V03,2025-12-29,15.1500,749900
V03,2026-01-05,15.7400,3483200
V03,2026-01-12,16.5500,3454300
V03,2026-01-19,16.5600,2835800
V03,2026-01-26,16.3500,4781300
V03,2026-02-02,16.2600,4125584
V03,2026-02-09,16.4300,3300000
V03,2026-02-16,16.4400,1706800
V03,2026-02-23,15.6300,5827300
V03,2026-03-02,15.4100,5369200
V03,2026-03-09,15.7000,4003100
V03,2026-03-16,15.9500,5174600
V03,2026-03-23,15.6100,4025100
V03,2026-03-30,15.3500,3510600
V03,2026-04-06,15.9500,2860100
V03,2026-04-13,16.3900,3721900
V03,2026-04-20,16.3100,2801800
V03,2026-04-27,16.2000,3047200
V03,2026-05-04,18.2300,12266700
V03,2026-05-11,17.6400,4160900
V03,2026-05-18,17.8300,4112400
V03,2026-05-25,18.0000,3044000
V03,2026-06-01,17.8800,4047800
V03,2026-06-08,17.4500,5902800
V03,2026-06-15,17.1700,5749400
V03,2026-06-22,17.1000,4673300
V03,2026-06-29,17.0600,4112500
V03,2026-07-06,16.9400,5075827
V03,2026-07-13,16.0600,3899900
V03,2026-07-27,15.9900,4914900
V03,2026-08-03,17.1900,5722366
V03,2026-08-10,16.9000,4600200
V03,2026-08-24,16.9700,3727900
VC2,2023-07-03,1.3900,2734300
VC2,2023-07-10,1.4200,3952200
VC2,2023-07-17,1.3900,4353400
VC2,2023-07-24,1.3000,8701000
VC2,2023-07-31,1.3000,4823900
VC2,2023-08-07,1.3100,3084400
VC2,2023-08-14,1.2500,25214200
VC2,2023-08-21,1.2500,10547100
VC2,2023-08-28,1.2500,10560600
VC2,2023-09-04,1.2800,8486400
VC2,2023-09-11,1.0800,42735200
VC2,2023-09-18,1.0900,14018000
VC2,2023-09-25,1.0500,8192700
VC2,2023-10-02,1.0300,6574700
VC2,2023-10-09,1.0300,4608100
VC2,2023-10-16,0.9800,5734400
VC2,2023-10-23,0.9150,23357700
VC2,2023-10-30,1.0500,19975200
VC2,2023-11-06,0.9850,11063100
VC2,2023-11-13,1.0600,6533900
VC2,2023-11-20,1.0300,5591200
VC2,2023-11-27,1.0000,4972900
VC2,2023-12-04,1.0100,3441800
VC2,2023-12-11,1.0100,10029900
VC2,2024-01-01,0.9850,4201900
VC2,2024-01-08,0.9800,2998300
VC2,2024-01-15,0.9350,4654700
VC2,2024-01-22,0.9000,5812300
VC2,2024-01-29,0.9350,3500800
VC2,2024-02-05,0.8800,4159500
VC2,2024-02-12,0.8800,4754500
VC2,2024-02-19,0.9350,17946600
VC2,2024-02-26,0.9800,16798500
VC2,2024-03-04,1.0500,17765900
VC2,2024-03-11,1.0000,12639400
VC2,2024-03-18,1.0400,9317100
VC2,2024-03-25,1.1200,10899400
VC2,2024-04-01,1.1400,15327100
VC2,2024-04-08,1.2000,14065600
VC2,2024-04-15,1.1200,11568300
VC2,2024-04-22,1.2000,9328700
VC2,2024-04-29,1.1700,7257600
VC2,2024-05-06,1.1700,9840900
VC2,2024-05-13,1.1600,8074300
VC2,2024-05-20,1.0800,12664000
VC2,2024-05-27,1.1400,11073700
VC2,2024-06-03,1.1900,6079300
VC2,2024-06-10,1.1500,4637400
VC2,2024-06-17,1.1500,3839300
VC2,2024-06-24,1.1500,3127400
VC2,2024-07-01,1.1300,2787100
VC2,2024-07-08,1.2100,7242000
VC2,2024-07-15,1.1600,7058900
VC2,2024-07-22,1.1500,3161700
VC2,2024-07-29,1.1600,3120400
VC2,2024-08-05,1.1000,6579300
VC2,2024-08-12,1.1400,12999500
VC2,2024-08-19,1.1100,5127900
VC2,2024-08-26,1.1300,4869300
VC2,2024-09-02,1.1200,3395900
VC2,2024-09-09,1.1400,3182300
VC2,2024-09-16,1.1400,5467000
VC2,2024-09-23,1.1300,6068100
VC2,2024-09-30,1.1200,4903800
VC2,2024-10-07,1.0900,5387200
VC2,2024-10-14,1.1100,2918400
VC2,2024-10-21,1.0800,5095300
VC2,2024-10-28,1.2200,15069300
VC2,2024-11-04,1.1600,11675300
VC2,2024-11-11,1.1600,5616200
VC2,2024-11-18,1.1700,5394800
VC2,2024-11-25,1.2400,11445900
VC2,2024-12-02,1.2600,7932200
VC2,2024-12-09,1.1900,9491800
VC2,2024-12-16,1.1900,6347200
VC2,2024-12-23,1.2000,3003000
VC2,2024-12-30,1.2200,6536400
VC2,2025-01-06,1.1200,13290900
VC2,2025-01-13,1.1400,6841700
VC2,2025-01-20,1.1300,8350000
VC2,2025-01-27,1.1600,4133500
VC2,2025-02-03,1.1400,4206200
VC2,2025-02-10,1.1600,4065800
VC2,2025-02-17,1.1300,3293300
VC2,2025-02-24,1.0000,40710900
VC2,2025-03-03,0.9400,15481400
VC2,2025-03-10,0.9350,11731800
VC2,2025-03-17,0.9950,12223900
VC2,2025-03-24,0.9850,5864200
VC2,2025-03-31,0.9350,9861400
VC2,2025-04-07,0.8500,15929200
VC2,2025-04-14,0.9050,9342300
VC2,2025-04-21,0.9650,13611400
VC2,2025-04-28,0.9750,7926800
VC2,2025-05-05,0.9550,7648500
VC2,2025-05-12,0.9450,9479500
VC2,2025-05-19,0.9050,9078900
VC2,2025-05-26,0.9000,14290300
VC2,2025-06-02,0.9250,11295800
VC2,2025-06-09,0.9150,10143900
VC2,2025-06-16,0.9150,24354900
VC2,2025-06-23,0.9450,10981100
VC2,2025-06-30,0.9950,20892400
VC2,2025-07-07,0.9950,16886400
VC2,2025-07-14,1.0300,12546700
VC2,2025-07-21,1.0900,12644600
VC2,2025-07-28,1.0500,6199200
VC2,2025-08-04,1.0600,4202700
VC2,2025-08-11,1.0600,11994500
VC2,2025-08-18,1.0300,5981300
VC2,2025-08-25,1.0100,7058700
VC2,2025-09-01,1.0200,11902600
VC2,2025-09-08,1.0300,11689100
VC2,2025-09-15,1.0100,10928100
VC2,2025-09-22,1.0000,6971700
VC2,2025-09-29,0.9800,13332800
VC2,2025-10-06,0.9850,15055200
VC2,2025-10-13,0.9700,8697900
VC2,2025-10-20,1.0100,13876600
VC2,2025-10-27,0.9800,8466700
VC2,2025-11-03,0.9500,17719300
VC2,2025-11-10,0.9550,15093000
VC2,2025-11-17,0.9300,7978400
VC2,2025-11-24,0.9450,5649700
VC2,2025-12-01,0.9550,5020300
VC2,2025-12-08,0.9550,5494500
VC2,2025-12-15,0.9550,8595400
VC2,2025-12-22,0.9550,2782500
VC2,2025-12-29,0.9500,3914000
VC2,2026-01-05,0.9400,8486000
VC2,2026-01-12,0.9150,17622100
VC2,2026-01-19,0.9150,13988100
VC2,2026-01-26,0.8900,21342200
VC2,2026-02-02,0.9450,26946000
VC2,2026-02-09,0.9500,19365500
VC2,2026-02-16,0.9450,9400700
VC2,2026-02-23,0.9150,41094600
VC2,2026-03-02,0.8450,48354700
VC2,2026-03-09,0.8500,23562000
VC2,2026-03-16,0.8700,14269400
VC2,2026-03-23,0.8500,13953300
VC2,2026-03-30,0.8600,9419800
VC2,2026-04-06,0.8650,17338100
VC2,2026-04-13,0.9800,51055400
VC2,2026-04-20,1.0300,81550100
VC2,2026-04-27,1.0200,46369900
VC2,2026-05-04,1.2100,124336700
VC2,2026-05-11,1.2100,41664100
VC2,2026-05-18,1.1900,59693100
VC2,2026-05-25,1.2500,37342100
VC2,2026-06-01,1.2400,37754000
VC2,2026-06-08,1.2800,46689000
VC2,2026-06-15,1.2800,21970700
VC2,2026-06-22,1.2100,20108100
VC2,2026-06-29,1.2200,14415900
VC2,2026-07-20,1.3500,40496700
VC2,2026-07-27,1.4000,49814800
VC2,2026-08-10,1.2000,42798700
XZL,2023-07-03,0.3150,948800
XZL,2023-07-10,0.3400,376000
XZL,2023-07-17,0.3500,503300
XZL,2023-07-24,0.3400,248500
XZL,2023-07-31,0.3500,206400
XZL,2023-08-07,0.3500,657900
XZL,2023-08-14,0.3300,755600
XZL,2023-08-21,0.3250,269400
XZL,2023-08-28,0.3200,166700
XZL,2023-09-04,0.3200,113900
XZL,2023-09-11,0.3050,348500
XZL,2023-09-18,0.2850,157900
XZL,2023-09-25,0.2900,360100
XZL,2023-10-02,0.2700,1102100
XZL,2023-10-09,0.2650,948800
XZL,2023-10-16,0.2400,1002200
XZL,2023-10-23,0.2350,681900
XZL,2023-10-30,0.2450,544800
XZL,2023-11-06,0.2700,1052300
XZL,2023-11-13,0.2650,583000
XZL,2023-11-20,0.2900,1128900
XZL,2023-11-27,0.2900,241900
XZL,2023-12-04,0.2800,551300
XZL,2023-12-11,0.3100,1625300
XZL,2024-01-01,0.3000,218500
XZL,2024-01-08,0.3100,438400
XZL,2024-01-15,0.2900,762900
XZL,2024-01-22,0.2900,572800
XZL,2024-01-29,0.2950,639300
XZL,2024-02-05,0.2850,421000
XZL,2024-02-12,0.2650,818100
XZL,2024-02-19,0.2950,2858600
XZL,2024-02-26,0.2800,2852100
XZL,2024-03-04,0.2750,556700
XZL,2024-03-11,0.2750,297600
XZL,2024-03-18,0.2850,229300
XZL,2024-03-25,0.2850,560300
XZL,2024-04-01,0.2850,635700
XZL,2024-04-08,0.2800,224300
XZL,2024-04-15,0.2750,431700
XZL,2024-04-22,0.2800,429500
XZL,2024-04-29,0.2800,109000
XZL,2024-05-06,0.2800,1133400
XZL,2024-05-13,0.2800,395900
XZL,2024-05-20,0.2850,820100
XZL,2024-05-27,0.2750,1748900
XZL,2024-06-03,0.2700,322900
XZL,2024-06-10,0.2900,422000
XZL,2024-06-17,0.2800,326400
XZL,2024-06-24,0.2800,133400
XZL,2024-07-01,0.2850,103700
XZL,2024-07-08,0.2950,111903540
XZL,2024-07-15,0.2750,3233400
XZL,2024-07-22,0.2900,1602400
XZL,2024-07-29,0.2900,16301200
XZL,2024-08-05,0.2350,2359400
XZL,2024-08-12,0.2350,1501900
XZL,2024-08-19,0.2250,964800
XZL,2024-08-26,0.2300,657300
XZL,2024-09-02,0.2350,470300
XZL,2024-09-09,0.2450,315400
XZL,2024-09-16,0.2600,2305000
XZL,2024-09-23,0.2500,872400
XZL,2024-09-30,0.2500,939100
XZL,2024-10-07,0.2500,516500
XZL,2024-10-14,0.2450,291200
XZL,2024-10-21,0.2150,9543000
XZL,2024-10-28,0.2150,743500
XZL,2024-11-04,0.2150,1502300
XZL,2024-11-11,0.1940,2124300
XZL,2024-11-18,0.1860,2274500
XZL,2024-11-25,0.1860,1495000
XZL,2024-12-02,0.2150,1576500
XZL,2024-12-09,0.2100,2024100
XZL,2024-12-16,0.2050,2252600
XZL,2024-12-23,0.1930,397000
XZL,2024-12-30,0.2150,2010600
XZL,2025-01-06,0.2100,3028800
XZL,2025-01-13,0.2150,375600
XZL,2025-01-20,0.2200,85400
XZL,2025-01-27,0.2150,230700
XZL,2025-02-03,0.2200,415500
XZL,2025-02-10,0.2150,177300
XZL,2025-02-17,0.2250,591200
XZL,2025-02-24,0.2150,925000
XZL,2025-03-03,0.2100,975200
XZL,2025-03-10,0.2050,645300
XZL,2025-03-17,0.2150,1194600
XZL,2025-03-24,0.2100,950200
XZL,2025-03-31,0.2100,1389000
XZL,2025-04-07,0.1940,2716300
XZL,2025-04-14,0.2000,1314600
XZL,2025-04-21,0.2000,635700
XZL,2025-04-28,0.2050,895300
XZL,2025-05-05,0.2050,952500
XZL,2025-05-12,0.2250,1886300
XZL,2025-05-19,0.2400,1282000
XZL,2025-05-26,0.2900,10917900
XZL,2025-06-02,0.3100,12486500
XZL,2025-06-09,0.2950,13456400
XZL,2025-06-16,0.2950,6792900
XZL,2025-06-23,0.2700,5798000
Y3D,2025-06-30,0.0640,104942500
Y3D,2025-07-07,0.0680,55879600
Y3D,2025-07-14,0.0730,57070800
Y3D,2025-07-21,0.0860,44562700
Y3D,2025-07-28,0.0810,21707100
Y3D,2025-08-04,0.0790,17191500
Y3D,2025-08-11,0.0770,10157600
Y3D,2025-08-18,0.0750,11352100
Y3D,2025-08-25,0.0730,5065100
Y3D,2025-09-01,0.0730,9323800
Y3D,2025-09-08,0.0710,5590700
Y3D,2025-09-15,0.0720,3501800
Y3D,2025-09-22,0.0710,5750500
Y3D,2025-09-29,0.0700,2809000
Y3D,2025-10-06,0.0700,1600700
Y3D,2025-10-13,0.0640,545000
Y3D,2025-10-20,0.0640,601300
Y3D,2025-10-27,0.0660,305500
Y3D,2025-11-03,0.0600,581700
Y3D,2025-11-10,0.0540,711300
Y3D,2025-11-17,0.0540,636400
Y3D,2025-11-24,0.0520,184800
Y3D,2025-12-01,0.0570,1048300
Y3D,2025-12-08,0.0590,226800
Y3D,2025-12-15,0.0620,136700
Y3D,2025-12-22,0.0560,107300
Y3D,2025-12-29,0.0590,270000
Y3D,2026-01-05,0.0650,1408400
Y3D,2026-01-12,0.0640,423000
Y3D,2026-01-19,0.0660,765700
Y3D,2026-01-26,0.0700,5511300
Y3D,2026-02-02,0.0670,1204800
Y3D,2026-02-09,0.0660,1465700
Y3D,2026-02-16,0.0650,205300
Y3D,2026-02-23,0.0610,1405200
Y3D,2026-03-02,0.0550,401400
Y3D,2026-03-09,0.0620,223800
Y3D,2026-03-16,0.0570,1815900
Y3D,2026-03-23,0.0540,1833300
Y3D,2026-03-30,0.0530,70100
Y3D,2026-04-06,0.0600,2258400
Y3D,2026-04-13,0.0525,23504747
Y3D,2026-04-20,0.0470,14091214
Y3D,2026-04-27,0.0470,32226900
Y3D,2026-05-04,0.0450,53575400
Y3D,2026-05-11,0.0450,54316100
Y3D,2026-05-18,0.0400,112398100
Y3D,2026-05-25,0.0410,41658000
Y3D,2026-06-01,0.0450,93139800
Y3D,2026-06-08,0.0450,188635000
Y3D,2026-06-15,0.0440,18449900
Y3D,2026-06-22,0.0390,56528200
Y3D,2026-06-29,0.0390,12459500
Y92,2023-07-03,0.5800,123729300
Y92,2023-07-10,0.5850,91573000
Y92,2023-07-17,0.5950,113829300
Y92,2023-07-24,0.5950,121353000
Y92,2023-07-31,0.5950,159564200
Y92,2023-08-07,0.5750,103012000
Y92,2023-08-14,0.5650,61588200
Y92,2023-08-21,0.5700,105813800
Y92,2023-08-28,0.5700,62228700
Y92,2023-09-04,0.5850,102058200
Y92,2023-09-11,0.5850,155894200
Y92,2023-09-18,0.5600,108404900
Y92,2023-09-25,0.5750,110499000
Y92,2023-10-02,0.5400,182430700
Y92,2023-10-09,0.5500,140894000
Y92,2023-10-16,0.5400,108729800
Y92,2023-10-23,0.5350,102325500
Y92,2023-10-30,0.5350,97578900
Y92,2023-11-06,0.5300,61144700
Y92,2023-11-13,0.5250,102511800
Y92,2023-11-20,0.5300,75289900
Y92,2023-11-27,0.5000,122457600
Y92,2023-12-04,0.5000,100287600
Y92,2023-12-11,0.5000,116678000
Y92,2024-01-01,0.5400,159185500
Y92,2024-01-08,0.5350,122109000
Y92,2024-01-15,0.5200,151166700
Y92,2024-01-22,0.5200,105124800
Y92,2024-01-29,0.5250,100037100
Y92,2024-02-05,0.4950,111617100
Y92,2024-02-12,0.5000,178842100
Y92,2024-02-19,0.5200,271521200
Y92,2024-02-26,0.5050,217080000
Y92,2024-03-04,0.5000,136598700
Y92,2024-03-11,0.5000,580590000
Y92,2024-03-18,0.4900,173017800
Y92,2024-03-25,0.4900,97247800
Y92,2024-04-01,0.4850,146080200
Y92,2024-04-08,0.4900,100594300
Y92,2024-04-15,0.4750,140703900
Y92,2024-04-22,0.4750,201080000
Y92,2024-04-29,0.4900,133252800
Y92,2024-05-06,0.4900,123663200
Y92,2024-05-13,0.4950,181196900
Y92,2024-05-20,0.5050,120057500
Y92,2024-05-27,0.4950,76541300
Y92,2024-06-03,0.5100,103601900
Y92,2024-06-10,0.4800,110572000
Y92,2024-06-17,0.4700,116205300
Y92,2024-06-24,0.4500,110862300
Y92,2024-07-01,0.4400,300036700
Y92,2024-07-08,0.4850,183406000
Y92,2024-07-15,0.5050,181889300
Y92,2024-07-22,0.5000,94993100
Y92,2024-07-29,0.5000,165220500
Y92,2024-08-05,0.5000,189128700
Y92,2024-08-12,0.4850,223334800
Y92,2024-08-19,0.5050,120760600
Y92,2024-08-26,0.5300,194277300
Y92,2024-09-02,0.5250,74055200
Y92,2024-09-09,0.5250,97601700
Y92,2024-09-16,0.5250,28944700
Y92,2024-09-23,0.5300,121505400
Y92,2024-09-30,0.5200,156254100
Y92,2024-10-07,0.5200,186461300
Y92,2024-10-14,0.5350,209880300
Y92,2024-10-21,0.5250,116659700
Y92,2024-10-28,0.5000,152082500
Y92,2024-11-04,0.5150,94303800
Y92,2024-11-11,0.5150,73986150
Y92,2024-11-18,0.5250,135133300
Y92,2024-11-25,0.5650,229871900
Y92,2024-12-02,0.5650,212815400
Y92,2024-12-09,0.5650,148484900
Y92,2024-12-16,0.5500,102519300
Y92,2024-12-23,0.5500,48759500
Y92,2024-12-30,0.5700,87324700
Y92,2025-01-06,0.5500,94648100
Y92,2025-01-13,0.5400,70569000
Y92,2025-01-20,0.5400,49046200
Y92,2025-01-27,0.5350,51802300
Y92,2025-02-03,0.5150,106241700
Y92,2025-02-10,0.5000,135105800
Y92,2025-02-17,0.5000,142521900
Y92,2025-02-24,0.5150,151422000
Y92,2025-03-03,0.5150,149563900
Y92,2025-03-10,0.5100,69853700
Y92,2025-03-17,0.5200,46696300
Y92,2025-03-24,0.5100,89238040
Y92,2025-03-31,0.5100,77856500
Y92,2025-04-07,0.4850,132802100
Y92,2025-04-14,0.5000,42816700
Y92,2025-04-21,0.5100,120990700
Y92,2025-04-28,0.5050,89609900
Y92,2025-05-05,0.5150,74149900
Y92,2025-05-12,0.4750,284111800
Y92,2025-05-19,0.4650,220394700
Y92,2025-05-26,0.4700,170915000
Y92,2025-06-02,0.4700,152147500
Y92,2025-06-09,0.4600,220995100
Y92,2025-06-16,0.4450,261968300
Y92,2025-06-23,0.4650,191121100
Y92,2025-06-30,0.4650,110020300
Y92,2025-07-07,0.4700,112456900
Y92,2025-07-14,0.4750,94147600
Y92,2025-07-21,0.4750,149718100
Y92,2025-07-28,0.4650,77703400
Y92,2025-08-04,0.4750,43014900
Y92,2025-08-11,0.4700,44107400
Y92,2025-08-18,0.4650,41194300
Y92,2025-08-25,0.4600,68747100
Y92,2025-09-01,0.4700,66675600
Y92,2025-09-08,0.4650,72837100
Y92,2025-09-15,0.4600,59163900
Y92,2025-09-22,0.4600,52984000
Y92,2025-09-29,0.4800,194128700
Y92,2025-10-06,0.4900,108987800
Y92,2025-10-13,0.4800,88321400
Y92,2025-10-20,0.4950,89007300
Y92,2025-10-27,0.4800,114173400
Y92,2025-11-03,0.4750,59149700
Y92,2025-11-10,0.4750,69732900
Y92,2025-11-17,0.4650,46567600
Y92,2025-11-24,0.4650,67264444
Y92,2025-12-01,0.4650,29938700
Y92,2025-12-08,0.4750,41908700
Y92,2025-12-15,0.4600,60699041
Y92,2025-12-22,0.4600,42241600
Y92,2025-12-29,0.4650,53851744
Y92,2026-01-05,0.4600,59894200
Y92,2026-01-12,0.4600,64096300
Y92,2026-01-19,0.4800,61867200
Y92,2026-01-26,0.4800,104460100
Y92,2026-02-02,0.4650,53385500
Y92,2026-02-09,0.4700,54459600
Y92,2026-02-16,0.4800,30480300
Y92,2026-02-23,0.4600,154399200
Y92,2026-03-02,0.4450,105231200
Y92,2026-03-09,0.4400,74704400
Y92,2026-03-16,0.4350,77279000
Y92,2026-03-23,0.4350,59940800
Y92,2026-03-30,0.4300,47940900
Y92,2026-04-06,0.4300,62786300
Y92,2026-04-13,0.4200,169946400
Y92,2026-04-20,0.4200,147215600
Y92,2026-04-27,0.4200,74433700
Y92,2026-05-04,0.4250,89317600
Y92,2026-05-11,0.4300,82444400
Y92,2026-05-18,0.4600,216416500
Y92,2026-05-25,0.4500,66634200
Y92,2026-06-01,0.4300,82384400
Y92,2026-06-08,0.4300,123482200
Y92,2026-06-15,0.4450,88312800
Y92,2026-06-22,0.4400,107423431
Y92,2026-06-29,0.4400,79030600
Y92,2026-07-27,0.4600,120513900
Y92,2026-08-10,0.4700,90650100
YF8,2023-07-03,0.3400,17013100
YF8,2023-07-10,0.3350,9592700
YF8,2023-07-17,0.3350,29630800
YF8,2023-07-24,0.3250,34470700
YF8,2023-07-31,0.3600,44330600
YF8,2023-08-07,0.3600,31484600
YF8,2023-08-14,0.3550,87360500
YF8,2023-08-21,0.3550,30592000
YF8,2023-08-28,0.3650,22968300
YF8,2023-09-04,0.3650,28261700
YF8,2023-09-11,0.3700,27108200
YF8,2023-09-18,0.3650,37088000
YF8,2023-09-25,0.3600,9252600
YF8,2023-10-02,0.3500,30699000
YF8,2023-10-09,0.3600,24037400
YF8,2023-10-16,0.3400,34267200
YF8,2023-10-23,0.3050,91727700
YF8,2023-10-30,0.3250,51918500
YF8,2023-11-06,0.3250,18381900
YF8,2023-11-13,0.3250,11034000
YF8,2023-11-20,0.3250,12534100
YF8,2023-11-27,0.3150,23385600
YF8,2023-12-04,0.3150,23026200
YF8,2023-12-11,0.3100,18918900
YF8,2024-01-01,0.3200,6895000
YF8,2024-01-08,0.3200,18057900
YF8,2024-01-15,0.3250,35552100
YF8,2024-01-22,0.3200,71562200
YF8,2024-01-29,0.3150,12215300
YF8,2024-02-05,0.3150,8241300
YF8,2024-02-12,0.3300,30369800
YF8,2024-02-19,0.3300,20455900
YF8,2024-02-26,0.3300,48355000
YF8,2024-03-04,0.3250,33121500
YF8,2024-03-11,0.3200,81506800
YF8,2024-03-18,0.3250,16296500
YF8,2024-03-25,0.3200,8485400
YF8,2024-04-01,0.3250,21160800
YF8,2024-04-08,0.3300,20814700
YF8,2024-04-15,0.3250,23604700
YF8,2024-04-22,0.3200,20312200
YF8,2024-04-29,0.3200,9861700
YF8,2024-05-06,0.3250,20859200
YF8,2024-05-13,0.3250,28452600
YF8,2024-05-20,0.3200,16605600
YF8,2024-05-27,0.3250,21455000
YF8,2024-06-03,0.3400,27712100
YF8,2024-06-10,0.3450,85964800
YF8,2024-06-17,0.3500,20832800
YF8,2024-06-24,0.3500,19520700
YF8,2024-07-01,0.3450,7106800
YF8,2024-07-08,0.3500,26667400
YF8,2024-07-15,0.3400,11277100
YF8,2024-07-22,0.3300,23078500
YF8,2024-07-29,0.3400,21203033
YF8,2024-08-05,0.3300,25390900
YF8,2024-08-12,0.3500,44170300
YF8,2024-08-19,0.3450,10908800
YF8,2024-08-26,0.3500,18689200
YF8,2024-09-02,0.3500,6625700
YF8,2024-09-09,0.3400,22719700
YF8,2024-09-16,0.3450,19878000
YF8,2024-09-23,0.3800,80968300
YF8,2024-09-30,0.4050,103110000
YF8,2024-10-07,0.4000,137555800
YF8,2024-10-14,0.4150,67086200
YF8,2024-10-21,0.4050,17680200
YF8,2024-10-28,0.3950,28976300
YF8,2024-11-04,0.4000,43177400
YF8,2024-11-11,0.4000,28556500
YF8,2024-11-18,0.4000,31717300
YF8,2024-11-25,0.4000,32854500
YF8,2024-12-02,0.4000,68432500
YF8,2024-12-09,0.4000,30928100
YF8,2024-12-16,0.3950,11078300
YF8,2024-12-23,0.4100,23913000
YF8,2024-12-30,0.4100,36052100
YF8,2025-01-06,0.4150,29073900
YF8,2025-01-13,0.4200,14121600
YF8,2025-01-20,0.4500,79833400
YF8,2025-01-27,0.4750,54538000
YF8,2025-02-03,0.4750,53163600
YF8,2025-02-10,0.5300,185593700
YF8,2025-02-17,0.5650,185577300
YF8,2025-02-24,0.5950,287766400
YF8,2025-03-03,0.6450,191431600
YF8,2025-03-10,0.6600,188030400
YF8,2025-03-17,0.7250,193745700
YF8,2025-03-24,0.7950,259794800
YF8,2025-03-31,0.7600,254918300
YF8,2025-04-07,0.6800,254233000
YF8,2025-04-14,0.6900,65066900
YF8,2025-04-21,0.7000,66257100
YF8,2025-04-28,0.7150,57027100
YF8,2025-05-05,0.7000,40781200
YF8,2025-05-12,0.7600,72735000
YF8,2025-05-19,0.7100,84572200
YF8,2025-05-26,0.7250,22510500
YF8,2025-06-02,0.7300,40194600
YF8,2025-06-09,0.7200,44948200
YF8,2025-06-16,0.7000,67221100
YF8,2025-06-23,0.7300,27384500
YF8,2025-06-30,0.8950,119152500
YF8,2025-07-07,0.8750,56530600
YF8,2025-07-14,0.9050,52874400
YF8,2025-07-21,0.9400,64831000
YF8,2025-07-28,0.9450,53355800
YF8,2025-08-04,0.9700,59118700
YF8,2025-08-11,1.0600,101583300
YF8,2025-08-18,1.0300,62902300
YF8,2025-08-25,1.0500,51905100
YF8,2025-09-01,1.0500,77366300
YF8,2025-09-08,1.1600,144352800
YF8,2025-09-15,1.2000,118039900
YF8,2025-09-22,1.1800,93475200
YF8,2025-09-29,1.2100,102264400
YF8,2025-10-06,1.1600,49895200
YF8,2025-10-13,1.0400,76536900
YF8,2025-10-20,1.0600,42182300
YF8,2025-10-27,1.0600,45623100
YF8,2025-11-03,1.0600,62265900
YF8,2025-11-10,0.5150,136124200
YF8,2025-11-17,0.4850,102006700
YF8,2025-11-24,0.4700,47870100
YF8,2025-12-01,0.4500,66270200
YF8,2025-12-08,0.4400,79450100
YF8,2025-12-15,0.4200,97573100
YF8,2025-12-22,0.4100,49455800
YF8,2025-12-29,0.3950,66948300
YF8,2026-01-05,0.3750,136977400
YF8,2026-01-12,0.3800,151250100
YF8,2026-01-19,0.3550,99518300
YF8,2026-01-26,0.3550,141584700
YF8,2026-02-02,0.3350,121695500
YF8,2026-02-09,0.3300,99124800
YF8,2026-02-16,0.3500,54976200
YF8,2026-02-23,0.3100,167990400
YF8,2026-03-02,0.2650,129797600
YF8,2026-03-09,0.2600,83328200
YF8,2026-03-16,0.2450,86358700
YF8,2026-03-23,0.2500,42327200
YF8,2026-03-30,0.2500,48021300
YF8,2026-04-06,0.2650,45348200
YF8,2026-04-13,0.2800,76438400
YF8,2026-04-20,0.2700,53922100
YF8,2026-04-27,0.2600,32805600
YF8,2026-05-04,0.2500,70988700
YF8,2026-05-11,0.2450,47688300
YF8,2026-05-18,0.2450,20937300
YF8,2026-05-25,0.2400,25534900
YF8,2026-06-01,0.2400,17496501
YF8,2026-06-08,0.2250,45031300
YF8,2026-06-15,0.2200,42467100
YF8,2026-06-22,0.2150,38909131
YF8,2026-06-29,0.2100,23417600
Z25,2023-07-03,0.7600,4954600
Z25,2023-07-10,0.7650,4074200
Z25,2023-07-17,0.7500,4694300
Z25,2023-07-24,0.7900,7136300
Z25,2023-07-31,0.7850,6109800
Z25,2023-08-07,0.7500,1666600
Z25,2023-08-14,0.6750,11725300
Z25,2023-08-21,0.6550,7755500
Z25,2023-08-28,0.6750,8667100
Z25,2023-09-04,0.6650,6454200
Z25,2023-09-11,0.7150,7196089
Z25,2023-09-18,0.6800,2838500
Z25,2023-09-25,0.6600,3013300
Z25,2023-10-02,0.6400,4658400
Z25,2023-10-09,0.6350,4137900
Z25,2023-10-16,0.5800,3931000
Z25,2023-10-23,0.5600,6774100
Z25,2023-10-30,0.5750,6908000
Z25,2023-11-06,0.5700,7310800
Z25,2023-11-13,0.5950,3757717
Z25,2023-11-20,0.6050,6595800
Z25,2023-11-27,0.5350,9333600
Z25,2023-12-04,0.5100,10242400
Z25,2023-12-11,0.5300,16461530
Z25,2024-01-01,0.5550,5719800
Z25,2024-01-08,0.5200,17239000
Z25,2024-01-15,0.4950,15122100
Z25,2024-01-22,0.5050,9846900
Z25,2024-01-29,0.4900,9637700
Z25,2024-02-05,0.5000,7265800
Z25,2024-02-12,0.5050,8410000
Z25,2024-02-19,0.5050,6804900
Z25,2024-02-26,0.4600,10652340
Z25,2024-03-04,0.4750,13468100
Z25,2024-03-11,0.4600,10768000
Z25,2024-03-18,0.4800,6638100
Z25,2024-03-25,0.4850,4799200
Z25,2024-04-01,0.4650,4479100
Z25,2024-04-08,0.4450,6828100
Z25,2024-04-15,0.4000,9079800
Z25,2024-04-22,0.4250,10099700
Z25,2024-04-29,0.4550,10813900
Z25,2024-05-06,0.4300,8111900
Z25,2024-05-13,0.4950,26944900
Z25,2024-05-20,0.4800,16264400
Z25,2024-05-27,0.4600,13253100
Z25,2024-06-03,0.4550,12348800
Z25,2024-06-10,0.4550,11210700
Z25,2024-06-17,0.4500,10942500
Z25,2024-06-24,0.4400,13163700
Z25,2024-07-01,0.4300,6496800
Z25,2024-07-08,0.4550,9419600
Z25,2024-07-15,0.4400,3665300
Z25,2024-07-22,0.4550,4103700
Z25,2024-07-29,0.4350,4030800
Z25,2024-08-05,0.4250,4478300
Z25,2024-08-12,0.4300,1645600
Z25,2024-08-19,0.4250,2839600
Z25,2024-08-26,0.4150,6109700
Z25,2024-09-02,0.4050,4927600
Z25,2024-09-09,0.3950,10123100
Z25,2024-09-16,0.3950,19166322
Z25,2024-09-23,0.5100,55269100
Z25,2024-09-30,0.7550,156101500
Z25,2024-10-07,0.7100,114617900
Z25,2024-10-14,0.6750,93403800
Z25,2024-10-21,0.6450,30113200
Z25,2024-10-28,0.7000,38171500
Z25,2024-11-04,0.7400,59522900
Z25,2024-11-11,0.6950,53091200
Z25,2024-11-18,0.6850,29112200
Z25,2024-11-25,0.6450,33282700
Z25,2024-12-02,0.7000,29653300
Z25,2024-12-09,0.6950,26037000
Z25,2024-12-16,0.6550,19719500
Z25,2024-12-23,0.6450,12468200
Z25,2024-12-30,0.6650,13273900
Z25,2025-01-06,0.5900,29197500
Z25,2025-01-13,0.5800,18326800
Z25,2025-01-20,0.5650,29196100
Z25,2025-01-27,0.5700,9597100
Z25,2025-02-03,0.5950,19217600
Z25,2025-02-10,0.6150,16307300
Z25,2025-02-17,0.5950,15629100
Z25,2025-02-24,0.5450,26556200
Z25,2025-03-03,0.4650,31289100
Z25,2025-03-10,0.5000,20977200
Z25,2025-03-17,0.5000,28671700
Z25,2025-03-24,0.5000,17545100
Z25,2025-03-31,0.4450,17785600
Z25,2025-04-07,0.4150,28077500
Z25,2025-04-14,0.4500,14030900
Z25,2025-04-21,0.4700,17236800
Z25,2025-04-28,0.4650,8139100
Z25,2025-05-05,0.4750,26296600
Z25,2025-05-12,0.4950,18144400
Z25,2025-05-19,0.4550,15369100
Z25,2025-05-26,0.4600,8354800
Z25,2025-06-02,0.4900,13123700
Z25,2025-06-09,0.4900,11996900
Z25,2025-06-16,0.4850,12214100
Z25,2025-06-23,0.5100,9497400
Z59,2023-07-03,0.0910,1421300
Z59,2023-07-10,0.0910,2234300
Z59,2023-07-17,0.0920,1984600
Z59,2023-07-24,0.0990,9432800
Z59,2023-07-31,0.1060,25300300
Z59,2023-08-07,0.1010,7147900
Z59,2023-08-14,0.0910,12884700
Z59,2023-08-21,0.0890,19157100
Z59,2023-08-28,0.0870,9115400
Z59,2023-09-04,0.0820,22535100
Z59,2023-09-11,0.0820,21572000
Z59,2023-09-18,0.0820,10123100
Z59,2023-09-25,0.0870,9651600
Z59,2023-10-02,0.0850,6590700
Z59,2023-10-09,0.0820,5898400
Z59,2023-10-16,0.0790,8814700
Z59,2023-10-23,0.0750,6581300
Z59,2023-10-30,0.0770,12232500
Z59,2023-11-06,0.0790,20198900
Z59,2023-11-13,0.0780,6930200
Z59,2023-11-20,0.0750,14609700
Z59,2023-11-27,0.0680,17919300
Z59,2023-12-04,0.0710,17951400
Z59,2023-12-11,0.0700,18132400
Z59,2024-01-01,0.0750,38470500
Z59,2024-01-08,0.0720,20665500
Z59,2024-01-15,0.0670,19828200
Z59,2024-01-22,0.0660,15659600
Z59,2024-01-29,0.0590,17458700
Z59,2024-02-05,0.0510,34147600
Z59,2024-02-12,0.0460,51971700
Z59,2024-02-19,0.0460,48172319
Z59,2024-02-26,0.0450,27575200
Z59,2024-03-04,0.0490,48856100
Z59,2024-03-11,0.0450,83701900
Z59,2024-03-18,0.0420,38403300
Z59,2024-03-25,0.0440,11039900
Z59,2024-04-01,0.0430,22321600
Z59,2024-04-08,0.0430,36058800
Z59,2024-04-15,0.0390,24447400
Z59,2024-04-22,0.0460,29989400
Z59,2024-04-29,0.0550,116536300
Z59,2024-05-06,0.0560,65630300
Z59,2024-05-13,0.0640,97081200
Z59,2024-05-20,0.0670,74428200
Z59,2024-05-27,0.0850,220329300
Z59,2024-06-03,0.0850,144205900
Z59,2024-06-10,0.1030,373783900
Z59,2024-06-17,0.1150,200795000
Z59,2024-06-24,0.1230,226615100
Z59,2024-07-01,0.1540,454662400
Z59,2024-07-08,0.1290,422408200
Z59,2024-07-15,0.1250,252143400
Z59,2024-07-22,0.1290,199820600
Z59,2024-07-29,0.1110,146354400
Z59,2024-08-05,0.0990,102781600
Z59,2024-08-12,0.1010,93301500
Z59,2024-08-19,0.1030,149652900
Z59,2024-08-26,0.1020,76733600
Z59,2024-09-02,0.0890,78760400
Z59,2024-09-09,0.0990,135366300
Z59,2024-09-16,0.0970,107773800
Z59,2024-09-23,0.0920,95716700
Z59,2024-09-30,0.0930,98026600
Z59,2024-10-07,0.0850,100065000
Z59,2024-10-14,0.0840,63692000
Z59,2024-10-21,0.0850,51599200
Z59,2024-10-28,0.0810,42333500
Z59,2024-11-04,0.0790,42972500
Z59,2024-11-11,0.0640,52639500
Z59,2024-11-18,0.0650,56372900
Z59,2024-11-25,0.0640,30192900
Z59,2024-12-02,0.0830,124853500
Z59,2024-12-09,0.0770,63844700
Z59,2024-12-16,0.0740,64772400
Z59,2024-12-23,0.0720,30788000
Z59,2024-12-30,0.0810,83162100
Z59,2025-01-06,0.0770,77580400
Z59,2025-01-13,0.0790,64186800
Z59,2025-01-20,0.0740,41904500
Z59,2025-01-27,0.0750,22664700
Z59,2025-02-03,0.0750,38476400
Z59,2025-02-10,0.0940,200339400
Z59,2025-02-17,0.0810,142164900
Z59,2025-02-24,0.0750,74923900
Z59,2025-03-03,0.0790,78448100
Z59,2025-03-10,0.0790,35930400
Z59,2025-03-17,0.0800,67925300
Z59,2025-03-24,0.0770,32381800
Z59,2025-03-31,0.0680,43836700
Z59,2025-04-07,0.0630,47696400
Z59,2025-04-14,0.0670,24951900
Z59,2025-04-21,0.0720,43853500
Z59,2025-04-28,0.0700,23615900
Z59,2025-05-05,0.0760,52690800
Z59,2025-05-12,0.0810,41324800
Z59,2025-05-19,0.0800,26842700
Z59,2025-05-26,0.0870,69665800
Z59,2025-06-02,0.0860,40558500
Z59,2025-06-09,0.0890,85036700
Z59,2025-06-16,0.0830,39175100
Z59,2025-06-23,0.0880,45276700
Z74,2023-07-03,2.4800,80682300
Z74,2023-07-10,2.5800,79038900
Z74,2023-07-17,2.6000,64383100
Z74,2023-07-24,2.6600,106518100
Z74,2023-07-31,2.4400,149990600
Z74,2023-08-07,2.4400,49413300
Z74,2023-08-14,2.3400,112837500
Z74,2023-08-21,2.3400,118939600
Z74,2023-08-28,2.3800,79314600
Z74,2023-09-04,2.3200,60484100
Z74,2023-09-11,2.4000,84261996
Z74,2023-09-18,2.4300,107812200
Z74,2023-09-25,2.4200,74262354
Z74,2023-10-02,2.3800,95937100
Z74,2023-10-09,2.3800,73943600
Z74,2023-10-16,2.3300,69417100
Z74,2023-10-23,2.3500,96642300
Z74,2023-10-30,2.4500,81027800
Z74,2023-11-06,2.3600,162914300
Z74,2023-11-13,2.3300,89834600
Z74,2023-11-20,2.2600,167752200
Z74,2023-11-27,2.3000,111482600
Z74,2023-12-04,2.3400,89238000
Z74,2023-12-11,2.4000,138418282
Z74,2024-01-01,2.3500,126682100
Z74,2024-01-08,2.4100,98347800
Z74,2024-01-15,2.4000,96941170
Z74,2024-01-22,2.4000,101321900
Z74,2024-01-29,2.4400,141513000
Z74,2024-02-05,2.3400,146775800
Z74,2024-02-12,2.3800,129757300
Z74,2024-02-19,2.3700,88714652
Z74,2024-02-26,2.3400,142708148
Z74,2024-03-04,2.3800,124194600
Z74,2024-03-11,2.4800,261330983
Z74,2024-03-18,2.5300,141935100
Z74,2024-03-25,2.5300,110532500
Z74,2024-04-01,2.4000,198510495
Z74,2024-04-08,2.3700,127511672
Z74,2024-04-15,2.3500,195780400
Z74,2024-04-22,2.4100,139734100
Z74,2024-04-29,2.3800,178651500
Z74,2024-05-06,2.4000,103545300
Z74,2024-05-13,2.4200,121549800
Z74,2024-05-20,2.4200,137515500
Z74,2024-05-27,2.4800,210241500
Z74,2024-06-03,2.5200,187874806
Z74,2024-06-10,2.5500,150177728
Z74,2024-06-17,2.6400,146944200
Z74,2024-06-24,2.7500,236105700
Z74,2024-07-01,2.8500,231775600
Z74,2024-07-08,2.9500,185133100
Z74,2024-07-15,3.0200,240106500
Z74,2024-07-22,3.0400,190291800
Z74,2024-07-29,2.9500,168546000
Z74,2024-08-05,2.9200,198482300
Z74,2024-08-12,2.9800,214112456
Z74,2024-08-19,2.9400,127736000
Z74,2024-08-26,3.1300,342934051
Z74,2024-09-02,3.1300,208240992
Z74,2024-09-09,3.2700,282732200
Z74,2024-09-16,3.4000,191138400
Z74,2024-09-23,3.2100,244485676
Z74,2024-09-30,3.1900,135057000
Z74,2024-10-07,3.1500,140011000
Z74,2024-10-14,3.2600,135359900
Z74,2024-10-21,3.2100,84091837
Z74,2024-10-28,3.1000,116319800
Z74,2024-11-04,3.2500,118495150
Z74,2024-11-11,3.1600,122646800
Z74,2024-11-18,3.0600,127091961
Z74,2024-11-25,3.1000,144137769
Z74,2024-12-02,3.0300,111842500
Z74,2024-12-09,3.1400,109275400
Z74,2024-12-16,3.1200,99596700
Z74,2024-12-23,3.1000,26663800
Z74,2024-12-30,3.0900,32877200
Z74,2025-01-06,3.0700,60048100
Z74,2025-01-13,3.1400,76162200
Z74,2025-01-20,3.2000,90177000
Z74,2025-01-27,3.3300,111487700
Z74,2025-02-03,3.2800,125743295
Z74,2025-02-10,3.3600,138547500
Z74,2025-02-17,3.2800,135032000
Z74,2025-02-24,3.4000,137044945
Z74,2025-03-03,3.4200,154812685
Z74,2025-03-10,3.3200,101033632
Z74,2025-03-17,3.4200,156377600
Z74,2025-03-24,3.4300,93366000
Z74,2025-03-31,3.5300,218366737
Z74,2025-04-07,3.5000,386247900
Z74,2025-04-14,3.7500,176473900
Z74,2025-04-21,3.7600,148692700
Z74,2025-04-28,3.8000,106483000
Z74,2025-05-05,3.9000,123810500
Z74,2025-05-12,3.8000,126929253
Z74,2025-05-19,3.8800,157804600
Z74,2025-05-26,3.8100,105293231
Z74,2025-06-02,3.9000,122399000
Z74,2025-06-09,3.9500,99318900
Z74,2025-06-16,3.8600,108251500
Z74,2025-06-23,3.8400,163455860
Z74,2025-06-30,3.8600,94996608
Z74,2025-07-07,4.0800,124282700
Z74,2025-07-14,4.1700,107292600
Z74,2025-07-21,4.0900,85873316
Z74,2025-07-28,3.9000,105259400
Z74,2025-08-04,3.9800,66839200
Z74,2025-08-11,4.1000,109509200
Z74,2025-08-18,4.2000,129893600
Z74,2025-08-25,4.3100,134818670
Z74,2025-09-01,4.3900,87334600
Z74,2025-09-08,4.3400,98207400
Z74,2025-09-15,4.4100,145305007
Z74,2025-09-22,4.2600,177355072
Z74,2025-09-29,4.2500,195663800
Z74,2025-10-06,4.2600,91530200
Z74,2025-10-13,4.2100,84076032
Z74,2025-10-20,4.3100,68373300
Z74,2025-10-27,4.2500,84296570
Z74,2025-11-03,4.6300,184721300
Z74,2025-11-10,4.8600,135290516
Z74,2025-11-17,4.7400,118536700
Z74,2025-11-24,4.7300,107026368
Z74,2025-12-01,4.5800,106267760
Z74,2025-12-08,4.6600,93851510
Z74,2025-12-15,4.5400,115484200
Z74,2025-12-22,4.5800,38674137
Z74,2025-12-29,4.5800,30326250
Z74,2026-01-05,4.4600,126300600
Z74,2026-01-12,4.4900,78733300
Z74,2026-01-19,4.4400,90575200
Z74,2026-01-26,4.5900,98823943
Z74,2026-02-02,4.7200,146123092
Z74,2026-02-09,4.9100,123971500
Z74,2026-02-16,5.0400,70152800
Z74,2026-02-23,5.0400,97243600
Z74,2026-03-02,5.0000,142548164
Z74,2026-03-09,4.9600,99590100
Z74,2026-03-16,5.2100,139331600
Z74,2026-03-23,4.9900,105502500
Z74,2026-03-30,4.9900,85512474
Z74,2026-04-06,4.8800,134144708
Z74,2026-04-13,4.8100,200141960
Z74,2026-04-20,4.6300,228032251
Z74,2026-04-27,4.5900,167845458
Z74,2026-05-04,4.6900,207827940
Z74,2026-05-11,4.8200,143390700
Z74,2026-05-18,4.5900,295621616
Z74,2026-05-25,4.3400,275906609
Z74,2026-06-01,4.2900,162510159
Z74,2026-06-08,4.2700,210517300
Z74,2026-06-15,4.3500,165209900
Z74,2026-06-22,4.4300,123551500
Z74,2026-06-29,4.4700,128417300
Z74,2026-07-06,4.4000,120121600
Z74,2026-07-13,4.4400,151434600
Z74,2026-07-20,4.3900,159848400
Z74,2026-07-27,4.4400,201020700
Z74,2026-08-03,4.3000,131238000
Z74,2026-08-10,4.4500,181927159
Z74,2026-08-17,4.4000,87573000
Z74,2026-08-24,4.5200,105612323
